policy,year,quarter,slots,days,slots_per_day
top1,2024,1,91,91,1.0
top1,2024,2,91,91,1.0
top1,2024,3,92,92,1.0
top1,2024,4,89,89,1.0
top1,2025,1,90,90,1.0
top1,2025,2,91,91,1.0
top1,2025,3,92,92,1.0
top1,2025,4,89,89,1.0
top2,2024,1,182,91,2.0
top2,2024,2,182,91,2.0
top2,2024,3,184,92,2.0
top2,2024,4,178,89,2.0
top2,2025,1,180,90,2.0
top2,2025,2,182,91,2.0
top2,2025,3,184,92,2.0
top2,2025,4,178,89,2.0
gate025,2024,1,52,91,0.5714285714285714
gate025,2024,2,120,91,1.3186813186813187
gate025,2024,3,112,92,1.2173913043478262
gate025,2024,4,72,89,0.8089887640449438
gate025,2025,1,94,90,1.0444444444444445
gate025,2025,2,46,91,0.5054945054945055
gate025,2025,3,71,92,0.7717391304347826
gate025,2025,4,51,89,0.5730337078651685
original_count2023,2024,1,55,91,0.6043956043956044
original_count2023,2024,2,122,91,1.3406593406593406
original_count2023,2024,3,114,92,1.2391304347826086
original_count2023,2024,4,75,89,0.8426966292134831
original_count2023,2025,1,97,90,1.0777777777777777
original_count2023,2025,2,50,91,0.5494505494505495
original_count2023,2025,3,76,92,0.8260869565217391
original_count2023,2025,4,53,89,0.5955056179775281
inherited_priority019,2024,1,51,91,0.5604395604395604
inherited_priority019,2024,2,112,91,1.2307692307692308
inherited_priority019,2024,3,102,92,1.108695652173913
inherited_priority019,2024,4,69,89,0.7752808988764045
inherited_priority019,2025,1,95,90,1.0555555555555556
inherited_priority019,2025,2,37,91,0.4065934065934066
inherited_priority019,2025,3,64,92,0.6956521739130435
inherited_priority019,2025,4,42,89,0.47191011235955055
gate025_rise_cool6,2024,1,47,91,0.5164835164835165
gate025_rise_cool6,2024,2,103,91,1.1318681318681318
gate025_rise_cool6,2024,3,95,92,1.0326086956521738
gate025_rise_cool6,2024,4,62,89,0.6966292134831461
gate025_rise_cool6,2025,1,84,90,0.9333333333333333
gate025_rise_cool6,2025,2,29,91,0.31868131868131866
gate025_rise_cool6,2025,3,54,92,0.5869565217391305
gate025_rise_cool6,2025,4,35,89,0.39325842696629215
rolling90_target05,2024,1,52,91,0.5714285714285714
rolling90_target05,2024,2,80,91,0.8791208791208791
rolling90_target05,2024,3,26,92,0.2826086956521739
rolling90_target05,2024,4,35,89,0.39325842696629215
rolling90_target05,2025,1,48,90,0.5333333333333333
rolling90_target05,2025,2,32,91,0.3516483516483517
rolling90_target05,2025,3,51,92,0.5543478260869565
rolling90_target05,2025,4,34,89,0.38202247191011235
early_logit_count,2024,1,73,91,0.8021978021978022
early_logit_count,2024,2,114,91,1.2527472527472527
early_logit_count,2024,3,107,92,1.1630434782608696
early_logit_count,2024,4,103,89,1.1573033707865168
early_logit_count,2025,1,101,90,1.1222222222222222
early_logit_count,2025,2,70,91,0.7692307692307693
early_logit_count,2025,3,91,92,0.9891304347826086
early_logit_count,2025,4,76,89,0.8539325842696629
early_logit_top2,2024,1,182,91,2.0
early_logit_top2,2024,2,182,91,2.0
early_logit_top2,2024,3,184,92,2.0
early_logit_top2,2024,4,178,89,2.0
early_logit_top2,2025,1,180,90,2.0
early_logit_top2,2025,2,182,91,2.0
early_logit_top2,2025,3,184,92,2.0
early_logit_top2,2025,4,178,89,2.0
none,2024,1,0,91,0.0
none,2024,2,0,91,0.0
none,2024,3,0,92,0.0
none,2024,4,0,89,0.0
none,2025,1,0,90,0.0
none,2025,2,0,91,0.0
none,2025,3,0,92,0.0
none,2025,4,0,89,0.0
