panel,DGP,persistence,drift,metric,contrast,mean,MCSE,replications,source,policy,model
a,Narrow boundary,0.0,False,gate_crossings,margin_near minus margin_far,100.0675,2.070667529909996,400.0,results/simulations/replicates.parquet,,
a,Narrow boundary,0.0,True,gate_crossings,margin_near minus margin_far,245.675,3.196202859534771,400.0,results/simulations/replicates.parquet,,
a,Narrow boundary,0.65,False,gate_crossings,margin_near minus margin_far,147.485,7.11567945968144,400.0,results/simulations/replicates.parquet,,
a,Narrow boundary,0.65,True,gate_crossings,margin_near minus margin_far,239.5625,6.0267191400760005,400.0,results/simulations/replicates.parquet,,
a,Narrow boundary,0.9,False,gate_crossings,margin_near minus margin_far,297.6975,14.197246458446793,400.0,results/simulations/replicates.parquet,,
a,Narrow boundary,0.9,True,gate_crossings,margin_near minus margin_far,357.6675,15.05603875915468,400.0,results/simulations/replicates.parquet,,
a,Wide boundary,0.0,False,gate_crossings,margin_near minus margin_far,50.43,0.44714381801044983,400.0,results/simulations/wide_boundary/replicates.parquet,,
a,Wide boundary,0.0,True,gate_crossings,margin_near minus margin_far,76.64,0.5044424202904343,400.0,results/simulations/wide_boundary/replicates.parquet,,
a,Wide boundary,0.65,False,gate_crossings,margin_near minus margin_far,50.25,0.9855058622409499,400.0,results/simulations/wide_boundary/replicates.parquet,,
a,Wide boundary,0.65,True,gate_crossings,margin_near minus margin_far,75.95,1.1061431334049616,400.0,results/simulations/wide_boundary/replicates.parquet,,
a,Wide boundary,0.9,False,gate_crossings,margin_near minus margin_far,47.9,1.8173143863810044,400.0,results/simulations/wide_boundary/replicates.parquet,,
a,Wide boundary,0.9,True,gate_crossings,margin_near minus margin_far,73.9925,2.0485354165249117,400.0,results/simulations/wide_boundary/replicates.parquet,,
b,Narrow boundary,0.0,False,changed_slots,margin_near minus margin_far,23.4575,0.5512987485478049,400.0,results/simulations/replicates.parquet,,
b,Narrow boundary,0.0,True,changed_slots,margin_near minus margin_far,57.5525,0.818232467151452,400.0,results/simulations/replicates.parquet,,
b,Narrow boundary,0.65,False,changed_slots,margin_near minus margin_far,26.7175,1.043463595465916,400.0,results/simulations/replicates.parquet,,
b,Narrow boundary,0.65,True,changed_slots,margin_near minus margin_far,50.455,1.473358204407957,400.0,results/simulations/replicates.parquet,,
b,Narrow boundary,0.9,False,changed_slots,margin_near minus margin_far,35.6875,1.8368102212387416,400.0,results/simulations/replicates.parquet,,
b,Narrow boundary,0.9,True,changed_slots,margin_near minus margin_far,49.6875,2.3284471810764042,400.0,results/simulations/replicates.parquet,,
b,Wide boundary,0.0,False,changed_slots,margin_near minus margin_far,-2.52,0.11857127759147316,400.0,results/simulations/wide_boundary/replicates.parquet,,
b,Wide boundary,0.0,True,changed_slots,margin_near minus margin_far,-10.4,0.23904572186687875,400.0,results/simulations/wide_boundary/replicates.parquet,,
b,Wide boundary,0.65,False,changed_slots,margin_near minus margin_far,-2.71,0.19282817939014338,400.0,results/simulations/wide_boundary/replicates.parquet,,
b,Wide boundary,0.65,True,changed_slots,margin_near minus margin_far,-10.17,0.37760324485670926,400.0,results/simulations/wide_boundary/replicates.parquet,,
b,Wide boundary,0.9,False,changed_slots,margin_near minus margin_far,-2.22,0.27361682224149486,400.0,results/simulations/wide_boundary/replicates.parquet,,
b,Wide boundary,0.9,True,changed_slots,margin_near minus margin_far,-9.225,0.5911828654918273,400.0,results/simulations/wide_boundary/replicates.parquet,,
c,Narrow boundary,0.0,False,N,,240.0,0.0,,results/simulations/summary.csv,Top2,oracle
c,Narrow boundary,0.65,False,N,,240.0,0.0,,results/simulations/summary.csv,Top2,oracle
c,Narrow boundary,0.9,False,N,,240.0,0.0,,results/simulations/summary.csv,Top2,oracle
c,Narrow boundary,0.0,True,N,,240.0,0.0,,results/simulations/summary.csv,Top2,oracle
c,Narrow boundary,0.65,True,N,,240.0,0.0,,results/simulations/summary.csv,Top2,oracle
c,Narrow boundary,0.9,True,N,,240.0,0.0,,results/simulations/summary.csv,Top2,oracle
c,Narrow boundary,0.0,False,N,,62.425,0.4973850794839276,,results/simulations/summary.csv,Gate,oracle
c,Narrow boundary,0.65,False,N,,64.375,0.9864106408494148,,results/simulations/summary.csv,Gate,oracle
c,Narrow boundary,0.9,False,N,,60.665,1.9266549862625173,,results/simulations/summary.csv,Gate,oracle
c,Narrow boundary,0.0,True,N,,104.795,0.512837638643092,,results/simulations/summary.csv,Gate,oracle
c,Narrow boundary,0.65,True,N,,105.695,1.181389707761165,,results/simulations/summary.csv,Gate,oracle
c,Narrow boundary,0.9,True,N,,106.72,2.281538416038539,,results/simulations/summary.csv,Gate,oracle
c,Narrow boundary,0.0,False,N,,62.425,0.4973850794839276,,results/simulations/summary.csv,RiseCooldown,oracle
c,Narrow boundary,0.65,False,N,,64.375,0.9864106408494148,,results/simulations/summary.csv,RiseCooldown,oracle
c,Narrow boundary,0.9,False,N,,60.665,1.9266549862625173,,results/simulations/summary.csv,RiseCooldown,oracle
c,Narrow boundary,0.0,True,N,,104.795,0.512837638643092,,results/simulations/summary.csv,RiseCooldown,oracle
c,Narrow boundary,0.65,True,N,,105.695,1.181389707761165,,results/simulations/summary.csv,RiseCooldown,oracle
c,Narrow boundary,0.9,True,N,,106.72,2.281538416038539,,results/simulations/summary.csv,RiseCooldown,oracle
d,Narrow boundary,0.0,False,C,,2.0125,0.0674888601222564,,results/simulations/summary.csv,Top2,oracle
d,Narrow boundary,0.65,False,C,,0.8725,0.047129208360652,,results/simulations/summary.csv,Top2,oracle
d,Narrow boundary,0.9,False,C,,0.28,0.0265662268873012,,results/simulations/summary.csv,Top2,oracle
d,Narrow boundary,0.0,True,C,,1.6525,0.0645350393449802,,results/simulations/summary.csv,Top2,oracle
d,Narrow boundary,0.65,True,C,,0.9525,0.0485438011136995,,results/simulations/summary.csv,Top2,oracle
d,Narrow boundary,0.9,True,C,,0.3525,0.0282418728744863,,results/simulations/summary.csv,Top2,oracle
d,Narrow boundary,0.0,False,C,,2.005,0.0676304086964667,,results/simulations/summary.csv,Gate,oracle
d,Narrow boundary,0.65,False,C,,0.86,0.0467060342363298,,results/simulations/summary.csv,Gate,oracle
d,Narrow boundary,0.9,False,C,,0.275,0.0264610651698833,,results/simulations/summary.csv,Gate,oracle
d,Narrow boundary,0.0,True,C,,1.6525,0.0645350393449802,,results/simulations/summary.csv,Gate,oracle
d,Narrow boundary,0.65,True,C,,0.94,0.0485736399319692,,results/simulations/summary.csv,Gate,oracle
d,Narrow boundary,0.9,True,C,,0.3475,0.0281752370879537,,results/simulations/summary.csv,Gate,oracle
d,Narrow boundary,0.0,False,C,,7.5425,0.1107979007564226,,results/simulations/summary.csv,RiseCooldown,oracle
d,Narrow boundary,0.65,False,C,,3.405,0.0762691284195295,,results/simulations/summary.csv,RiseCooldown,oracle
d,Narrow boundary,0.9,False,C,,1.0775,0.0485760584922924,,results/simulations/summary.csv,RiseCooldown,oracle
d,Narrow boundary,0.0,True,C,,8.2425,0.1207089931511688,,results/simulations/summary.csv,RiseCooldown,oracle
d,Narrow boundary,0.65,True,C,,4.41,0.0892309104989474,,results/simulations/summary.csv,RiseCooldown,oracle
d,Narrow boundary,0.9,True,C,,1.5075,0.0546105773903487,,results/simulations/summary.csv,RiseCooldown,oracle
