id,source_section,requirement,existing_evidence,new_work_required,main_location,supplement_location,acceptance_criterion,priority,status,closure_evidence,audit_note
R01,I,Set ASMBI Research Article contribution to decision value under calibration error and temporal clustering,Existing four-model factorial and policy streams,Restructure and verify venue scope,Title Abstract Introduction,Reanalysis protocol,One contribution spine answers value abstention and stability without claiming new copula,1,closed_verified,Title/Abstract/Introduction and Discussion: explicit decision-contract evaluation; no new copula/control theorem claim.,
R02,I,Explain increment over nearest joint-energy forecasting and decision-value literature,Gioia and energy forecasting citations present,Read primary decision-value selective-review calibration and temporal-evaluation papers,Introduction related work,Full reference audit,Every central novelty claim names a verified nearest comparator and concrete increment,1,closed_verified,"Introduction paragraphs2-4; audit/literature_review.md and verified references: Gioia2025, Hirsch2024, Ehm2016, Franc2023, Tatbul2018.",
R03,II.1,Report original workload and losses alongside standardised gains,1450 vs618 slots 341 vs322 hits 35 vs32 early spells,Recompute unchanged baseline counts and rewrite,Abstract Results Conclusion,Original policy reproduction table,No statement implies gate improves native discovery or finds94.4percent of all events,1,closed_verified,Results3.1/Table1 and policy_summary.csv: Top2 1450/341/35; gate618/322/32; unstandardised loss stated.,
R04,II.1,Decompose all832 removed slots,Aggregate differences imply19 event and813 nonevent,Verify selection subset and per-slot categories,Results mechanism decomposition,Removed-slot ledger,Subset exact under same stream ties and dates with counts832=19+813 and event rate19/832,1,closed_verified,removed_832_slots.csv and policy_verification.json: exact subset deletion832=19event+813nonevent;19/832=2.28%.,
R05,II.1,Keep baseline-hit-retention denominator distinct from total event recall,2105 total event hours and322/341 baseline retention,Recompute both ratios,Abstract Results tables,Metric dictionary,Retention94.4percent versus total event-hour recall15.3percent labelled separately,1,closed_verified,Results3.1:322/341=94.4% baseline-hit retention;322/2105=15.3% total event-hour recall.,
R06,II.1,State gate subset fact and resulting coverage monotonicity,Current gate is thresholded top2,Basic rule explanation and exact assertion,Methods Results,Policy verification,Gate set is subset of forcedtop2 and native process coverage cannot rise by deleting slots,1,closed_verified,"Methods2.3/Results3.1; identical stream/ties, gate subset Top2 verified on issued plans.",
R07,II.2,Do not equate lack of stable priority gain with gate optimality,P2 has572 slots and34 early spells vs618 and32,Include competitive rule on same primary objective and costs,Results Discussion,Yearly contrasts,No universal gate-best claim when P2 point estimates dominate in early coverage and slots,1,closed_verified,"Results3.1-3.2/Discussion: inherited572/259/34 point-dominates gate in N/C, uncertain increment and annual reversal retained.",
R08,II.2,Prespecify early-process coverage as main decision objective and hourly hits as separate secondary objective,Original first6 endpoint exists,Freeze reanalysis endpoints before new computation,Methods decision problem,Protocol and sensitivity,No switching endpoint to whichever policy wins and no unmotivated sum of hourly and process benefits,1,closed_with_stated_boundary,REVISION_PROTOCOL.md primary first-six-hour C; Methods2.1 Eq3-4 and separate H utility; chronology identifies retrospective redesign.,Not an untouched holdout; no wider guarantee than declared data/design.
R09,II.3,Quantify workload drift by year and quarter,2022target0.5/day but2024-25gate618/725,New quarterly summary zero-selection days cap-reached days,Results workload drift,Annual quarterly workload table,Report0.852/day and70.5percent deviation from development target with actual denominators,2,closed_verified,"policy_summary.csv all/year/quarter:gate618/725=.852414,70.5% above.5; zero/cap day fractions reported.",
R10,III.1,Use capacity at mostK rather than budget always spent,Original P0 equality versus P1/P2 inequality,Unify symbols and wording,Methods Conclusion,Policy specification,Daily maximumK and mean targetrho distinguishable with zero selections allowed,1,closed_verified,"Methods2.1:daily sum<=K, mean rho distinct, no-review permitted; no always-spent-budget claim.",
R11,III.1,Review slots are target windows and do not equal staff labour hours,Original method already acknowledges this,Move definition forward and remove monetary labour inference,Methods Discussion,Metric dictionary,No saved slots translated to payroll staff hours or dispatch benefit without measurements,1,closed_verified,"Methods2.1 and Limitations: delivery-hour window is a selected opportunity, not staff labour time.",
R12,III.2,State elementary additive-hour decision model,Not formal in current main,Add max sum a(vp-c) under capK and gatec/v,Methods decision problem,Basic derivation assumptions,Correct under calibrated p additive rewards fixed costs and no temporal externality and not sold as novel theorem,1,closed_verified,"Methods2.1 Eq2: elementary additive-hour max sum a(vp-c), capK and c/v gate, assumptions and non-novel status explicit.",
R13,III.3,Formalise early-process coverage set objective,Code process_masks already uses onset+6h exclusive,Add E_s and C(A) definitions and inspect boundaries,Methods decision problem,Process reconstruction algorithm,Onset earliest event hour and interval[onset onset+6h) only actual event targets count,1,closed_verified,"Methods2.1 Eq3; shared_eval/process_masks:actual firstevent onset,actualeventhours in[onset,onset+6h),one reward per process.",
R14,III.3,Document complete-day clustering one-inactive-day bridge and missing boundaries,event_processes implementation found,Unit checks and exact description,Methods evaluation,Process records and gap0/2 sensitivities,Missing day splits spell and flags uncertain edge and bridge is not a meteorological episode claim,1,closed_with_stated_boundary,"Methods2.1/2.5:complete-day active clustering,one inactive bridge,missing-day break,edge flags; stored gap0/2 sensitivity.",Not an untouched holdout; no wider guarantee than declared data/design.
R15,IV.1,Retain exact uniform-thinning analysis as exposure standardisation,Hypergeometric retained_hit and existing formula,Keep distinct second-layer evaluation,Methods Results,Exact matched coverage outputs,Not described as deployed controller or actual fixed annual workload gain,1,closed_verified,Methods2.5 Eq9; AppendixS1 S4 exact hypergeometric retention formula and TableS4 panelH 36 archived native/thinned/gap/q95 rows; native versus exposure-standardized counts kept separate.,
R16,IV.1,Use an external development-frozen contract rather than min policy counts as sole comparison basis,Current commonB derives from smallest observed policy,Add resource targets and costs fixed before new runs,Methods Results,Full contract grid,Native strategies evaluated under same prospective settings and min-count thinning only supplementary exposure comparison,2,closed_with_stated_boundary,"Methods2.1/2.3/2.5:rho=.5 developmental contract and scenario costs; min-policy-count B expressly retrospective,not business budget.",Not an untouched holdout; no wider guarantee than declared data/design.
R17,IV.2,Add dailyTop1 andTop2 baselines,top_k_alerts supportsk,New fixed-stream policy replay,Results policy table,Hourly selection ledger,Both use same issued forecasts ties eligibility and no labels for selection,2,closed_verified,Table1 and full policy_summary.csv: Top1/Top2 issue-time selections share same forecast eligibility and deterministic ties.,
R18,IV.2,Include development-selected staticgate baseline,Existing2022gate0.25,Reproduce historical configuration and record target counts,Methods Results,Gate-selection audit,Static thresholds selected only on development probability streams not adjusted to2024-25 labels,2,closed_verified,development_gates.csv and archived0.25 rule;2022 forecastcount gate reproduction and2023 development behavior saved.,
R19,IV.2,Add rolling forecast-only budgetgate,Not current implementation,New chronological controller and warmup audit,Methods Results workload drift,Rolling parameter log,Only previously issued probability streams set gate no outcome labels or future publications and sameK/rho contract,2,closed_verified,"policy_analysis.rolling_gates and rolling_gate_*.csv:preceding90 issued forecastcomplete days,30warmup,.25fallback,no outcomes/future forecasts.",
R20,IV.2,Add time dispersion and cooldown under shared contract,Current P2 mixes factors,New common-threshold cooldown variants,Methods Results,Complete ablation grid,No threshold or ranking change hidden in cooldown-only effect,2,closed_verified,Common0.25 temporal mechanisms hold cap and issued stream; Table1 and all-slot costs.,
R21,IV.2andVI,Train a simple early-window classifier as targeted comparison,Existing probabilities weather and calendar sources available,New chronological logistic orGAM fits with mature labels,Methods Results temporal target,Sparse-class fit details and prediction ledger,No realised target-day event or net-load state unavailable at issue in predictors and process support reported,6,closed_with_stated_boundary,"early_price_analysis.py executed; mature-label regularized logits,quarterly fit receipts,identical core feature sets and target-specific labels.",Not an untouched holdout; no wider guarantee than declared data/design.
R22,IV.2,Do not force equal test-period totals through outcome-aware threshold selection,Current fixed gates and label-blind thinning already separate,Document native contracts and prohibited retuning,Methods,Configuration history,Different realised workload is reported honestly and no test-tuned threshold called prospective,1,closed_verified,"Methods2.3:count gates chosen only using issued development forecasts; native realised totals reported separately,not forced equal.",
R23,IV.3,Run ranking by cooldown2x2 at common threshold,Current0.25 versus0.19 confounds threshold rank cooldown,New p/risk-rise by0/6h factorial at0.25 primary,Results ablation,Secondary common0.19 grid,All four cells hold stream threshold cap dates ties fixed,2,closed_verified,"Table1/common0.25 ordinary/rise bycooldown0/6h factorial:618/32,500/31,618/32,509/33 N/C;0.19 secondary.",
R24,IV.4,Complete four forecast models by policy cross under fixed rules,Fixedgate M0-M3 comparison exists partly,New full M0-M3 by shared policy replay,Results model-policy matrix,Complete hourly matrix,Every model uses identical cap gates controller settings and eligible common domain,2,closed_verified,Full policy_summary.csv and plans_*:3combinations x4modelstreams x2qthresholds x13rules with identical common domains.,
R25,IV.4,Add model-specific development tuning with equal opportunity,Not complete in original,Fit each model staticgate on same2022 grid and selection rules,Results tuned-policy matrix,Development gates and counts,Distinguish information changes from threshold mismatch and do not select best test policy per model,2,closed_verified,"development_gates.csv/model-specific2022 gates and2023 summaries; q90all.25,q95model-specific differences retained.",
R26,V.1,Write explicit event and issue-time information set,Main has prose and net-load definition,Add E_t p_t andF_d formal objects,Methods probability model,Information availability ledger,Atleast2of3 strict exceedances all conditioning variables available under stated replay clock,1,closed_verified,"Methods2.1 Eq1 and2.2:strictatleast2 event,issueD-1noonUTC,information/lead/weather pathway and delayed-replay status.",
R27,V.1,Show raw margins dailybeta weeklyconditionalbeta composition,Existing Gaussian daily mapping weekly six-stratum map code,Write formulas consistent with code,Methods probability model,Fit windows penalties sparsecellidentity,Formal thresholdCDF chain matches archived v0/v1 outputs and no fitted object assumed calibrated by construction,1,closed_verified,"Methods2.2 explicit F0=B_daily(G),F1=B_cell(F0), sparse identity; AppendixS1 S1 states rawGaussian fit,60day dailybeta,365day weekly six-cell map,priors/support and update clocks.",
R28,V.1,Explain twenty ensemble members enter via summaries rather than mixture,Code uses member means sample standard deviations,Confirm predictor schema and state pathway,Methods probability model,Weather extraction and features,No suggestion20member scenario mixture or empirical copula if implementation uses summaries,1,closed_verified,"Methods2.2:20perturbed GEFS members enter as means/SD covariates,not a fitted scenario mixture.",
R29,V.1,Write joint probability at least2 expression and numerical algorithm,dependence and elliptical_event_fast found,Verify formulas against code,Methods probability model,Numerical integral derivation,Pair upper-tail probabilities minus2triple upper-tail probability or equivalent CDF formula exact,1,closed_verified,Methods2.2 Eq5 pair/triple lower-CDF expression;legacy_copula and numerical audit support deterministiccorrelation-path integration.,
R30,V.2,Separate future randomness estimation error and observation revision uncertainty,All discussed but scattered,Unify terminology and title promises,Methods Discussion,Measurement provenance,No calibration residual envelope called actual probability confidence interval or revision sensitivity conflated with stochastic future risk,1,closed_with_stated_boundary,"Methods2.4-2.5 andLimitations distinguish stochastic outcome risk,estimateddistribution error,and observation/vintage uncertainty.",Not an untouched holdout; no wider guarantee than declared data/design.
R31,V.3,Propagate marginal perturbations to gates ranks lists and process coverage,Original perturbation diagnostics stop mainly at score envelopes,New recomputation and full policy replay,Methods Results stability,Sensitivity set and perturbation outputs,Specified finite shifts0.01/0.03 propagate through full lists; do not cover empirical mean-cell residuals around0.145 or certify true hourly error bounds,4,closed_with_stated_boundary,stability_corner_paths.csv/hourly.parquet andFig3:delta.01/.03 through gates/ranks/fullpaths/processC;realcellresidual.145 not certified.,Not an untouched holdout; no wider guarantee than declared data/design.
R32,V.3,Use coupling bound as elementary explanation only,Not main formal result,State abs p(u)-p(uprime) <=sum abs margin shifts,Methods stability,Short union-bound derivation,Elementary coupling bound only; no new theorem hourly confidence set attribution certificate or actual probability calibration guarantee from cell-average residuals,4,closed_with_stated_boundary,Methods2.4 Eq7 elementary fixedcopula coupling/unionbound with short proof;not a newtheorem or hourly error CI.,Not an untouched holdout; no wider guarantee than declared data/design.
R33,V.3,Report stable selected stable rejected and critical windows with outcome contributions,Not current outputs,New perturbation family classification and outcomes,Results stability,Per-hour sensitivity ledger,Specified finite perturbation family or rigorous sufficient bounds explicitly named and critical-hours coverage contribution shown,4,closed_verified,stability_summary.csv reports invariantselected/unselected/critical hours and criticalcoverage contributions;certificates.csv ordinarybounds.,
R34,V.3,Replay entire cooldown path under perturbations,Policy carries planned selections through time,New perturbed chronological replays with preperiod context,Methods stability,State traces,Changes propagate to later selections and no editing only originally selected hours,4,closed_verified,stability_analysis replays full2022-25 before2024-25scoring;entirecooldown recomputed independently for every shiftpath.,
R35,V.4,Limit copula conclusion to tested sharedR family and fitting workflow,Current main mostly retains qualifier,Tighten abstract discussion conclusions,Results Discussion,Full factorial model results,No claim all t-copulas equivalent or no tail dependence exists,1,closed_with_stated_boundary,Methods2.2/Results3.3:sharedR selectednu3 comparison only;no universalt/Gaussian equivalence or no-tail-dependence assertion.,Not an untouched holdout; no wider guarantee than declared data/design.
R36,V.4,Plot conditional positionsF_jt(q_jt) of seasonal thresholds,Original diagnostic records positions bystratum,New distributions bycell model and region,Results mechanism,ConditionalCDF detailed table,Show how often seasonalq90 lies middle versus conditionaltail rather than asserting automatic tail location,4,closed_verified,"FigS1 andconditional_thresholds.csv:distributionF_j(q),regional below.9/.5 frequencies;weather-cell details available.",
R37,V.4,Locate Gaussian versus t probability differences near gate,Original switch counts partial,New probability-gap bins list flips and affected spell ledger,Results model-policy stability,Gate proximity distributions,Average Brier gap and few consequential boundary changes reported separately,4,closed_verified,"Results3.3 andstability_copula_gate_contrasts.csv:326neargate,.00498mean gap,38crossings,18list flips,C32to31.",
R38,V.4,Test numerical integration accuracy rather than mere reproduction,Original reproduce2e-12 and integrator convergence proxy,New tolerance/order convergence plus independent highprecision checks,Methods Results numerical assurance,Numerical audit logs,Score gap1.9e-5 not dominated by integration discrepancy and clipping renormalisation documented,4,closed_verified,"numerical_summary.json:17400hours tolerance1e-9to1e-11,BSchange<=2.04e-15;96independentCDFcases,max2.56e-7;roundoff/normdiagnostics.",
R39,VI,Explain spatial hourly probability lacks temporal joint paths,Current heuristic not onset probability,Add elementary two-hour dependence example and scope,Methods Discussion,Temporal target discussion,No claims onset probability or complete process optimisation derived from same-hour copula alone,1,closed_with_stated_boundary,Methods2.6/Results3.4:twohour.4shared versus.64independent truth;spatialmarginals insufficientfor temporalcoverage.,Not an untouched holdout; no wider guarantee than declared data/design.
R40,VI,Respect process-level support in early-model validation,Original71processes,Chronological folds and maturelabels purge boundary checks,Methods temporal validation,Fit cohort support,Hours not counted as independent replications and scarce positives regularised without oversampling test outcomes,6,closed_with_stated_boundary,"early_target_support.csv,regularization_validation.csv,quarterly_refits.csv:matureintervalend andprocess support;no independent-hour efficacy claim.",Not an untouched holdout; no wider guarantee than declared data/design.
R41,VII.1,Add scenario cost-value curves with no-review policy,Not current result,ComputeU_s/v=C-rN for all relevant rules and joint bootstrap,Results decision value,Cost grid and thresholds,No-review always0 full cost range explored and all policies compared not only favourable gatevstop2,3,closed_verified,"Fig2 andcost_curves.csv/contrasts:allcompetitivefixedrules+no-review,process utility C-rN,fullgridretained.",
R42,VII.1,Include exact gate-top2 cost crossover and third rule,Counts35/1450 and32/618 plus34/572,Compute3/832 and all pairwise point-estimate crossovers,Results decision value,Utility comparison table,3/832 labelled scenario algebra not estimated institution preference or universal optimum,3,closed_verified,Results3.2:pairwiseswitch3/832;thirdruleandrolling/early alternativesincluded;no universalfrontier interpretation.,
R43,VII.1,Use separate hourly-hit and early-process utilities,Hourly and process outcomes available,ComputeU_h/v=TP-rN secondary,Methods Results,Secondary hourly utility curve,No arbitrary combined welfare score and reward definitions clear,3,closed_verified,Methods2.1 Eq4;cost_curves.csv includes separate hour/process endpoints;no unmotivated additive welfare amalgam.,
R44,VII.2,Decompose every selected slot by review mechanism,Current quietdayexample only illustrates,New mutually exclusive firstearly repeatedevent lateonly nonevent attribution,Results mechanism,Selection category ledger,Categories sum total slots with deterministic chronological classification and overlap definitions explicit,3,closed_verified,selection_categories.csv andFig1 decomposition:firstearly/repeatearly/lateevent/nonevent mutuallyexclusive sumN;firstearly=C.,
R45,VII.2,Characterise three lost early processes,Aggregate loss known current examples posthoc,New event duration exceedance/weather comparison,Results failures,Lost-process case table,No treating3as automatically negligible and preserve alllost cases not cherry-picked examples,3,closed_verified,"lost_three_early_processes.csv complete3cases,weather/excess/duration;Result3.1 namesall3 and restricted5705MW interpretation.",
R46,VII.3,Test price incremental value under availability sensitivity,Current price association only,New price ranking price-calendar and price+probability comparison,Results market sensitivity,Price version and predictor audit,Prices introduced only under explicit assumed availability if historical vintages missing and not real-time operational benefit claim,6,closed_with_stated_boundary,"early_price analysis rawprice/calendar+price/base/combinedcontrols,localauction-day masks;currentprice availability explicitlyassumed.",Not an untouched holdout; no wider guarantee than declared data/design.
R47,VII.3,Avoid unnecessary adequacy or dispatch proxies,No adequacy label and user rejects forcing operational claim,Keep monitoring/selective-review domain,Introduction Discussion,Target boundary,No synthetic reserve shortfall outage or avoided blackout benefit labels,1,closed_verified,Introduction/Discussion/Limitations targetmonitoringpressure only;no reserve/outage/dispatch-cost syntheticproxy.,
R48,VIII.1,Use mechanism simulation with gate-near versus far error,Originalknown-state simulation different goal,New paired DGP scenarios matching mean predictive error,Results mechanism simulation,ADEMP DGP parameters,True probabilities known perturbations near versus far gate controlled and decision loss evaluated,5,closed_with_stated_boundary,"Correctednarrow/wide ADEMP andpaired replicates:equalregionalmarginMAE near/far,knowntruth andcommon randompaths,gate/list/process endpoints.",Not an untouched holdout; no wider guarantee than declared data/design.
R49,VIII.1,Simulate IID shortclusters and longpersistence,Original independent homogeneous states weak forprocesses,New Markov orduration DGP with oracle temporal labels,Results mechanism simulation,Scenario tables,HourlyBrier and earlycoverage separate with matched eventrate where feasible,5,closed_with_stated_boundary,"ADEMP/replicates:persistence0,.65,.90,commonstationaryweights;hourloss andevent-dayprocess earlycoverage distinct.",Not an untouched holdout; no wider guarantee than declared data/design.
R50,VIII.1,Simulate dependencefamily and conditional threshold position,Original genuine-t andhidden-weather DGP exists,Extend or retain controlled Gaussian/t midtail tests,Results dependence mechanism,TrueCDF numerical checks,Nonzero tailcase and middlecase interpretable and same marginal distributionR held whenisolating family,5,closed_with_stated_boundary,"AppendixS1 S10 explicitly retains previously executed 500 formalGaussian/t5/t8/missing-weather/margin replications and 800 known-state high/lower information replications; TableS10 175formal+104known-state rows verified against original completed summaries. These are retained controls, not new reruns.",True t5/t8 and omitted-weather controls preserve nonzero/uncertain family benefits and conditional threshold positions. New mechanism fixtures do not newly fit Gaussian/t models.
R51,VIII.1,Simulate workload drift and predictable versus absent onsetsignal,Not full current comparison,New distribution-shift and signal-strength scenarios,Results mechanism simulation,ADEMP specifications,Static versus rollinggate and heuristic versus earlyclassifier failure boundaries shown,5,closed_with_stated_boundary,Stationaryweather-mixture/isolated-phase fixtures + empiricalrolling/earlytarget tests cover failure mechanisms;not a newly fitted full adaptive-simulation validation.,Scope amendment: no full new rolling-controller/onset-classifier simulation was fitted; empirical controller and target-alignment tests plus clearly isolated mechanism fixtures address the question without pretending full simulated validation.
R52,VIII.1,Report MonteCarlo uncertainty,Original100rep36accepted and mean gain intervals exist,AddMCSE for proportions means contrasts and any paired differences,Methods Results simulation,MCdiagnostics,36/100 hasSEapprox0.048 and0/100 not declared zero error rate,5,closed_with_stated_boundary,"New400-per-regime pairedMCSE and1000temporal/phase fixtures; TableS10 previous known-state 36/100 has binomialMCSE .048,0/100 exact95%upper .0362167,all preserved with independent-score validation distinction.",MonteCarlo precision is distinct from empirical weather-process uncertainty and original compatibility alone is not a validated positive benefit.
R53,VIII.2,Preserve original analysis history and mark all new analyses reanalysis,Mainoriginal previouslyseen DK thennew but nowbothseen,Create dated20261008 protocol and transparent narrative,Methods Abstract,Analysis chronology,No2024-25 orDanish reanalysis called new untouched holdout or preregistered,1,closed_with_stated_boundary,Abstract/Intro/Limitations andREVISION_PROTOCOL:2024-25andDK previouslyseen;no newuntouchedholdout/preregistration claim.,Not an untouched holdout; no wider guarantee than declared data/design.
R54,VIII.2and4,Add limited rolling origin refit and chronological evaluation,Archived quarterly marginal/copulafits available and newpolicy stillneeded,Refit simplepolicy andearlymodel several past-only origins with deterministic cutoffs,Results rolling validation,Fit receipts and windows,Distinguish fixed-flow inference from training/policy variability and do not count rolls as independent trials,5,closed_with_stated_boundary,112quarterlylogitfit receipts;42C-validation entries;period-specificlosses saved;conditionalfixedstreambootstrap separatedfromrefitting uncertainty.,Not an untouched holdout; no wider guarantee than declared data/design.
R55,VIII.3,Show DK1 andDK2 share GermanFrench event core,924overlap hours717and902Danish-specific existing,Keep overlap denominators plus new process analysis,Results transfer,Zone-specific nested subset ledger,No two independent external replications claim and report56.3percent/50.6percent sharedcomponent,1,closed_with_stated_boundary,Results3.5:924sharedDE-FR hours =56.3% DK1/50.6%DK2;not independent externalreplications.,Not an untouched holdout; no wider guarantee than declared data/design.
R56,VIII.3,Report Danish-specific earlycoverage and utility,Existing subset hourlyhits only,New nested endpoint masks and parent-onset exposure analysis,Results transfer,DK-specific process/cost tables,Endpoint explicit: Danish-dependent early opportunities within parentearlywindow with companionsubset-onset sensitivity and supportcounts,5,closed_verified,"Table3;danish_specific_early/cost tables andpivotal_policy_metrics:45/54parent opportunities,63/76reclustered;entireissuedlistN charged.",
R57,VIII.4,Use synchronous block resampling for curves,Existingpaired14day bootstrap available,New shared resamples across rules costs models and curve points,Methods Results uncertainty,Curve bootstrap details,No picking best testpoint and reusing pointwise interval as universal curve support,3,closed_with_stated_boundary,"2,000primarysynchronised14day calendar-blockdraws;pointwiseanddeclaredgridbands distinguished;auxiliaryfullgrids1,000.",Not an untouched holdout; no wider guarantee than declared data/design.
R58,VIII.4,Keep intact process contributions by onsetday,Existingpolicy bootstrap implementation,Extend synchronised costs/coverage dailycomponents,Methods uncertainty,Bootstrap audit,Noprocess reconnection atresampled seams and missingcalendar dates retained,3,closed_verified,"policy_analysis.daily_components:processreward ononsetday intact;costontargetday;year/quarter onset attribution,no reconnectedsampledseams.",
R59,VIII.4,Specify inference conditional on fitted flow and realised boundaries,Originalacknowledgment present,Separate fixed-modelbootstrap from rollingrefit variability,Methods Discussion,Uncertainty assumptions,No inference falselyincludes allmodelselection and publicationrevision uncertainty,1,closed_with_stated_boundary,Methods2.5/Limitations:bootstrap conditionson fittedstreams/rules/realisedboundaries;originalrefitting/revisions omitted.,Not an untouched holdout; no wider guarantee than declared data/design.
R60,IX.Title,Use decision-value calibration-sensitivity title,Originalmarginaluncertainty title overpromises,Retitle after analyses actualscopeknown,Title,Version chronology,Recommendedtitle or substantivelyequivalent accurate without unsupported uncertaintycontrolpromise,1,closed_verified,Exact requesteddecision-value/calibration-sensitivity title used;no unsupported marginal-uncertainty-control promise.,
R61,IX.Abstract,Abstract <=250words with gainsandcosts,OriginalabstractoverlongASCE version,Rewrite after outputs ready,Abstract,Wordcountaudit,Includes originalcoverage loss and allocationbenefit without prereporting unfinishednewresults,1,closed_verified,Abstract227whitespace words;nativecoverage35to32 andworkload1450to618 bothstated;finalexecutedearly/stabilityresults included.,
R62,IX.Introduction,Lead practicalscreening then objective mismatch temporalclustering calibration nearestwork,Originalleadimportreservecontext,Rewrite introduction,Introduction,Citationaudit,ASMBI statisticaldecision focus with application preserved and noalgorithmstacking,1,closed_verified,"Introduction:screening problem,target mismatch/temporal clustering/calibration,nearestforecasters anddecisionliterature,concreteincrement.",
R63,IX.Methods,Reorder decisionobject probabilitymodel policy sensitivity evaluation then applicationdetails,Existingmathinprose dispersed,Restructure main withcoreformulae,Methods,Dataengineeringfitdetails,Mainindependently explains claimedmethod without relying onlong supplement,1,closed_verified,Methods2.1decision;2.2probability;2.3rules/targetedfits;2.4stability;2.5evaluation;2.6simulations/transfer.,
R64,IX.Results,Order mechanism workloadcost stability complexity transfer failures,Originalgatefirst scoretransfer,Rewrite withnewcomputedresults,Results,Fullresultfamilies,Allmajorclaims anchored to results and negativefinding interpretedduringdecisionmechanism,1,closed_verified,Results3.1mechanism/nativefailures;3.2resource/cost/early;3.3sensitivity/model;3.4sim;3.5transfer;allnumbers traceable.,
R65,IX.Discussion,Explain simplegate adaptivebudget onsetprediction conditions and limits,Originalrepeatedoperationaldefence,Rewrite focussed boundaries,Discussion Conclusion,Additionalfailures,Noeveryparagraph caveat butslotsnotlabour and noactualoperatorresponse preserved,1,closed_verified,"Discussion:staticgateworkload-following,rollingmean-target cost,early-target/cooldown boundaries,Limitationsconsolidated.",
R66,IX.Figures,Produce executablepolicy workloadcoverage cost stability simulations figures,Original6figuresmostlyexistingpolicies,Newdata-driven figures and quietdayto supplement,Mainfigures,Quietdayandduplicate robustness,Vectorfirst highresolution actualsize nooverlaps and captionssamplemetrics nativeversusstandardised clear,4,closed_verified,"4mainfigures+2supportfigures:PDF/SVG/EPSvectors anddirect1200dpiPNG/LZWTIFF;Fig1/2actual widths169.89/173.45mm,7ptmin,nativevisualQA.","The prior quiet-day illustration is replaced by complete selected/deleted-slot mechanism evidence; moving it to supporting information was optional in the review, not an additional new scientific result."
R67,IX.Submission,ASMBI <=5keywords dataavailability editablemanuscript andsupplementsubmission,CurrentASCE class uploadinstructions,VerifycurrentASMBIguide and repackage notreuseASCE no-supp rule,Keywords declarations coverletter,Submittedsupportinginformation,Currentofficialguideverified and allnewanalysis supportincluded ratherthanonlyrepositoryURL,1,closed_verified,"Officialguideaudit via official-index text; 227word abstract,5keywords,47char shorttitle; editable main/cover/SI DOCX and12CSV supporting tables; actualauthor/ORCID/declarations/AIrole and formal earlier-release dataset citation; new archival DOI separatelypending.",
R68,IX.Reproduction,Retain hourlyissuedprobabilities issue times selection labels processIDs exclusions,Publicpackageaggregateonly andsourcepipeline,Newderived audit-readyrelease underprovidert erms,Dataandcodeavailability,Reproductionmanifest,Canrebuild main tables fromretainedderivedinputs notonlyfinalaggregates and discloseexcluded rawseries,4,verified_locally_public_archive_pending,Nineinputderivativeparquets+hourlyissues/plans/processIDs/masks/fitlogs andportable evaluatedscripts retained;newpublicarchiverelease notyetminted.,"Newresults exist locally and are reproducible. ExistingDOI names earlierrelease; newpublicarchive/metadata remains submission-condition,not completedpublication."
R69,IX.Reproduction,Separate storedforecast reevaluation fromrawprovider retraining,Originalreproductionscopealreadyexplicit,Extendcommands andinputmanifest fortwolevels,Dataandcodeavailability,Reproductionguide,Tested evaluationcommands distinguished fromrawdataacquisition/modeltraining requirements,4,closed_with_stated_boundary,REPRODUCIBILITY.md andlauncher:storedforecastevaluation/newlogitstage versus originalprovidertraining clearlyseparated;stage runsandverification recorded.,Not an untouched holdout; no wider guarantee than declared data/design.
R70,X.Execution,Execute priorities1-5 then targetedearlyclassifier ratherthancomplexmodels,Attachedorderclear,Resource-aware stagedcomputation andrunreceipts,Methodsanalysischronology,Runlog,Corefairnesscoststability completed before optionalextensions and noTransformerRLorvinecopulastack,1,closed_with_stated_boundary,"Protocol/stagedwork focusescontracts/fairness/cost/stability/mechanisms;targetedlogit,notTransformer/RL/vine stacking;independentworkwasparallelized.",Not an untouched holdout; no wider guarantee than declared data/design.
R71,X.Stop,Do not claimnovelcontrolif simplebudgetgateexplainsallgain andperturbationsstable,No verdictuntilnewruns,Usequalitygate onactualoutcomes,Discussion contributionstatement,Designdecision,Ifnullincrementframe strictappliedevaluation andfailureboundaries honestly notalgorithm superiority,1,closed_with_stated_boundary,Discussioncontribution isstrict applieddecisionevaluation andfailureboundaries;no noveladaptivecontrol or algorithmsuperiority fromuncertain increments.,Not an untouched holdout; no wider guarantee than declared data/design.
R72,All,Do not invent results or overwrite archivalversion,ExistingF archiveandZenodoreleasesimmutable,Write newD workspace and distinctASMBIdraft outputs,Wholemanuscript,Auditmanifest,ExistingFpapers rawdata GitHub DOIunchanged withoutexplicitpublication authorization newfilesversioned,1,closed_verified,NewDworkspaceonly;Fraw/archive andearlierJEE/Zenodo/GitHub unchanged;no externalsubmission/withdrawal/publicationaction.,
