family,analysis_role,zone,contrast,display_contrast,estimate,unit,pointwise_ci_low,pointwise_ci_high,raw_centered_bootstrap_p,defined_draws,draws,block_days,existing_CI_exactly_reproduced,resampling_scheme,holm_adjusted_p,holm_reject_0_05
model_q90,q90 finite-family post hoc check,DE_LU_FR_BE,margin_at_G,M1−M0,0.00040731250960975712,Brier difference (candidate minus reference),-0.00035636960112595331,0.0011723793419033469,0.29035482258870565,2000,2000,14,True,synchronous circular elapsed-calendar blocks; original seed 61002 and draw-consumption order,1,False
model_q90,q90 finite-family post hoc check,DE_LU_FR_BE,dependence_at_calibrated,M3−M1,-1.9264896094869921e-05,Brier difference (candidate minus reference),-0.00010049686615260632,6.9007208205833866e-05,0.65767116441779105,2000,2000,14,True,synchronous circular elapsed-calendar blocks; original seed 61002 and draw-consumption order,1,False
model_q95,secondary q95 finite-family post hoc check,DE_LU_FR_BE,margin_at_G,M1−M0,4.6003660853208284e-05,Brier difference (candidate minus reference),-0.00038583567971109764,0.00046435697937358876,0.84007996001998997,2000,2000,14,True,synchronous circular elapsed-calendar blocks; original seed 61002 and draw-consumption order,1,False
model_q95,secondary q95 finite-family post hoc check,DE_LU_FR_BE,dependence_at_calibrated,M3−M1,-4.4809390781837266e-05,Brier difference (candidate minus reference),-0.00010111610069765339,5.122185403141537e-06,0.099950024987506242,2000,2000,14,True,synchronous circular elapsed-calendar blocks; original seed 61002 and draw-consumption order,0.5997001499250374,False
policy_q90,q90 finite-family post hoc check,DE_LU_FR_BE,P1_minus_P0,P1−P0,0.18340570769939307,expected first-six-hour coverage difference (fraction),0.13085968600966091,0.24862118091440977,0.00049975012493753122,2000,2000,14,True,fixed intact processes resampled by onset day with paired year-quarter 14-day calendar blocks; seed 20261016,0.0029985007496251873,True
policy_q90,q90 finite-family post hoc check,DE_LU_FR_BE,P2_minus_P1,P2−P1,0.047138068032010115,expected first-six-hour coverage difference (fraction),-0.047044420869390008,0.19723113081803911,0.51124437781109444,2000,2000,14,True,fixed intact processes resampled by onset day with paired year-quarter 14-day calendar blocks; seed 20261016,1,False
policy_q95,secondary q95 finite-family post hoc check,DE_LU_FR_BE,P1_minus_P0,P1−P0,0.22649268920056231,expected first-six-hour coverage difference (fraction),0.1599598171218537,0.30811608295200466,0.00049975012493753122,2000,2000,14,True,fixed intact processes resampled by onset day with paired year-quarter 14-day calendar blocks; seed 20261016,0.0029985007496251873,True
policy_q95,secondary q95 finite-family post hoc check,DE_LU_FR_BE,P2_minus_P1,P2−P1,0.050763163748060655,expected first-six-hour coverage difference (fraction),-0.10560119060579914,0.1857048434829616,0.49075462268865566,2000,2000,14,True,fixed intact processes resampled by onset day with paired year-quarter 14-day calendar blocks; seed 20261016,1,False
model_q90,q90 finite-family post hoc check,DK1,margin_at_G,M1−M0,-0.00024263536242545569,Brier difference (candidate minus reference),-0.00078565119035811843,0.00028435861967593607,0.3728135932033983,2000,2000,14,True,synchronous circular elapsed-calendar blocks; original seed 61002 and draw-consumption order,1,False
model_q90,q90 finite-family post hoc check,DK1,dependence_at_calibrated,M3−M1,2.2220909198213123e-05,Brier difference (candidate minus reference),-3.6216918670894761e-05,8.2621874364014752e-05,0.447776111944028,2000,2000,14,True,synchronous circular elapsed-calendar blocks; original seed 61002 and draw-consumption order,1,False
model_q95,secondary q95 finite-family post hoc check,DK1,margin_at_G,M1−M0,-0.00021810836050499896,Brier difference (candidate minus reference),-0.00056442169634785672,0.00011763897632473559,0.20939530234882558,2000,2000,14,True,synchronous circular elapsed-calendar blocks; original seed 61002 and draw-consumption order,0.83758120939530234,False
model_q95,secondary q95 finite-family post hoc check,DK1,dependence_at_calibrated,M3−M1,5.2523850224535373e-05,Brier difference (candidate minus reference),-1.3010107456495629e-05,0.00012012955212503807,0.12743628185907047,2000,2000,14,True,synchronous circular elapsed-calendar blocks; original seed 61002 and draw-consumption order,0.63718140929535227,False
policy_q90,q90 finite-family post hoc check,DK1,P1_minus_P0,P1−P0,0.22778101970968059,expected first-six-hour coverage difference (fraction),0.16050300583925858,0.27575549139805283,0.00049975012493753122,2000,2000,14,True,fixed intact processes resampled by onset day with paired year-quarter 14-day calendar blocks; seed 20261016,0.0029985007496251873,True
policy_q90,q90 finite-family post hoc check,DK1,P2_minus_P1,P2−P1,0.03117903748552987,expected first-six-hour coverage difference (fraction),-0.056849016702713043,0.15218042990924971,0.57771114442778615,2000,2000,14,True,fixed intact processes resampled by onset day with paired year-quarter 14-day calendar blocks; seed 20261016,1,False
policy_q95,secondary q95 finite-family post hoc check,DK1,P1_minus_P0,P1−P0,0.22187956632990463,expected first-six-hour coverage difference (fraction),0.10650142016578011,0.27050490658871273,0.00049975012493753122,2000,2000,14,True,fixed intact processes resampled by onset day with paired year-quarter 14-day calendar blocks; seed 20261016,0.0029985007496251873,True
policy_q95,secondary q95 finite-family post hoc check,DK1,P2_minus_P1,P2−P1,0.044579568635315363,expected first-six-hour coverage difference (fraction),-0.077597789499479111,0.20896120618142647,0.5542228885557221,2000,2000,14,True,fixed intact processes resampled by onset day with paired year-quarter 14-day calendar blocks; seed 20261016,1,False
model_q90,q90 finite-family post hoc check,DK2,margin_at_G,M1−M0,-0.0003504438606663704,Brier difference (candidate minus reference),-0.0012225083999077629,0.00047660592186903045,0.40979510244877559,2000,2000,14,True,synchronous circular elapsed-calendar blocks; original seed 61002 and draw-consumption order,1,False
model_q90,q90 finite-family post hoc check,DK2,dependence_at_calibrated,M3−M1,2.4436338493354082e-05,Brier difference (candidate minus reference),-6.5649116036409222e-05,0.00010963778274539409,0.5787106446776612,2000,2000,14,True,synchronous circular elapsed-calendar blocks; original seed 61002 and draw-consumption order,1,False
model_q95,secondary q95 finite-family post hoc check,DK2,margin_at_G,M1−M0,-0.00014580946470073297,Brier difference (candidate minus reference),-0.00075209756138903299,0.00030904784124602164,0.5977011494252874,2000,2000,14,True,synchronous circular elapsed-calendar blocks; original seed 61002 and draw-consumption order,1,False
model_q95,secondary q95 finite-family post hoc check,DK2,dependence_at_calibrated,M3−M1,4.2208484069321262e-05,Brier difference (candidate minus reference),-2.8603607758377615e-05,0.00011022669764739562,0.23138430784607697,2000,2000,14,True,synchronous circular elapsed-calendar blocks; original seed 61002 and draw-consumption order,0.83758120939530234,False
policy_q90,q90 finite-family post hoc check,DK2,P1_minus_P0,P1−P0,0.17963341959062323,expected first-six-hour coverage difference (fraction),0.11620043131252998,0.23544185657536038,0.00049975012493753122,2000,2000,14,True,fixed intact processes resampled by onset day with paired year-quarter 14-day calendar blocks; seed 20261016,0.0029985007496251873,True
policy_q90,q90 finite-family post hoc check,DK2,P2_minus_P1,P2−P1,0.048336764323867611,expected first-six-hour coverage difference (fraction),-0.070417213364375328,0.18350770796919749,0.47576211894052972,2000,2000,14,True,fixed intact processes resampled by onset day with paired year-quarter 14-day calendar blocks; seed 20261016,1,False
policy_q95,secondary q95 finite-family post hoc check,DK2,P1_minus_P0,P1−P0,0.28334810991858533,expected first-six-hour coverage difference (fraction),0.20429412015556361,0.36197054781417226,0.00049975012493753122,2000,2000,14,True,fixed intact processes resampled by onset day with paired year-quarter 14-day calendar blocks; seed 20261016,0.0029985007496251873,True
policy_q95,secondary q95 finite-family post hoc check,DK2,P2_minus_P1,P2−P1,-0.034787644388371557,expected first-six-hour coverage difference (fraction),-0.15940550748537696,0.09994427054319141,0.5977011494252874,2000,2000,14,True,fixed intact processes resampled by onset day with paired year-quarter 14-day calendar blocks; seed 20261016,1,False
