zone,model,level,endpoint,policy,N,hits,false,C,processes,coverage,event_hours,complete_days,shared_DE_FR_event_hours,parent_processes
DK1,M0,q90,pivotal_parent_onset,none,0,0,0,0,45,0.0,717,725,924,71
DK1,M0,q90,pivotal_parent_onset,top1,725,61,664,17,45,0.37777777777777777,717,725,924,71
DK1,M0,q90,pivotal_parent_onset,top2,1450,117,1333,22,45,0.4888888888888889,717,725,924,71
DK1,M0,q90,pivotal_parent_onset,gate025,469,97,372,21,45,0.4666666666666667,717,725,924,71
DK1,M0,q90,pivotal_parent_onset,inherited_priority019,432,78,354,19,45,0.4222222222222222,717,725,924,71
DK1,M0,q90,pivotal_parent_onset,gate025_cool6,373,79,294,19,45,0.4222222222222222,717,725,924,71
DK1,M0,q90,pivotal_parent_onset,gate025_rise,469,83,386,19,45,0.4222222222222222,717,725,924,71
DK1,M0,q90,pivotal_parent_onset,gate025_rise_cool6,383,77,306,20,45,0.4444444444444444,717,725,924,71
DK1,M0,q90,pivotal_parent_onset,rolling90_target05,360,82,278,16,45,0.35555555555555557,717,725,924,71
DK1,M0,q90,pivotal_parent_onset,development_count_gate,624,110,514,22,45,0.4888888888888889,717,725,924,71
DK1,M0,q90,pivotal_parent_onset,gate019,526,103,423,22,45,0.4888888888888889,717,725,924,71
DK1,M0,q90,pivotal_parent_onset,gate019_cool6,425,82,343,19,45,0.4222222222222222,717,725,924,71
DK1,M0,q90,pivotal_parent_onset,gate019_rise,526,89,437,19,45,0.4222222222222222,717,725,924,71
DK1,M0,q90,pivotal_reclustered,none,0,0,0,0,63,0.0,717,725,924,71
DK1,M0,q90,pivotal_reclustered,top1,725,61,664,20,63,0.31746031746031744,717,725,924,71
DK1,M0,q90,pivotal_reclustered,top2,1450,117,1333,26,63,0.4126984126984127,717,725,924,71
DK1,M0,q90,pivotal_reclustered,gate025,469,97,372,24,63,0.38095238095238093,717,725,924,71
DK1,M0,q90,pivotal_reclustered,inherited_priority019,432,78,354,25,63,0.3968253968253968,717,725,924,71
DK1,M0,q90,pivotal_reclustered,gate025_cool6,373,79,294,27,63,0.42857142857142855,717,725,924,71
DK1,M0,q90,pivotal_reclustered,gate025_rise,469,83,386,24,63,0.38095238095238093,717,725,924,71
DK1,M0,q90,pivotal_reclustered,gate025_rise_cool6,383,77,306,26,63,0.4126984126984127,717,725,924,71
DK1,M0,q90,pivotal_reclustered,rolling90_target05,360,82,278,19,63,0.30158730158730157,717,725,924,71
DK1,M0,q90,pivotal_reclustered,development_count_gate,624,110,514,25,63,0.3968253968253968,717,725,924,71
DK1,M0,q90,pivotal_reclustered,gate019,526,103,423,25,63,0.3968253968253968,717,725,924,71
DK1,M0,q90,pivotal_reclustered,gate019_cool6,425,82,343,27,63,0.42857142857142855,717,725,924,71
DK1,M0,q90,pivotal_reclustered,gate019_rise,526,89,437,24,63,0.38095238095238093,717,725,924,71
DK1,M1,q90,pivotal_parent_onset,none,0,0,0,0,45,0.0,717,725,924,71
DK1,M1,q90,pivotal_parent_onset,top1,725,63,662,19,45,0.4222222222222222,717,725,924,71
DK1,M1,q90,pivotal_parent_onset,top2,1450,117,1333,22,45,0.4888888888888889,717,725,924,71
DK1,M1,q90,pivotal_parent_onset,gate025,477,101,376,22,45,0.4888888888888889,717,725,924,71
DK1,M1,q90,pivotal_parent_onset,inherited_priority019,446,78,368,18,45,0.4,717,725,924,71
DK1,M1,q90,pivotal_parent_onset,gate025_cool6,379,82,297,21,45,0.4666666666666667,717,725,924,71
DK1,M1,q90,pivotal_parent_onset,gate025_rise,477,83,394,18,45,0.4,717,725,924,71
DK1,M1,q90,pivotal_parent_onset,gate025_rise_cool6,386,78,308,18,45,0.4,717,725,924,71
DK1,M1,q90,pivotal_parent_onset,rolling90_target05,359,83,276,17,45,0.37777777777777777,717,725,924,71
DK1,M1,q90,pivotal_parent_onset,development_count_gate,609,111,498,22,45,0.4888888888888889,717,725,924,71
DK1,M1,q90,pivotal_parent_onset,gate019,542,104,438,22,45,0.4888888888888889,717,725,924,71
DK1,M1,q90,pivotal_parent_onset,gate019_cool6,443,84,359,21,45,0.4666666666666667,717,725,924,71
DK1,M1,q90,pivotal_parent_onset,gate019_rise,542,86,456,18,45,0.4,717,725,924,71
DK1,M1,q90,pivotal_reclustered,none,0,0,0,0,63,0.0,717,725,924,71
DK1,M1,q90,pivotal_reclustered,top1,725,63,662,22,63,0.3492063492063492,717,725,924,71
DK1,M1,q90,pivotal_reclustered,top2,1450,117,1333,25,63,0.3968253968253968,717,725,924,71
DK1,M1,q90,pivotal_reclustered,gate025,477,101,376,25,63,0.3968253968253968,717,725,924,71
DK1,M1,q90,pivotal_reclustered,inherited_priority019,446,78,368,24,63,0.38095238095238093,717,725,924,71
DK1,M1,q90,pivotal_reclustered,gate025_cool6,379,82,297,29,63,0.4603174603174603,717,725,924,71
DK1,M1,q90,pivotal_reclustered,gate025_rise,477,83,394,22,63,0.3492063492063492,717,725,924,71
DK1,M1,q90,pivotal_reclustered,gate025_rise_cool6,386,78,308,24,63,0.38095238095238093,717,725,924,71
DK1,M1,q90,pivotal_reclustered,rolling90_target05,359,83,276,20,63,0.31746031746031744,717,725,924,71
DK1,M1,q90,pivotal_reclustered,development_count_gate,609,111,498,25,63,0.3968253968253968,717,725,924,71
DK1,M1,q90,pivotal_reclustered,gate019,542,104,438,25,63,0.3968253968253968,717,725,924,71
DK1,M1,q90,pivotal_reclustered,gate019_cool6,443,84,359,29,63,0.4603174603174603,717,725,924,71
DK1,M1,q90,pivotal_reclustered,gate019_rise,542,86,456,22,63,0.3492063492063492,717,725,924,71
DK1,M2,q90,pivotal_parent_onset,none,0,0,0,0,45,0.0,717,725,924,71
DK1,M2,q90,pivotal_parent_onset,top1,725,63,662,18,45,0.4,717,725,924,71
DK1,M2,q90,pivotal_parent_onset,top2,1450,118,1332,23,45,0.5111111111111111,717,725,924,71
DK1,M2,q90,pivotal_parent_onset,gate025,468,99,369,22,45,0.4888888888888889,717,725,924,71
DK1,M2,q90,pivotal_parent_onset,inherited_priority019,432,79,353,19,45,0.4222222222222222,717,725,924,71
DK1,M2,q90,pivotal_parent_onset,gate025_cool6,369,80,289,19,45,0.4222222222222222,717,725,924,71
DK1,M2,q90,pivotal_parent_onset,gate025_rise,468,85,383,20,45,0.4444444444444444,717,725,924,71
DK1,M2,q90,pivotal_parent_onset,gate025_rise_cool6,380,78,302,20,45,0.4444444444444444,717,725,924,71
DK1,M2,q90,pivotal_parent_onset,rolling90_target05,359,82,277,17,45,0.37777777777777777,717,725,924,71
DK1,M2,q90,pivotal_parent_onset,development_count_gate,597,109,488,23,45,0.5111111111111111,717,725,924,71
DK1,M2,q90,pivotal_parent_onset,gate019,527,104,423,23,45,0.5111111111111111,717,725,924,71
DK1,M2,q90,pivotal_parent_onset,gate019_cool6,425,85,340,21,45,0.4666666666666667,717,725,924,71
DK1,M2,q90,pivotal_parent_onset,gate019_rise,527,90,437,20,45,0.4444444444444444,717,725,924,71
DK1,M2,q90,pivotal_reclustered,none,0,0,0,0,63,0.0,717,725,924,71
DK1,M2,q90,pivotal_reclustered,top1,725,63,662,21,63,0.3333333333333333,717,725,924,71
DK1,M2,q90,pivotal_reclustered,top2,1450,118,1332,27,63,0.42857142857142855,717,725,924,71
DK1,M2,q90,pivotal_reclustered,gate025,468,99,369,25,63,0.3968253968253968,717,725,924,71
DK1,M2,q90,pivotal_reclustered,inherited_priority019,432,79,353,26,63,0.4126984126984127,717,725,924,71
DK1,M2,q90,pivotal_reclustered,gate025_cool6,369,80,289,27,63,0.42857142857142855,717,725,924,71
DK1,M2,q90,pivotal_reclustered,gate025_rise,468,85,383,25,63,0.3968253968253968,717,725,924,71
DK1,M2,q90,pivotal_reclustered,gate025_rise_cool6,380,78,302,27,63,0.42857142857142855,717,725,924,71
DK1,M2,q90,pivotal_reclustered,rolling90_target05,359,82,277,20,63,0.31746031746031744,717,725,924,71
DK1,M2,q90,pivotal_reclustered,development_count_gate,597,109,488,26,63,0.4126984126984127,717,725,924,71
DK1,M2,q90,pivotal_reclustered,gate019,527,104,423,26,63,0.4126984126984127,717,725,924,71
DK1,M2,q90,pivotal_reclustered,gate019_cool6,425,85,340,29,63,0.4603174603174603,717,725,924,71
DK1,M2,q90,pivotal_reclustered,gate019_rise,527,90,437,25,63,0.3968253968253968,717,725,924,71
DK1,M3,q90,pivotal_parent_onset,none,0,0,0,0,45,0.0,717,725,924,71
DK1,M3,q90,pivotal_parent_onset,top1,725,63,662,19,45,0.4222222222222222,717,725,924,71
DK1,M3,q90,pivotal_parent_onset,top2,1450,118,1332,23,45,0.5111111111111111,717,725,924,71
DK1,M3,q90,pivotal_parent_onset,gate025,471,101,370,22,45,0.4888888888888889,717,725,924,71
DK1,M3,q90,pivotal_parent_onset,inherited_priority019,446,80,366,19,45,0.4222222222222222,717,725,924,71
DK1,M3,q90,pivotal_parent_onset,gate025_cool6,375,82,293,20,45,0.4444444444444444,717,725,924,71
DK1,M3,q90,pivotal_parent_onset,gate025_rise,471,83,388,18,45,0.4,717,725,924,71
DK1,M3,q90,pivotal_parent_onset,gate025_rise_cool6,384,80,304,19,45,0.4222222222222222,717,725,924,71
DK1,M3,q90,pivotal_parent_onset,rolling90_target05,359,84,275,17,45,0.37777777777777777,717,725,924,71
DK1,M3,q90,pivotal_parent_onset,development_count_gate,609,110,499,22,45,0.4888888888888889,717,725,924,71
DK1,M3,q90,pivotal_parent_onset,gate019,542,104,438,22,45,0.4888888888888889,717,725,924,71
DK1,M3,q90,pivotal_parent_onset,gate019_cool6,440,84,356,20,45,0.4444444444444444,717,725,924,71
DK1,M3,q90,pivotal_parent_onset,gate019_rise,542,86,456,18,45,0.4,717,725,924,71
DK1,M3,q90,pivotal_reclustered,none,0,0,0,0,63,0.0,717,725,924,71
DK1,M3,q90,pivotal_reclustered,top1,725,63,662,22,63,0.3492063492063492,717,725,924,71
DK1,M3,q90,pivotal_reclustered,top2,1450,118,1332,26,63,0.4126984126984127,717,725,924,71
DK1,M3,q90,pivotal_reclustered,gate025,471,101,370,25,63,0.3968253968253968,717,725,924,71
DK1,M3,q90,pivotal_reclustered,inherited_priority019,446,80,366,25,63,0.3968253968253968,717,725,924,71
DK1,M3,q90,pivotal_reclustered,gate025_cool6,375,82,293,28,63,0.4444444444444444,717,725,924,71
DK1,M3,q90,pivotal_reclustered,gate025_rise,471,83,388,22,63,0.3492063492063492,717,725,924,71
DK1,M3,q90,pivotal_reclustered,gate025_rise_cool6,384,80,304,25,63,0.3968253968253968,717,725,924,71
DK1,M3,q90,pivotal_reclustered,rolling90_target05,359,84,275,20,63,0.31746031746031744,717,725,924,71
DK1,M3,q90,pivotal_reclustered,development_count_gate,609,110,499,25,63,0.3968253968253968,717,725,924,71
DK1,M3,q90,pivotal_reclustered,gate019,542,104,438,25,63,0.3968253968253968,717,725,924,71
DK1,M3,q90,pivotal_reclustered,gate019_cool6,440,84,356,28,63,0.4444444444444444,717,725,924,71
DK1,M3,q90,pivotal_reclustered,gate019_rise,542,86,456,22,63,0.3492063492063492,717,725,924,71
DK1,M0,q95,pivotal_parent_onset,none,0,0,0,0,35,0.0,377,725,408,58
DK1,M0,q95,pivotal_parent_onset,top1,725,39,686,15,35,0.42857142857142855,377,725,408,58
DK1,M0,q95,pivotal_parent_onset,top2,1450,80,1370,19,35,0.5428571428571428,377,725,408,58
DK1,M0,q95,pivotal_parent_onset,gate025,266,55,211,12,35,0.34285714285714286,377,725,408,58
DK1,M0,q95,pivotal_parent_onset,inherited_priority019,250,38,212,8,35,0.22857142857142856,377,725,408,58
DK1,M0,q95,pivotal_parent_onset,gate025_cool6,200,39,161,9,35,0.2571428571428571,377,725,408,58
DK1,M0,q95,pivotal_parent_onset,gate025_rise,266,46,220,13,35,0.37142857142857144,377,725,408,58
DK1,M0,q95,pivotal_parent_onset,gate025_rise_cool6,205,35,170,7,35,0.2,377,725,408,58
DK1,M0,q95,pivotal_parent_onset,rolling90_target05,354,65,289,17,35,0.4857142857142857,377,725,408,58
DK1,M0,q95,pivotal_parent_onset,development_count_gate,546,76,470,19,35,0.5428571428571428,377,725,408,58
DK1,M0,q95,pivotal_parent_onset,gate019,327,62,265,14,35,0.4,377,725,408,58
DK1,M0,q95,pivotal_parent_onset,gate019_cool6,245,41,204,10,35,0.2857142857142857,377,725,408,58
DK1,M0,q95,pivotal_parent_onset,gate019_rise,327,52,275,15,35,0.42857142857142855,377,725,408,58
DK1,M0,q95,pivotal_reclustered,none,0,0,0,0,43,0.0,377,725,408,58
DK1,M0,q95,pivotal_reclustered,top1,725,39,686,18,43,0.4186046511627907,377,725,408,58
DK1,M0,q95,pivotal_reclustered,top2,1450,80,1370,22,43,0.5116279069767442,377,725,408,58
DK1,M0,q95,pivotal_reclustered,gate025,266,55,211,15,43,0.3488372093023256,377,725,408,58
DK1,M0,q95,pivotal_reclustered,inherited_priority019,250,38,212,11,43,0.2558139534883721,377,725,408,58
DK1,M0,q95,pivotal_reclustered,gate025_cool6,200,39,161,12,43,0.27906976744186046,377,725,408,58
DK1,M0,q95,pivotal_reclustered,gate025_rise,266,46,220,16,43,0.37209302325581395,377,725,408,58
DK1,M0,q95,pivotal_reclustered,gate025_rise_cool6,205,35,170,10,43,0.23255813953488372,377,725,408,58
DK1,M0,q95,pivotal_reclustered,rolling90_target05,354,65,289,20,43,0.46511627906976744,377,725,408,58
DK1,M0,q95,pivotal_reclustered,development_count_gate,546,76,470,22,43,0.5116279069767442,377,725,408,58
DK1,M0,q95,pivotal_reclustered,gate019,327,62,265,17,43,0.3953488372093023,377,725,408,58
DK1,M0,q95,pivotal_reclustered,gate019_cool6,245,41,204,13,43,0.3023255813953488,377,725,408,58
DK1,M0,q95,pivotal_reclustered,gate019_rise,327,52,275,18,43,0.4186046511627907,377,725,408,58
DK1,M1,q95,pivotal_parent_onset,none,0,0,0,0,35,0.0,377,725,408,58
DK1,M1,q95,pivotal_parent_onset,top1,725,39,686,15,35,0.42857142857142855,377,725,408,58
DK1,M1,q95,pivotal_parent_onset,top2,1450,77,1373,18,35,0.5142857142857142,377,725,408,58
DK1,M1,q95,pivotal_parent_onset,gate025,279,55,224,12,35,0.34285714285714286,377,725,408,58
DK1,M1,q95,pivotal_parent_onset,inherited_priority019,265,44,221,11,35,0.3142857142857143,377,725,408,58
DK1,M1,q95,pivotal_parent_onset,gate025_cool6,205,41,164,11,35,0.3142857142857143,377,725,408,58
DK1,M1,q95,pivotal_parent_onset,gate025_rise,279,51,228,15,35,0.42857142857142855,377,725,408,58
DK1,M1,q95,pivotal_parent_onset,gate025_rise_cool6,211,37,174,8,35,0.22857142857142856,377,725,408,58
DK1,M1,q95,pivotal_parent_onset,rolling90_target05,355,66,289,17,35,0.4857142857142857,377,725,408,58
DK1,M1,q95,pivotal_parent_onset,development_count_gate,537,73,464,18,35,0.5142857142857142,377,725,408,58
DK1,M1,q95,pivotal_parent_onset,gate019,347,63,284,15,35,0.42857142857142855,377,725,408,58
DK1,M1,q95,pivotal_parent_onset,gate019_cool6,261,48,213,14,35,0.4,377,725,408,58
DK1,M1,q95,pivotal_parent_onset,gate019_rise,347,60,287,18,35,0.5142857142857142,377,725,408,58
DK1,M1,q95,pivotal_reclustered,none,0,0,0,0,43,0.0,377,725,408,58
DK1,M1,q95,pivotal_reclustered,top1,725,39,686,18,43,0.4186046511627907,377,725,408,58
DK1,M1,q95,pivotal_reclustered,top2,1450,77,1373,21,43,0.4883720930232558,377,725,408,58
DK1,M1,q95,pivotal_reclustered,gate025,279,55,224,15,43,0.3488372093023256,377,725,408,58
DK1,M1,q95,pivotal_reclustered,inherited_priority019,265,44,221,14,43,0.32558139534883723,377,725,408,58
DK1,M1,q95,pivotal_reclustered,gate025_cool6,205,41,164,14,43,0.32558139534883723,377,725,408,58
DK1,M1,q95,pivotal_reclustered,gate025_rise,279,51,228,18,43,0.4186046511627907,377,725,408,58
DK1,M1,q95,pivotal_reclustered,gate025_rise_cool6,211,37,174,11,43,0.2558139534883721,377,725,408,58
DK1,M1,q95,pivotal_reclustered,rolling90_target05,355,66,289,20,43,0.46511627906976744,377,725,408,58
DK1,M1,q95,pivotal_reclustered,development_count_gate,537,73,464,21,43,0.4883720930232558,377,725,408,58
DK1,M1,q95,pivotal_reclustered,gate019,347,63,284,18,43,0.4186046511627907,377,725,408,58
DK1,M1,q95,pivotal_reclustered,gate019_cool6,261,48,213,17,43,0.3953488372093023,377,725,408,58
DK1,M1,q95,pivotal_reclustered,gate019_rise,347,60,287,21,43,0.4883720930232558,377,725,408,58
DK1,M2,q95,pivotal_parent_onset,none,0,0,0,0,35,0.0,377,725,408,58
DK1,M2,q95,pivotal_parent_onset,top1,725,39,686,14,35,0.4,377,725,408,58
DK1,M2,q95,pivotal_parent_onset,top2,1450,81,1369,18,35,0.5142857142857142,377,725,408,58
DK1,M2,q95,pivotal_parent_onset,gate025,260,54,206,12,35,0.34285714285714286,377,725,408,58
DK1,M2,q95,pivotal_parent_onset,inherited_priority019,247,39,208,9,35,0.2571428571428571,377,725,408,58
DK1,M2,q95,pivotal_parent_onset,gate025_cool6,197,38,159,9,35,0.2571428571428571,377,725,408,58
DK1,M2,q95,pivotal_parent_onset,gate025_rise,260,45,215,13,35,0.37142857142857144,377,725,408,58
DK1,M2,q95,pivotal_parent_onset,gate025_rise_cool6,201,34,167,8,35,0.22857142857142856,377,725,408,58
DK1,M2,q95,pivotal_parent_onset,rolling90_target05,356,66,290,17,35,0.4857142857142857,377,725,408,58
DK1,M2,q95,pivotal_parent_onset,development_count_gate,535,77,458,18,35,0.5142857142857142,377,725,408,58
DK1,M2,q95,pivotal_parent_onset,gate019,328,63,265,14,35,0.4,377,725,408,58
DK1,M2,q95,pivotal_parent_onset,gate019_cool6,243,41,202,10,35,0.2857142857142857,377,725,408,58
DK1,M2,q95,pivotal_parent_onset,gate019_rise,328,52,276,15,35,0.42857142857142855,377,725,408,58
DK1,M2,q95,pivotal_reclustered,none,0,0,0,0,43,0.0,377,725,408,58
DK1,M2,q95,pivotal_reclustered,top1,725,39,686,17,43,0.3953488372093023,377,725,408,58
DK1,M2,q95,pivotal_reclustered,top2,1450,81,1369,21,43,0.4883720930232558,377,725,408,58
DK1,M2,q95,pivotal_reclustered,gate025,260,54,206,15,43,0.3488372093023256,377,725,408,58
DK1,M2,q95,pivotal_reclustered,inherited_priority019,247,39,208,12,43,0.27906976744186046,377,725,408,58
DK1,M2,q95,pivotal_reclustered,gate025_cool6,197,38,159,12,43,0.27906976744186046,377,725,408,58
DK1,M2,q95,pivotal_reclustered,gate025_rise,260,45,215,16,43,0.37209302325581395,377,725,408,58
DK1,M2,q95,pivotal_reclustered,gate025_rise_cool6,201,34,167,11,43,0.2558139534883721,377,725,408,58
DK1,M2,q95,pivotal_reclustered,rolling90_target05,356,66,290,20,43,0.46511627906976744,377,725,408,58
DK1,M2,q95,pivotal_reclustered,development_count_gate,535,77,458,21,43,0.4883720930232558,377,725,408,58
DK1,M2,q95,pivotal_reclustered,gate019,328,63,265,17,43,0.3953488372093023,377,725,408,58
DK1,M2,q95,pivotal_reclustered,gate019_cool6,243,41,202,13,43,0.3023255813953488,377,725,408,58
DK1,M2,q95,pivotal_reclustered,gate019_rise,328,52,276,18,43,0.4186046511627907,377,725,408,58
DK1,M3,q95,pivotal_parent_onset,none,0,0,0,0,35,0.0,377,725,408,58
DK1,M3,q95,pivotal_parent_onset,top1,725,38,687,13,35,0.37142857142857144,377,725,408,58
DK1,M3,q95,pivotal_parent_onset,top2,1450,80,1370,17,35,0.4857142857142857,377,725,408,58
DK1,M3,q95,pivotal_parent_onset,gate025,276,56,220,12,35,0.34285714285714286,377,725,408,58
DK1,M3,q95,pivotal_parent_onset,inherited_priority019,266,45,221,11,35,0.3142857142857143,377,725,408,58
DK1,M3,q95,pivotal_parent_onset,gate025_cool6,204,41,163,11,35,0.3142857142857143,377,725,408,58
DK1,M3,q95,pivotal_parent_onset,gate025_rise,276,52,224,16,35,0.45714285714285713,377,725,408,58
DK1,M3,q95,pivotal_parent_onset,gate025_rise_cool6,209,36,173,8,35,0.22857142857142856,377,725,408,58
DK1,M3,q95,pivotal_parent_onset,rolling90_target05,357,69,288,17,35,0.4857142857142857,377,725,408,58
DK1,M3,q95,pivotal_parent_onset,development_count_gate,549,76,473,17,35,0.4857142857142857,377,725,408,58
DK1,M3,q95,pivotal_parent_onset,gate019,346,66,280,15,35,0.42857142857142855,377,725,408,58
DK1,M3,q95,pivotal_parent_onset,gate019_cool6,261,48,213,14,35,0.4,377,725,408,58
DK1,M3,q95,pivotal_parent_onset,gate019_rise,346,62,284,19,35,0.5428571428571428,377,725,408,58
DK1,M3,q95,pivotal_reclustered,none,0,0,0,0,43,0.0,377,725,408,58
DK1,M3,q95,pivotal_reclustered,top1,725,38,687,16,43,0.37209302325581395,377,725,408,58
DK1,M3,q95,pivotal_reclustered,top2,1450,80,1370,20,43,0.46511627906976744,377,725,408,58
DK1,M3,q95,pivotal_reclustered,gate025,276,56,220,15,43,0.3488372093023256,377,725,408,58
DK1,M3,q95,pivotal_reclustered,inherited_priority019,266,45,221,14,43,0.32558139534883723,377,725,408,58
DK1,M3,q95,pivotal_reclustered,gate025_cool6,204,41,163,14,43,0.32558139534883723,377,725,408,58
DK1,M3,q95,pivotal_reclustered,gate025_rise,276,52,224,19,43,0.4418604651162791,377,725,408,58
DK1,M3,q95,pivotal_reclustered,gate025_rise_cool6,209,36,173,11,43,0.2558139534883721,377,725,408,58
DK1,M3,q95,pivotal_reclustered,rolling90_target05,357,69,288,20,43,0.46511627906976744,377,725,408,58
DK1,M3,q95,pivotal_reclustered,development_count_gate,549,76,473,20,43,0.46511627906976744,377,725,408,58
DK1,M3,q95,pivotal_reclustered,gate019,346,66,280,18,43,0.4186046511627907,377,725,408,58
DK1,M3,q95,pivotal_reclustered,gate019_cool6,261,48,213,17,43,0.3953488372093023,377,725,408,58
DK1,M3,q95,pivotal_reclustered,gate019_rise,346,62,284,22,43,0.5116279069767442,377,725,408,58
DK2,M0,q90,pivotal_parent_onset,none,0,0,0,0,54,0.0,902,725,924,75
DK2,M0,q90,pivotal_parent_onset,top1,725,79,646,22,54,0.4074074074074074,902,725,924,75
DK2,M0,q90,pivotal_parent_onset,top2,1450,146,1304,29,54,0.5370370370370371,902,725,924,75
DK2,M0,q90,pivotal_parent_onset,gate025,517,128,389,23,54,0.42592592592592593,902,725,924,75
DK2,M0,q90,pivotal_parent_onset,inherited_priority019,492,102,390,23,54,0.42592592592592593,902,725,924,75
DK2,M0,q90,pivotal_parent_onset,gate025_cool6,415,105,310,25,54,0.46296296296296297,902,725,924,75
DK2,M0,q90,pivotal_parent_onset,gate025_rise,517,117,400,24,54,0.4444444444444444,902,725,924,75
DK2,M0,q90,pivotal_parent_onset,gate025_rise_cool6,428,102,326,23,54,0.42592592592592593,902,725,924,75
DK2,M0,q90,pivotal_parent_onset,rolling90_target05,355,93,262,17,54,0.3148148148148148,902,725,924,75
DK2,M0,q90,pivotal_parent_onset,development_count_gate,624,137,487,27,54,0.5,902,725,924,75
DK2,M0,q90,pivotal_parent_onset,gate019,588,136,452,27,54,0.5,902,725,924,75
DK2,M0,q90,pivotal_parent_onset,gate019_cool6,482,108,374,27,54,0.5,902,725,924,75
DK2,M0,q90,pivotal_parent_onset,gate019_rise,588,125,463,28,54,0.5185185185185185,902,725,924,75
DK2,M0,q90,pivotal_reclustered,none,0,0,0,0,76,0.0,902,725,924,75
DK2,M0,q90,pivotal_reclustered,top1,725,79,646,27,76,0.35526315789473684,902,725,924,75
DK2,M0,q90,pivotal_reclustered,top2,1450,146,1304,36,76,0.47368421052631576,902,725,924,75
DK2,M0,q90,pivotal_reclustered,gate025,517,128,389,27,76,0.35526315789473684,902,725,924,75
DK2,M0,q90,pivotal_reclustered,inherited_priority019,492,102,390,29,76,0.3815789473684211,902,725,924,75
DK2,M0,q90,pivotal_reclustered,gate025_cool6,415,105,310,31,76,0.40789473684210525,902,725,924,75
DK2,M0,q90,pivotal_reclustered,gate025_rise,517,117,400,28,76,0.3684210526315789,902,725,924,75
DK2,M0,q90,pivotal_reclustered,gate025_rise_cool6,428,102,326,29,76,0.3815789473684211,902,725,924,75
DK2,M0,q90,pivotal_reclustered,rolling90_target05,355,93,262,19,76,0.25,902,725,924,75
DK2,M0,q90,pivotal_reclustered,development_count_gate,624,137,487,32,76,0.42105263157894735,902,725,924,75
DK2,M0,q90,pivotal_reclustered,gate019,588,136,452,31,76,0.40789473684210525,902,725,924,75
DK2,M0,q90,pivotal_reclustered,gate019_cool6,482,108,374,33,76,0.4342105263157895,902,725,924,75
DK2,M0,q90,pivotal_reclustered,gate019_rise,588,125,463,32,76,0.42105263157894735,902,725,924,75
DK2,M1,q90,pivotal_parent_onset,none,0,0,0,0,54,0.0,902,725,924,75
DK2,M1,q90,pivotal_parent_onset,top1,725,81,644,22,54,0.4074074074074074,902,725,924,75
DK2,M1,q90,pivotal_parent_onset,top2,1450,148,1302,30,54,0.5555555555555556,902,725,924,75
DK2,M1,q90,pivotal_parent_onset,gate025,528,132,396,26,54,0.48148148148148145,902,725,924,75
DK2,M1,q90,pivotal_parent_onset,inherited_priority019,506,110,396,25,54,0.46296296296296297,902,725,924,75
DK2,M1,q90,pivotal_parent_onset,gate025_cool6,427,109,318,26,54,0.48148148148148145,902,725,924,75
DK2,M1,q90,pivotal_parent_onset,gate025_rise,528,118,410,27,54,0.5,902,725,924,75
DK2,M1,q90,pivotal_parent_onset,gate025_rise_cool6,434,105,329,23,54,0.42592592592592593,902,725,924,75
DK2,M1,q90,pivotal_parent_onset,rolling90_target05,364,99,265,19,54,0.35185185185185186,902,725,924,75
DK2,M1,q90,pivotal_parent_onset,development_count_gate,602,140,462,28,54,0.5185185185185185,902,725,924,75
DK2,M1,q90,pivotal_parent_onset,gate019,602,140,462,28,54,0.5185185185185185,902,725,924,75
DK2,M1,q90,pivotal_parent_onset,gate019_cool6,499,113,386,27,54,0.5,902,725,924,75
DK2,M1,q90,pivotal_parent_onset,gate019_rise,602,124,478,27,54,0.5,902,725,924,75
DK2,M1,q90,pivotal_reclustered,none,0,0,0,0,76,0.0,902,725,924,75
DK2,M1,q90,pivotal_reclustered,top1,725,81,644,27,76,0.35526315789473684,902,725,924,75
DK2,M1,q90,pivotal_reclustered,top2,1450,148,1302,37,76,0.4868421052631579,902,725,924,75
DK2,M1,q90,pivotal_reclustered,gate025,528,132,396,30,76,0.39473684210526316,902,725,924,75
DK2,M1,q90,pivotal_reclustered,inherited_priority019,506,110,396,33,76,0.4342105263157895,902,725,924,75
DK2,M1,q90,pivotal_reclustered,gate025_cool6,427,109,318,33,76,0.4342105263157895,902,725,924,75
DK2,M1,q90,pivotal_reclustered,gate025_rise,528,118,410,31,76,0.40789473684210525,902,725,924,75
DK2,M1,q90,pivotal_reclustered,gate025_rise_cool6,434,105,329,30,76,0.39473684210526316,902,725,924,75
DK2,M1,q90,pivotal_reclustered,rolling90_target05,364,99,265,21,76,0.27631578947368424,902,725,924,75
DK2,M1,q90,pivotal_reclustered,development_count_gate,602,140,462,33,76,0.4342105263157895,902,725,924,75
DK2,M1,q90,pivotal_reclustered,gate019,602,140,462,33,76,0.4342105263157895,902,725,924,75
DK2,M1,q90,pivotal_reclustered,gate019_cool6,499,113,386,35,76,0.4605263157894737,902,725,924,75
DK2,M1,q90,pivotal_reclustered,gate019_rise,602,124,478,32,76,0.42105263157894735,902,725,924,75
DK2,M2,q90,pivotal_parent_onset,none,0,0,0,0,54,0.0,902,725,924,75
DK2,M2,q90,pivotal_parent_onset,top1,725,81,644,22,54,0.4074074074074074,902,725,924,75
DK2,M2,q90,pivotal_parent_onset,top2,1450,149,1301,29,54,0.5370370370370371,902,725,924,75
DK2,M2,q90,pivotal_parent_onset,gate025,513,128,385,22,54,0.4074074074074074,902,725,924,75
DK2,M2,q90,pivotal_parent_onset,inherited_priority019,491,103,388,24,54,0.4444444444444444,902,725,924,75
DK2,M2,q90,pivotal_parent_onset,gate025_cool6,412,103,309,24,54,0.4444444444444444,902,725,924,75
DK2,M2,q90,pivotal_parent_onset,gate025_rise,513,114,399,23,54,0.42592592592592593,902,725,924,75
DK2,M2,q90,pivotal_parent_onset,gate025_rise_cool6,425,100,325,22,54,0.4074074074074074,902,725,924,75
DK2,M2,q90,pivotal_parent_onset,rolling90_target05,358,95,263,17,54,0.3148148148148148,902,725,924,75
DK2,M2,q90,pivotal_parent_onset,development_count_gate,622,140,482,27,54,0.5,902,725,924,75
DK2,M2,q90,pivotal_parent_onset,gate019,586,139,447,27,54,0.5,902,725,924,75
DK2,M2,q90,pivotal_parent_onset,gate019_cool6,482,108,374,27,54,0.5,902,725,924,75
DK2,M2,q90,pivotal_parent_onset,gate019_rise,586,126,460,28,54,0.5185185185185185,902,725,924,75
DK2,M2,q90,pivotal_reclustered,none,0,0,0,0,76,0.0,902,725,924,75
DK2,M2,q90,pivotal_reclustered,top1,725,81,644,27,76,0.35526315789473684,902,725,924,75
DK2,M2,q90,pivotal_reclustered,top2,1450,149,1301,36,76,0.47368421052631576,902,725,924,75
DK2,M2,q90,pivotal_reclustered,gate025,513,128,385,26,76,0.34210526315789475,902,725,924,75
DK2,M2,q90,pivotal_reclustered,inherited_priority019,491,103,388,30,76,0.39473684210526316,902,725,924,75
DK2,M2,q90,pivotal_reclustered,gate025_cool6,412,103,309,30,76,0.39473684210526316,902,725,924,75
DK2,M2,q90,pivotal_reclustered,gate025_rise,513,114,399,27,76,0.35526315789473684,902,725,924,75
DK2,M2,q90,pivotal_reclustered,gate025_rise_cool6,425,100,325,28,76,0.3684210526315789,902,725,924,75
DK2,M2,q90,pivotal_reclustered,rolling90_target05,358,95,263,19,76,0.25,902,725,924,75
DK2,M2,q90,pivotal_reclustered,development_count_gate,622,140,482,32,76,0.42105263157894735,902,725,924,75
DK2,M2,q90,pivotal_reclustered,gate019,586,139,447,31,76,0.40789473684210525,902,725,924,75
DK2,M2,q90,pivotal_reclustered,gate019_cool6,482,108,374,33,76,0.4342105263157895,902,725,924,75
DK2,M2,q90,pivotal_reclustered,gate019_rise,586,126,460,32,76,0.42105263157894735,902,725,924,75
DK2,M3,q90,pivotal_parent_onset,none,0,0,0,0,54,0.0,902,725,924,75
DK2,M3,q90,pivotal_parent_onset,top1,725,82,643,21,54,0.3888888888888889,902,725,924,75
DK2,M3,q90,pivotal_parent_onset,top2,1450,150,1300,30,54,0.5555555555555556,902,725,924,75
DK2,M3,q90,pivotal_parent_onset,gate025,522,131,391,25,54,0.46296296296296297,902,725,924,75
DK2,M3,q90,pivotal_parent_onset,inherited_priority019,503,113,390,26,54,0.48148148148148145,902,725,924,75
DK2,M3,q90,pivotal_parent_onset,gate025_cool6,421,109,312,26,54,0.48148148148148145,902,725,924,75
DK2,M3,q90,pivotal_parent_onset,gate025_rise,522,116,406,26,54,0.48148148148148145,902,725,924,75
DK2,M3,q90,pivotal_parent_onset,gate025_rise_cool6,429,106,323,23,54,0.42592592592592593,902,725,924,75
DK2,M3,q90,pivotal_parent_onset,rolling90_target05,361,100,261,19,54,0.35185185185185186,902,725,924,75
DK2,M3,q90,pivotal_parent_onset,development_count_gate,608,142,466,28,54,0.5185185185185185,902,725,924,75
DK2,M3,q90,pivotal_parent_onset,gate019,599,141,458,28,54,0.5185185185185185,902,725,924,75
DK2,M3,q90,pivotal_parent_onset,gate019_cool6,497,114,383,27,54,0.5,902,725,924,75
DK2,M3,q90,pivotal_parent_onset,gate019_rise,599,123,476,28,54,0.5185185185185185,902,725,924,75
DK2,M3,q90,pivotal_reclustered,none,0,0,0,0,76,0.0,902,725,924,75
DK2,M3,q90,pivotal_reclustered,top1,725,82,643,26,76,0.34210526315789475,902,725,924,75
DK2,M3,q90,pivotal_reclustered,top2,1450,150,1300,37,76,0.4868421052631579,902,725,924,75
DK2,M3,q90,pivotal_reclustered,gate025,522,131,391,29,76,0.3815789473684211,902,725,924,75
DK2,M3,q90,pivotal_reclustered,inherited_priority019,503,113,390,34,76,0.4473684210526316,902,725,924,75
DK2,M3,q90,pivotal_reclustered,gate025_cool6,421,109,312,33,76,0.4342105263157895,902,725,924,75
DK2,M3,q90,pivotal_reclustered,gate025_rise,522,116,406,30,76,0.39473684210526316,902,725,924,75
DK2,M3,q90,pivotal_reclustered,gate025_rise_cool6,429,106,323,30,76,0.39473684210526316,902,725,924,75
DK2,M3,q90,pivotal_reclustered,rolling90_target05,361,100,261,21,76,0.27631578947368424,902,725,924,75
DK2,M3,q90,pivotal_reclustered,development_count_gate,608,142,466,33,76,0.4342105263157895,902,725,924,75
DK2,M3,q90,pivotal_reclustered,gate019,599,141,458,33,76,0.4342105263157895,902,725,924,75
DK2,M3,q90,pivotal_reclustered,gate019_cool6,497,114,383,35,76,0.4605263157894737,902,725,924,75
DK2,M3,q90,pivotal_reclustered,gate019_rise,599,123,476,33,76,0.4342105263157895,902,725,924,75
DK2,M0,q95,pivotal_parent_onset,none,0,0,0,0,42,0.0,451,725,408,59
DK2,M0,q95,pivotal_parent_onset,top1,725,42,683,17,42,0.40476190476190477,451,725,408,59
DK2,M0,q95,pivotal_parent_onset,top2,1450,83,1367,22,42,0.5238095238095238,451,725,408,59
DK2,M0,q95,pivotal_parent_onset,gate025,298,61,237,18,42,0.42857142857142855,451,725,408,59
DK2,M0,q95,pivotal_parent_onset,inherited_priority019,280,46,234,13,42,0.30952380952380953,451,725,408,59
DK2,M0,q95,pivotal_parent_onset,gate025_cool6,228,44,184,15,42,0.35714285714285715,451,725,408,59
DK2,M0,q95,pivotal_parent_onset,gate025_rise,298,54,244,19,42,0.4523809523809524,451,725,408,59
DK2,M0,q95,pivotal_parent_onset,gate025_rise_cool6,230,41,189,12,42,0.2857142857142857,451,725,408,59
DK2,M0,q95,pivotal_parent_onset,rolling90_target05,353,66,287,15,42,0.35714285714285715,451,725,408,59
DK2,M0,q95,pivotal_parent_onset,development_count_gate,556,80,476,20,42,0.47619047619047616,451,725,408,59
DK2,M0,q95,pivotal_parent_onset,gate019,369,71,298,19,42,0.4523809523809524,451,725,408,59
DK2,M0,q95,pivotal_parent_onset,gate019_cool6,275,47,228,16,42,0.38095238095238093,451,725,408,59
DK2,M0,q95,pivotal_parent_onset,gate019_rise,369,63,306,18,42,0.42857142857142855,451,725,408,59
DK2,M0,q95,pivotal_reclustered,none,0,0,0,0,51,0.0,451,725,408,59
DK2,M0,q95,pivotal_reclustered,top1,725,42,683,19,51,0.37254901960784315,451,725,408,59
DK2,M0,q95,pivotal_reclustered,top2,1450,83,1367,25,51,0.49019607843137253,451,725,408,59
DK2,M0,q95,pivotal_reclustered,gate025,298,61,237,21,51,0.4117647058823529,451,725,408,59
DK2,M0,q95,pivotal_reclustered,inherited_priority019,280,46,234,17,51,0.3333333333333333,451,725,408,59
DK2,M0,q95,pivotal_reclustered,gate025_cool6,228,44,184,19,51,0.37254901960784315,451,725,408,59
DK2,M0,q95,pivotal_reclustered,gate025_rise,298,54,244,23,51,0.45098039215686275,451,725,408,59
DK2,M0,q95,pivotal_reclustered,gate025_rise_cool6,230,41,189,16,51,0.3137254901960784,451,725,408,59
DK2,M0,q95,pivotal_reclustered,rolling90_target05,353,66,287,18,51,0.35294117647058826,451,725,408,59
DK2,M0,q95,pivotal_reclustered,development_count_gate,556,80,476,23,51,0.45098039215686275,451,725,408,59
DK2,M0,q95,pivotal_reclustered,gate019,369,71,298,22,51,0.43137254901960786,451,725,408,59
DK2,M0,q95,pivotal_reclustered,gate019_cool6,275,47,228,21,51,0.4117647058823529,451,725,408,59
DK2,M0,q95,pivotal_reclustered,gate019_rise,369,63,306,22,51,0.43137254901960786,451,725,408,59
DK2,M1,q95,pivotal_parent_onset,none,0,0,0,0,42,0.0,451,725,408,59
DK2,M1,q95,pivotal_parent_onset,top1,725,40,685,15,42,0.35714285714285715,451,725,408,59
DK2,M1,q95,pivotal_parent_onset,top2,1450,86,1364,23,42,0.5476190476190477,451,725,408,59
DK2,M1,q95,pivotal_parent_onset,gate025,317,65,252,16,42,0.38095238095238093,451,725,408,59
DK2,M1,q95,pivotal_parent_onset,inherited_priority019,296,49,247,15,42,0.35714285714285715,451,725,408,59
DK2,M1,q95,pivotal_parent_onset,gate025_cool6,234,44,190,14,42,0.3333333333333333,451,725,408,59
DK2,M1,q95,pivotal_parent_onset,gate025_rise,317,60,257,17,42,0.40476190476190477,451,725,408,59
DK2,M1,q95,pivotal_parent_onset,gate025_rise_cool6,237,40,197,11,42,0.2619047619047619,451,725,408,59
DK2,M1,q95,pivotal_parent_onset,rolling90_target05,356,69,287,16,42,0.38095238095238093,451,725,408,59
DK2,M1,q95,pivotal_parent_onset,development_count_gate,527,82,445,21,42,0.5,451,725,408,59
DK2,M1,q95,pivotal_parent_onset,gate019,382,75,307,21,42,0.5,451,725,408,59
DK2,M1,q95,pivotal_parent_onset,gate019_cool6,288,52,236,19,42,0.4523809523809524,451,725,408,59
DK2,M1,q95,pivotal_parent_onset,gate019_rise,382,69,313,20,42,0.47619047619047616,451,725,408,59
DK2,M1,q95,pivotal_reclustered,none,0,0,0,0,51,0.0,451,725,408,59
DK2,M1,q95,pivotal_reclustered,top1,725,40,685,17,51,0.3333333333333333,451,725,408,59
DK2,M1,q95,pivotal_reclustered,top2,1450,86,1364,26,51,0.5098039215686274,451,725,408,59
DK2,M1,q95,pivotal_reclustered,gate025,317,65,252,19,51,0.37254901960784315,451,725,408,59
DK2,M1,q95,pivotal_reclustered,inherited_priority019,296,49,247,19,51,0.37254901960784315,451,725,408,59
DK2,M1,q95,pivotal_reclustered,gate025_cool6,234,44,190,18,51,0.35294117647058826,451,725,408,59
DK2,M1,q95,pivotal_reclustered,gate025_rise,317,60,257,21,51,0.4117647058823529,451,725,408,59
DK2,M1,q95,pivotal_reclustered,gate025_rise_cool6,237,40,197,15,51,0.29411764705882354,451,725,408,59
DK2,M1,q95,pivotal_reclustered,rolling90_target05,356,69,287,19,51,0.37254901960784315,451,725,408,59
DK2,M1,q95,pivotal_reclustered,development_count_gate,527,82,445,24,51,0.47058823529411764,451,725,408,59
DK2,M1,q95,pivotal_reclustered,gate019,382,75,307,24,51,0.47058823529411764,451,725,408,59
DK2,M1,q95,pivotal_reclustered,gate019_cool6,288,52,236,24,51,0.47058823529411764,451,725,408,59
DK2,M1,q95,pivotal_reclustered,gate019_rise,382,69,313,24,51,0.47058823529411764,451,725,408,59
DK2,M2,q95,pivotal_parent_onset,none,0,0,0,0,42,0.0,451,725,408,59
DK2,M2,q95,pivotal_parent_onset,top1,725,41,684,16,42,0.38095238095238093,451,725,408,59
DK2,M2,q95,pivotal_parent_onset,top2,1450,83,1367,22,42,0.5238095238095238,451,725,408,59
DK2,M2,q95,pivotal_parent_onset,gate025,293,60,233,17,42,0.40476190476190477,451,725,408,59
DK2,M2,q95,pivotal_parent_onset,inherited_priority019,279,45,234,12,42,0.2857142857142857,451,725,408,59
DK2,M2,q95,pivotal_parent_onset,gate025_cool6,226,44,182,15,42,0.35714285714285715,451,725,408,59
DK2,M2,q95,pivotal_parent_onset,gate025_rise,293,54,239,19,42,0.4523809523809524,451,725,408,59
DK2,M2,q95,pivotal_parent_onset,gate025_rise_cool6,227,42,185,13,42,0.30952380952380953,451,725,408,59
DK2,M2,q95,pivotal_parent_onset,rolling90_target05,351,66,285,15,42,0.35714285714285715,451,725,408,59
DK2,M2,q95,pivotal_parent_onset,development_count_gate,538,78,460,20,42,0.47619047619047616,451,725,408,59
DK2,M2,q95,pivotal_parent_onset,gate019,365,71,294,19,42,0.4523809523809524,451,725,408,59
DK2,M2,q95,pivotal_parent_onset,gate019_cool6,274,47,227,16,42,0.38095238095238093,451,725,408,59
DK2,M2,q95,pivotal_parent_onset,gate019_rise,365,62,303,18,42,0.42857142857142855,451,725,408,59
DK2,M2,q95,pivotal_reclustered,none,0,0,0,0,51,0.0,451,725,408,59
DK2,M2,q95,pivotal_reclustered,top1,725,41,684,18,51,0.35294117647058826,451,725,408,59
DK2,M2,q95,pivotal_reclustered,top2,1450,83,1367,25,51,0.49019607843137253,451,725,408,59
DK2,M2,q95,pivotal_reclustered,gate025,293,60,233,20,51,0.39215686274509803,451,725,408,59
DK2,M2,q95,pivotal_reclustered,inherited_priority019,279,45,234,16,51,0.3137254901960784,451,725,408,59
DK2,M2,q95,pivotal_reclustered,gate025_cool6,226,44,182,19,51,0.37254901960784315,451,725,408,59
DK2,M2,q95,pivotal_reclustered,gate025_rise,293,54,239,23,51,0.45098039215686275,451,725,408,59
DK2,M2,q95,pivotal_reclustered,gate025_rise_cool6,227,42,185,17,51,0.3333333333333333,451,725,408,59
DK2,M2,q95,pivotal_reclustered,rolling90_target05,351,66,285,18,51,0.35294117647058826,451,725,408,59
DK2,M2,q95,pivotal_reclustered,development_count_gate,538,78,460,23,51,0.45098039215686275,451,725,408,59
DK2,M2,q95,pivotal_reclustered,gate019,365,71,294,22,51,0.43137254901960786,451,725,408,59
DK2,M2,q95,pivotal_reclustered,gate019_cool6,274,47,227,21,51,0.4117647058823529,451,725,408,59
DK2,M2,q95,pivotal_reclustered,gate019_rise,365,62,303,22,51,0.43137254901960786,451,725,408,59
DK2,M3,q95,pivotal_parent_onset,none,0,0,0,0,42,0.0,451,725,408,59
DK2,M3,q95,pivotal_parent_onset,top1,725,40,685,15,42,0.35714285714285715,451,725,408,59
DK2,M3,q95,pivotal_parent_onset,top2,1450,84,1366,22,42,0.5238095238095238,451,725,408,59
DK2,M3,q95,pivotal_parent_onset,gate025,313,65,248,16,42,0.38095238095238093,451,725,408,59
DK2,M3,q95,pivotal_parent_onset,inherited_priority019,286,48,238,14,42,0.3333333333333333,451,725,408,59
DK2,M3,q95,pivotal_parent_onset,gate025_cool6,231,44,187,14,42,0.3333333333333333,451,725,408,59
DK2,M3,q95,pivotal_parent_onset,gate025_rise,313,59,254,17,42,0.40476190476190477,451,725,408,59
DK2,M3,q95,pivotal_parent_onset,gate025_rise_cool6,234,40,194,11,42,0.2619047619047619,451,725,408,59
DK2,M3,q95,pivotal_parent_onset,rolling90_target05,362,71,291,17,42,0.40476190476190477,451,725,408,59
DK2,M3,q95,pivotal_parent_onset,development_count_gate,536,81,455,20,42,0.47619047619047616,451,725,408,59
DK2,M3,q95,pivotal_parent_onset,gate019,377,74,303,20,42,0.47619047619047616,451,725,408,59
DK2,M3,q95,pivotal_parent_onset,gate019_cool6,280,51,229,18,42,0.42857142857142855,451,725,408,59
DK2,M3,q95,pivotal_parent_onset,gate019_rise,377,67,310,19,42,0.4523809523809524,451,725,408,59
DK2,M3,q95,pivotal_reclustered,none,0,0,0,0,51,0.0,451,725,408,59
DK2,M3,q95,pivotal_reclustered,top1,725,40,685,17,51,0.3333333333333333,451,725,408,59
DK2,M3,q95,pivotal_reclustered,top2,1450,84,1366,25,51,0.49019607843137253,451,725,408,59
DK2,M3,q95,pivotal_reclustered,gate025,313,65,248,19,51,0.37254901960784315,451,725,408,59
DK2,M3,q95,pivotal_reclustered,inherited_priority019,286,48,238,18,51,0.35294117647058826,451,725,408,59
DK2,M3,q95,pivotal_reclustered,gate025_cool6,231,44,187,18,51,0.35294117647058826,451,725,408,59
DK2,M3,q95,pivotal_reclustered,gate025_rise,313,59,254,21,51,0.4117647058823529,451,725,408,59
DK2,M3,q95,pivotal_reclustered,gate025_rise_cool6,234,40,194,15,51,0.29411764705882354,451,725,408,59
DK2,M3,q95,pivotal_reclustered,rolling90_target05,362,71,291,20,51,0.39215686274509803,451,725,408,59
DK2,M3,q95,pivotal_reclustered,development_count_gate,536,81,455,23,51,0.45098039215686275,451,725,408,59
DK2,M3,q95,pivotal_reclustered,gate019,377,74,303,23,51,0.45098039215686275,451,725,408,59
DK2,M3,q95,pivotal_reclustered,gate019_cool6,280,51,229,23,51,0.45098039215686275,451,725,408,59
DK2,M3,q95,pivotal_reclustered,gate019_rise,377,67,310,23,51,0.45098039215686275,451,725,408,59
