zone,level,policy,category,slots
DE_LU_FR_BE,q90,none,first_early,0
DE_LU_FR_BE,q90,none,repeat_early,0
DE_LU_FR_BE,q90,none,late_event,0
DE_LU_FR_BE,q90,none,non_event,0
DE_LU_FR_BE,q90,top1,first_early,26
DE_LU_FR_BE,q90,top1,repeat_early,0
DE_LU_FR_BE,q90,top1,late_event,153
DE_LU_FR_BE,q90,top1,non_event,546
DE_LU_FR_BE,q90,top2,first_early,35
DE_LU_FR_BE,q90,top2,repeat_early,16
DE_LU_FR_BE,q90,top2,late_event,290
DE_LU_FR_BE,q90,top2,non_event,1109
DE_LU_FR_BE,q90,gate025,first_early,32
DE_LU_FR_BE,q90,gate025,repeat_early,15
DE_LU_FR_BE,q90,gate025,late_event,275
DE_LU_FR_BE,q90,gate025,non_event,296
DE_LU_FR_BE,q90,inherited_priority019,first_early,34
DE_LU_FR_BE,q90,inherited_priority019,repeat_early,0
DE_LU_FR_BE,q90,inherited_priority019,late_event,225
DE_LU_FR_BE,q90,inherited_priority019,non_event,313
DE_LU_FR_BE,q90,gate025_cool6,first_early,31
DE_LU_FR_BE,q90,gate025_cool6,repeat_early,0
DE_LU_FR_BE,q90,gate025_cool6,late_event,233
DE_LU_FR_BE,q90,gate025_cool6,non_event,236
DE_LU_FR_BE,q90,gate025_rise,first_early,32
DE_LU_FR_BE,q90,gate025_rise,repeat_early,13
DE_LU_FR_BE,q90,gate025_rise,late_event,227
DE_LU_FR_BE,q90,gate025_rise,non_event,346
DE_LU_FR_BE,q90,gate025_rise_cool6,first_early,33
DE_LU_FR_BE,q90,gate025_rise_cool6,repeat_early,0
DE_LU_FR_BE,q90,gate025_rise_cool6,late_event,220
DE_LU_FR_BE,q90,gate025_rise_cool6,non_event,256
DE_LU_FR_BE,q90,rolling90_target05,first_early,24
DE_LU_FR_BE,q90,rolling90_target05,repeat_early,11
DE_LU_FR_BE,q90,rolling90_target05,late_event,199
DE_LU_FR_BE,q90,rolling90_target05,non_event,124
DE_LU_FR_BE,q90,development_count_gate,first_early,32
DE_LU_FR_BE,q90,development_count_gate,repeat_early,15
DE_LU_FR_BE,q90,development_count_gate,late_event,275
DE_LU_FR_BE,q90,development_count_gate,non_event,296
DE_LU_FR_BE,q90,gate019,first_early,33
DE_LU_FR_BE,q90,gate019,repeat_early,15
DE_LU_FR_BE,q90,gate019,late_event,282
DE_LU_FR_BE,q90,gate019,non_event,363
DE_LU_FR_BE,q90,gate019_cool6,first_early,31
DE_LU_FR_BE,q90,gate019_cool6,repeat_early,0
DE_LU_FR_BE,q90,gate019_cool6,late_event,239
DE_LU_FR_BE,q90,gate019_cool6,non_event,291
DE_LU_FR_BE,q90,gate019_rise,first_early,33
DE_LU_FR_BE,q90,gate019_rise,repeat_early,12
DE_LU_FR_BE,q90,gate019_rise,late_event,232
DE_LU_FR_BE,q90,gate019_rise,non_event,416
DE_LU_FR_BE,q95,none,first_early,0
DE_LU_FR_BE,q95,none,repeat_early,0
DE_LU_FR_BE,q95,none,late_event,0
DE_LU_FR_BE,q95,none,non_event,0
DE_LU_FR_BE,q95,top1,first_early,25
DE_LU_FR_BE,q95,top1,repeat_early,0
DE_LU_FR_BE,q95,top1,late_event,75
DE_LU_FR_BE,q95,top1,non_event,625
DE_LU_FR_BE,q95,top2,first_early,29
DE_LU_FR_BE,q95,top2,repeat_early,14
DE_LU_FR_BE,q95,top2,late_event,145
DE_LU_FR_BE,q95,top2,non_event,1262
DE_LU_FR_BE,q95,gate025,first_early,25
DE_LU_FR_BE,q95,gate025,repeat_early,13
DE_LU_FR_BE,q95,gate025,late_event,128
DE_LU_FR_BE,q95,gate025,non_event,239
DE_LU_FR_BE,q95,inherited_priority019,first_early,27
DE_LU_FR_BE,q95,inherited_priority019,repeat_early,0
DE_LU_FR_BE,q95,inherited_priority019,late_event,88
DE_LU_FR_BE,q95,inherited_priority019,non_event,256
DE_LU_FR_BE,q95,gate025_cool6,first_early,31
DE_LU_FR_BE,q95,gate025_cool6,repeat_early,0
DE_LU_FR_BE,q95,gate025_cool6,late_event,99
DE_LU_FR_BE,q95,gate025_cool6,non_event,180
DE_LU_FR_BE,q95,gate025_rise,first_early,28
DE_LU_FR_BE,q95,gate025_rise,repeat_early,8
DE_LU_FR_BE,q95,gate025_rise,late_event,90
DE_LU_FR_BE,q95,gate025_rise,non_event,279
DE_LU_FR_BE,q95,gate025_rise_cool6,first_early,27
DE_LU_FR_BE,q95,gate025_rise_cool6,repeat_early,0
DE_LU_FR_BE,q95,gate025_rise_cool6,late_event,83
DE_LU_FR_BE,q95,gate025_rise_cool6,non_event,208
DE_LU_FR_BE,q95,rolling90_target05,first_early,23
DE_LU_FR_BE,q95,rolling90_target05,repeat_early,12
DE_LU_FR_BE,q95,rolling90_target05,late_event,105
DE_LU_FR_BE,q95,rolling90_target05,non_event,213
DE_LU_FR_BE,q95,development_count_gate,first_early,28
DE_LU_FR_BE,q95,development_count_gate,repeat_early,14
DE_LU_FR_BE,q95,development_count_gate,late_event,139
DE_LU_FR_BE,q95,development_count_gate,non_event,390
DE_LU_FR_BE,q95,gate019,first_early,26
DE_LU_FR_BE,q95,gate019,repeat_early,14
DE_LU_FR_BE,q95,gate019,late_event,134
DE_LU_FR_BE,q95,gate019,non_event,292
DE_LU_FR_BE,q95,gate019_cool6,first_early,32
DE_LU_FR_BE,q95,gate019_cool6,repeat_early,0
DE_LU_FR_BE,q95,gate019_cool6,late_event,104
DE_LU_FR_BE,q95,gate019_cool6,non_event,225
DE_LU_FR_BE,q95,gate019_rise,first_early,29
DE_LU_FR_BE,q95,gate019_rise,repeat_early,9
DE_LU_FR_BE,q95,gate019_rise,late_event,96
DE_LU_FR_BE,q95,gate019_rise,non_event,332
DK1,q90,none,first_early,0
DK1,q90,none,repeat_early,0
DK1,q90,none,late_event,0
DK1,q90,none,non_event,0
DK1,q90,top1,first_early,28
DK1,q90,top1,repeat_early,0
DK1,q90,top1,late_event,121
DK1,q90,top1,non_event,576
DK1,q90,top2,first_early,35
DK1,q90,top2,repeat_early,20
DK1,q90,top2,late_event,235
DK1,q90,top2,non_event,1160
DK1,q90,gate025,first_early,32
DK1,q90,gate025,repeat_early,18
DK1,q90,gate025,late_event,205
DK1,q90,gate025,non_event,214
DK1,q90,inherited_priority019,first_early,33
DK1,q90,inherited_priority019,repeat_early,0
DK1,q90,inherited_priority019,late_event,156
DK1,q90,inherited_priority019,non_event,243
DK1,q90,gate025_cool6,first_early,33
DK1,q90,gate025_cool6,repeat_early,0
DK1,q90,gate025_cool6,late_event,167
DK1,q90,gate025_cool6,non_event,173
DK1,q90,gate025_rise,first_early,31
DK1,q90,gate025_rise,repeat_early,12
DK1,q90,gate025_rise,late_event,174
DK1,q90,gate025_rise,non_event,252
DK1,q90,gate025_rise_cool6,first_early,33
DK1,q90,gate025_rise_cool6,repeat_early,0
DK1,q90,gate025_rise_cool6,late_event,154
DK1,q90,gate025_rise_cool6,non_event,196
DK1,q90,rolling90_target05,first_early,26
DK1,q90,rolling90_target05,repeat_early,17
DK1,q90,rolling90_target05,late_event,164
DK1,q90,rolling90_target05,non_event,153
DK1,q90,development_count_gate,first_early,35
DK1,q90,development_count_gate,repeat_early,20
DK1,q90,development_count_gate,late_event,227
DK1,q90,development_count_gate,non_event,342
DK1,q90,gate019,first_early,33
DK1,q90,gate019,repeat_early,19
DK1,q90,gate019,late_event,212
DK1,q90,gate019,non_event,262
DK1,q90,gate019_cool6,first_early,33
DK1,q90,gate019_cool6,repeat_early,0
DK1,q90,gate019_cool6,late_event,173
DK1,q90,gate019_cool6,non_event,219
DK1,q90,gate019_rise,first_early,31
DK1,q90,gate019_rise,repeat_early,14
DK1,q90,gate019_rise,late_event,180
DK1,q90,gate019_rise,non_event,301
DK1,q95,none,first_early,0
DK1,q95,none,repeat_early,0
DK1,q95,none,late_event,0
DK1,q95,none,non_event,0
DK1,q95,top1,first_early,28
DK1,q95,top1,repeat_early,0
DK1,q95,top1,late_event,63
DK1,q95,top1,non_event,634
DK1,q95,top2,first_early,33
DK1,q95,top2,repeat_early,20
DK1,q95,top2,late_event,128
DK1,q95,top2,non_event,1269
DK1,q95,gate025,first_early,22
DK1,q95,gate025,repeat_early,13
DK1,q95,gate025,late_event,101
DK1,q95,gate025,non_event,130
DK1,q95,inherited_priority019,first_early,24
DK1,q95,inherited_priority019,repeat_early,0
DK1,q95,inherited_priority019,late_event,74
DK1,q95,inherited_priority019,non_event,152
DK1,q95,gate025_cool6,first_early,23
DK1,q95,gate025_cool6,repeat_early,0
DK1,q95,gate025_cool6,late_event,75
DK1,q95,gate025_cool6,non_event,102
DK1,q95,gate025_rise,first_early,23
DK1,q95,gate025_rise,repeat_early,7
DK1,q95,gate025_rise,late_event,82
DK1,q95,gate025_rise,non_event,154
DK1,q95,gate025_rise_cool6,first_early,21
DK1,q95,gate025_rise_cool6,repeat_early,0
DK1,q95,gate025_rise_cool6,late_event,72
DK1,q95,gate025_rise_cool6,non_event,112
DK1,q95,rolling90_target05,first_early,27
DK1,q95,rolling90_target05,repeat_early,13
DK1,q95,rolling90_target05,late_event,96
DK1,q95,rolling90_target05,non_event,218
DK1,q95,development_count_gate,first_early,32
DK1,q95,development_count_gate,repeat_early,19
DK1,q95,development_count_gate,late_event,123
DK1,q95,development_count_gate,non_event,372
DK1,q95,gate019,first_early,25
DK1,q95,gate019,repeat_early,16
DK1,q95,gate019,late_event,105
DK1,q95,gate019,non_event,181
DK1,q95,gate019_cool6,first_early,26
DK1,q95,gate019_cool6,repeat_early,0
DK1,q95,gate019_cool6,late_event,76
DK1,q95,gate019_cool6,non_event,143
DK1,q95,gate019_rise,first_early,26
DK1,q95,gate019_rise,repeat_early,10
DK1,q95,gate019_rise,late_event,85
DK1,q95,gate019_rise,non_event,206
DK2,q90,none,first_early,0
DK2,q90,none,repeat_early,0
DK2,q90,none,late_event,0
DK2,q90,none,non_event,0
DK2,q90,top1,first_early,33
DK2,q90,top1,repeat_early,2
DK2,q90,top1,late_event,134
DK2,q90,top1,non_event,556
DK2,q90,top2,first_early,40
DK2,q90,top2,repeat_early,25
DK2,q90,top2,late_event,256
DK2,q90,top2,non_event,1129
DK2,q90,gate025,first_early,33
DK2,q90,gate025,repeat_early,23
DK2,q90,gate025,late_event,238
DK2,q90,gate025,non_event,223
DK2,q90,inherited_priority019,first_early,36
DK2,q90,inherited_priority019,repeat_early,0
DK2,q90,inherited_priority019,late_event,180
DK2,q90,inherited_priority019,non_event,276
DK2,q90,gate025_cool6,first_early,36
DK2,q90,gate025_cool6,repeat_early,0
DK2,q90,gate025_cool6,late_event,198
DK2,q90,gate025_cool6,non_event,181
DK2,q90,gate025_rise,first_early,34
DK2,q90,gate025_rise,repeat_early,16
DK2,q90,gate025_rise,late_event,199
DK2,q90,gate025_rise,non_event,268
DK2,q90,gate025_rise_cool6,first_early,35
DK2,q90,gate025_rise_cool6,repeat_early,0
DK2,q90,gate025_rise_cool6,late_event,182
DK2,q90,gate025_rise_cool6,non_event,211
DK2,q90,rolling90_target05,first_early,26
DK2,q90,rolling90_target05,repeat_early,16
DK2,q90,rolling90_target05,late_event,179
DK2,q90,rolling90_target05,non_event,134
DK2,q90,development_count_gate,first_early,38
DK2,q90,development_count_gate,repeat_early,24
DK2,q90,development_count_gate,late_event,245
DK2,q90,development_count_gate,non_event,317
DK2,q90,gate019,first_early,37
DK2,q90,gate019,repeat_early,24
DK2,q90,gate019,late_event,242
DK2,q90,gate019,non_event,285
DK2,q90,gate019_cool6,first_early,39
DK2,q90,gate019_cool6,repeat_early,0
DK2,q90,gate019_cool6,late_event,199
DK2,q90,gate019_cool6,non_event,244
DK2,q90,gate019_rise,first_early,38
DK2,q90,gate019_rise,repeat_early,17
DK2,q90,gate019_rise,late_event,201
DK2,q90,gate019_rise,non_event,332
DK2,q95,none,first_early,0
DK2,q95,none,repeat_early,0
DK2,q95,none,late_event,0
DK2,q95,none,non_event,0
DK2,q95,top1,first_early,28
DK2,q95,top1,repeat_early,0
DK2,q95,top1,late_event,65
DK2,q95,top1,non_event,632
DK2,q95,top2,first_early,33
DK2,q95,top2,repeat_early,19
DK2,q95,top2,late_event,133
DK2,q95,top2,non_event,1265
DK2,q95,gate025,first_early,27
DK2,q95,gate025,repeat_early,12
DK2,q95,gate025,late_event,106
DK2,q95,gate025,non_event,153
DK2,q95,inherited_priority019,first_early,24
DK2,q95,inherited_priority019,repeat_early,0
DK2,q95,inherited_priority019,late_event,77
DK2,q95,inherited_priority019,non_event,179
DK2,q95,gate025_cool6,first_early,24
DK2,q95,gate025_cool6,repeat_early,0
DK2,q95,gate025_cool6,late_event,78
DK2,q95,gate025_cool6,non_event,126
DK2,q95,gate025_rise,first_early,27
DK2,q95,gate025_rise,repeat_early,6
DK2,q95,gate025_rise,late_event,87
DK2,q95,gate025_rise,non_event,178
DK2,q95,gate025_rise_cool6,first_early,22
DK2,q95,gate025_rise_cool6,repeat_early,0
DK2,q95,gate025_rise_cool6,late_event,72
DK2,q95,gate025_rise_cool6,non_event,136
DK2,q95,rolling90_target05,first_early,23
DK2,q95,rolling90_target05,repeat_early,11
DK2,q95,rolling90_target05,late_event,106
DK2,q95,rolling90_target05,non_event,213
DK2,q95,development_count_gate,first_early,31
DK2,q95,development_count_gate,repeat_early,19
DK2,q95,development_count_gate,late_event,129
DK2,q95,development_count_gate,non_event,377
DK2,q95,gate019,first_early,29
DK2,q95,gate019,repeat_early,16
DK2,q95,gate019,late_event,113
DK2,q95,gate019,non_event,211
DK2,q95,gate019_cool6,first_early,26
DK2,q95,gate019_cool6,repeat_early,0
DK2,q95,gate019_cool6,late_event,80
DK2,q95,gate019_cool6,non_event,169
DK2,q95,gate019_rise,first_early,28
DK2,q95,gate019_rise,repeat_early,11
DK2,q95,gate019_rise,late_event,94
DK2,q95,gate019_rise,non_event,236
