profile,zone,q,candidate,reference,block_days,difference,ci95,replicates,assumption
local,DK1,q90,P1_risk_gate,P0_forced_top2,7,0.22778101970968068,"[0.17033761040577863, 0.2937233949141647]",2000,"fixed policy, fixed common workload and intact realised processes, resampled by onset day within year/quarter; no episode reconnection"
local,DK1,q90,P1_risk_gate,P0_forced_top2,14,0.22778101970968068,"[0.16050300583925858, 0.27575549139805283]",2000,"fixed policy, fixed common workload and intact realised processes, resampled by onset day within year/quarter; no episode reconnection"
local,DK1,q90,P1_risk_gate,P0_forced_top2,28,0.22778101970968068,"[0.15683938483623672, 0.24815690705818855]",2000,"fixed policy, fixed common workload and intact realised processes, resampled by onset day within year/quarter; no episode reconnection"
local,DK1,q95,P1_risk_gate,P0_forced_top2,7,0.2218795663299046,"[0.11602328589198123, 0.2953019456511629]",2000,"fixed policy, fixed common workload and intact realised processes, resampled by onset day within year/quarter; no episode reconnection"
local,DK1,q95,P1_risk_gate,P0_forced_top2,14,0.2218795663299046,"[0.10650142016578011, 0.27050490658871273]",2000,"fixed policy, fixed common workload and intact realised processes, resampled by onset day within year/quarter; no episode reconnection"
local,DK1,q95,P1_risk_gate,P0_forced_top2,28,0.2218795663299046,"[0.10213877186210438, 0.24236806685272522]",2000,"fixed policy, fixed common workload and intact realised processes, resampled by onset day within year/quarter; no episode reconnection"
local,DK2,q90,P1_risk_gate,P0_forced_top2,7,0.1796334195906233,"[0.11630732646954146, 0.2418547902980702]",2000,"fixed policy, fixed common workload and intact realised processes, resampled by onset day within year/quarter; no episode reconnection"
local,DK2,q90,P1_risk_gate,P0_forced_top2,14,0.1796334195906233,"[0.11620043131252998, 0.23544185657536038]",2000,"fixed policy, fixed common workload and intact realised processes, resampled by onset day within year/quarter; no episode reconnection"
local,DK2,q90,P1_risk_gate,P0_forced_top2,28,0.1796334195906233,"[0.11509615241874291, 0.24466217109498262]",2000,"fixed policy, fixed common workload and intact realised processes, resampled by onset day within year/quarter; no episode reconnection"
local,DK2,q95,P1_risk_gate,P0_forced_top2,7,0.2833481099185852,"[0.19786533121522148, 0.3716741073492809]",2000,"fixed policy, fixed common workload and intact realised processes, resampled by onset day within year/quarter; no episode reconnection"
local,DK2,q95,P1_risk_gate,P0_forced_top2,14,0.2833481099185852,"[0.2042941201555636, 0.36197054781417226]",2000,"fixed policy, fixed common workload and intact realised processes, resampled by onset day within year/quarter; no episode reconnection"
local,DK2,q95,P1_risk_gate,P0_forced_top2,28,0.2833481099185852,"[0.22289332819894467, 0.3557701829668286]",2000,"fixed policy, fixed common workload and intact realised processes, resampled by onset day within year/quarter; no episode reconnection"
