N,hits,false,C,processes,coverage,event_hours,complete_days,zone,model,rule,year
363,112,251,12,39,0.3076923076923077,1415,363,DE_LU_FR_BE,original_M0,top1,2024
362,67,295,14,32,0.4375,690,362,DE_LU_FR_BE,original_M0,top1,2025
726,216,510,18,39,0.4615384615384615,1415,363,DE_LU_FR_BE,original_M0,top2,2024
724,125,599,17,32,0.53125,690,362,DE_LU_FR_BE,original_M0,top2,2025
356,203,153,15,39,0.3846153846153846,1415,363,DE_LU_FR_BE,original_M0,count2022_target05,2024
262,119,143,17,32,0.53125,690,362,DE_LU_FR_BE,original_M0,count2022_target05,2025
366,204,162,15,39,0.3846153846153846,1415,363,DE_LU_FR_BE,original_M0,count2023_target05,2024
276,120,156,17,32,0.53125,690,362,DE_LU_FR_BE,original_M0,count2023_target05,2025
356,203,153,15,39,0.3846153846153846,1415,363,DE_LU_FR_BE,original_M0,fixed025,2024
262,119,143,17,32,0.53125,690,362,DE_LU_FR_BE,original_M0,fixed025,2025
305,173,132,17,39,0.4358974358974359,1415,363,DE_LU_FR_BE,original_M0,count2022_cool6,2024
195,91,104,14,32,0.4375,690,362,DE_LU_FR_BE,original_M0,count2022_cool6,2025
312,175,137,18,39,0.4615384615384615,1415,363,DE_LU_FR_BE,original_M0,count2023_cool6,2024
205,91,114,13,32,0.40625,690,362,DE_LU_FR_BE,original_M0,count2023_cool6,2025
363,110,253,18,39,0.4615384615384615,1415,363,DE_LU_FR_BE,forecast_early_logit,top1,2024
362,65,297,13,32,0.40625,690,362,DE_LU_FR_BE,forecast_early_logit,top1,2025
726,218,508,27,39,0.6923076923076923,1415,363,DE_LU_FR_BE,forecast_early_logit,top2,2024
724,122,602,16,32,0.5,690,362,DE_LU_FR_BE,forecast_early_logit,top2,2025
349,197,152,24,39,0.6153846153846154,1415,363,DE_LU_FR_BE,forecast_early_logit,count2022_target05,2024
282,116,166,16,32,0.5,690,362,DE_LU_FR_BE,forecast_early_logit,count2022_target05,2025
397,207,190,25,39,0.6410256410256411,1415,363,DE_LU_FR_BE,forecast_early_logit,count2023_target05,2024
338,117,221,16,32,0.5,690,362,DE_LU_FR_BE,forecast_early_logit,count2023_target05,2025
45,36,9,6,39,0.1538461538461538,1415,363,DE_LU_FR_BE,forecast_early_logit,fixed025,2024
30,23,7,4,32,0.125,690,362,DE_LU_FR_BE,forecast_early_logit,fixed025,2025
270,150,120,17,39,0.4358974358974359,1415,363,DE_LU_FR_BE,forecast_early_logit,count2022_cool6,2024
210,95,115,15,32,0.46875,690,362,DE_LU_FR_BE,forecast_early_logit,count2022_cool6,2025
320,165,155,21,39,0.5384615384615384,1415,363,DE_LU_FR_BE,forecast_early_logit,count2023_cool6,2024
267,97,170,15,32,0.46875,690,362,DE_LU_FR_BE,forecast_early_logit,count2023_cool6,2025
363,117,246,16,39,0.4102564102564102,1415,363,DE_LU_FR_BE,forecast_hour_logit,top1,2024
362,65,297,12,32,0.375,690,362,DE_LU_FR_BE,forecast_hour_logit,top1,2025
726,222,504,20,39,0.5128205128205128,1415,363,DE_LU_FR_BE,forecast_hour_logit,top2,2024
724,127,597,18,32,0.5625,690,362,DE_LU_FR_BE,forecast_hour_logit,top2,2025
394,211,183,18,39,0.4615384615384615,1415,363,DE_LU_FR_BE,forecast_hour_logit,count2022_target05,2024
344,124,220,18,32,0.5625,690,362,DE_LU_FR_BE,forecast_hour_logit,count2022_target05,2025
437,216,221,19,39,0.4871794871794871,1415,363,DE_LU_FR_BE,forecast_hour_logit,count2023_target05,2024
386,125,261,18,32,0.5625,690,362,DE_LU_FR_BE,forecast_hour_logit,count2023_target05,2025
268,189,79,13,39,0.3333333333333333,1415,363,DE_LU_FR_BE,forecast_hour_logit,fixed025,2024
178,112,66,16,32,0.5,690,362,DE_LU_FR_BE,forecast_hour_logit,fixed025,2025
355,191,164,23,39,0.5897435897435898,1415,363,DE_LU_FR_BE,forecast_hour_logit,count2022_cool6,2024
295,98,197,15,32,0.46875,690,362,DE_LU_FR_BE,forecast_hour_logit,count2022_cool6,2025
394,196,198,23,39,0.5897435897435898,1415,363,DE_LU_FR_BE,forecast_hour_logit,count2023_cool6,2024
329,99,230,15,32,0.46875,690,362,DE_LU_FR_BE,forecast_hour_logit,count2023_cool6,2025
363,95,268,15,40,0.375,1075,363,DK1,original_M0,top1,2024
362,54,308,13,31,0.4193548387096774,566,362,DK1,original_M0,top1,2025
726,178,548,15,40,0.375,1075,363,DK1,original_M0,top2,2024
724,112,612,20,31,0.6451612903225806,566,362,DK1,original_M0,top2,2025
351,173,178,15,40,0.375,1075,363,DK1,original_M0,count2022_target05,2024
273,109,164,20,31,0.6451612903225806,566,362,DK1,original_M0,count2022_target05,2025
315,170,145,15,40,0.375,1075,363,DK1,original_M0,count2023_target05,2024
244,98,146,19,31,0.6129032258064516,566,362,DK1,original_M0,count2023_target05,2025
282,166,116,15,40,0.375,1075,363,DK1,original_M0,fixed025,2024
187,89,98,17,31,0.5483870967741935,566,362,DK1,original_M0,fixed025,2025
298,143,155,22,40,0.55,1075,363,DK1,original_M0,count2022_cool6,2024
216,77,139,14,31,0.4516129032258064,566,362,DK1,original_M0,count2022_cool6,2025
272,139,133,21,40,0.525,1075,363,DK1,original_M0,count2023_cool6,2024
188,70,118,13,31,0.4193548387096774,566,362,DK1,original_M0,count2023_cool6,2025
363,62,301,10,40,0.25,1075,363,DK1,base_early_logit,top1,2024
362,47,315,12,31,0.3870967741935484,566,362,DK1,base_early_logit,top1,2025
726,119,607,16,40,0.4,1075,363,DK1,base_early_logit,top2,2024
724,98,626,14,31,0.4516129032258064,566,362,DK1,base_early_logit,top2,2025
384,114,270,15,40,0.375,1075,363,DK1,base_early_logit,count2022_target05,2024
309,96,213,14,31,0.4516129032258064,566,362,DK1,base_early_logit,count2022_target05,2025
384,114,270,15,40,0.375,1075,363,DK1,base_early_logit,count2023_target05,2024
309,96,213,14,31,0.4516129032258064,566,362,DK1,base_early_logit,count2023_target05,2025
9,9,0,0,40,0.0,1075,363,DK1,base_early_logit,fixed025,2024
6,6,0,0,31,0.0,566,362,DK1,base_early_logit,fixed025,2025
344,102,242,16,40,0.4,1075,363,DK1,base_early_logit,count2022_cool6,2024
251,72,179,13,31,0.4193548387096774,566,362,DK1,base_early_logit,count2022_cool6,2025
344,102,242,16,40,0.4,1075,363,DK1,base_early_logit,count2023_cool6,2024
251,72,179,13,31,0.4193548387096774,566,362,DK1,base_early_logit,count2023_cool6,2025
363,98,265,15,40,0.375,1075,363,DK1,base_hour_logit,top1,2024
362,54,308,13,31,0.4193548387096774,566,362,DK1,base_hour_logit,top1,2025
726,179,547,15,40,0.375,1075,363,DK1,base_hour_logit,top2,2024
724,113,611,20,31,0.6451612903225806,566,362,DK1,base_hour_logit,top2,2025
420,179,241,15,40,0.375,1075,363,DK1,base_hour_logit,count2022_target05,2024
377,113,264,20,31,0.6451612903225806,566,362,DK1,base_hour_logit,count2022_target05,2025
420,179,241,15,40,0.375,1075,363,DK1,base_hour_logit,count2023_target05,2024
377,113,264,20,31,0.6451612903225806,566,362,DK1,base_hour_logit,count2023_target05,2025
232,149,83,14,40,0.35,1075,363,DK1,base_hour_logit,fixed025,2024
154,85,69,16,31,0.5161290322580645,566,362,DK1,base_hour_logit,fixed025,2025
376,152,224,22,40,0.55,1075,363,DK1,base_hour_logit,count2022_cool6,2024
325,82,243,17,31,0.5483870967741935,566,362,DK1,base_hour_logit,count2022_cool6,2025
376,152,224,22,40,0.55,1075,363,DK1,base_hour_logit,count2023_cool6,2024
325,82,243,17,31,0.5483870967741935,566,362,DK1,base_hour_logit,count2023_cool6,2025
363,71,292,13,40,0.325,1075,363,DK1,price_early_logit,top1,2024
362,45,317,9,31,0.2903225806451613,566,362,DK1,price_early_logit,top1,2025
726,149,577,20,40,0.5,1075,363,DK1,price_early_logit,top2,2024
724,85,639,11,31,0.3548387096774194,566,362,DK1,price_early_logit,top2,2025
311,94,217,16,40,0.4,1075,363,DK1,price_early_logit,count2022_target05,2024
339,78,261,9,31,0.2903225806451613,566,362,DK1,price_early_logit,count2022_target05,2025
477,144,333,20,40,0.5,1075,363,DK1,price_early_logit,count2023_target05,2024
515,85,430,11,31,0.3548387096774194,566,362,DK1,price_early_logit,count2023_target05,2025
7,7,0,0,40,0.0,1075,363,DK1,price_early_logit,fixed025,2024
10,7,3,1,31,0.032258064516129,566,362,DK1,price_early_logit,fixed025,2025
250,75,175,16,40,0.4,1075,363,DK1,price_early_logit,count2022_cool6,2024
281,67,214,11,31,0.3548387096774194,566,362,DK1,price_early_logit,count2022_cool6,2025
433,111,322,21,40,0.525,1075,363,DK1,price_early_logit,count2023_cool6,2024
473,76,397,13,31,0.4193548387096774,566,362,DK1,price_early_logit,count2023_cool6,2025
363,61,302,9,40,0.225,1075,363,DK1,price_hour_logit,top1,2024
362,39,323,7,31,0.2258064516129032,566,362,DK1,price_hour_logit,top1,2025
726,130,596,15,40,0.375,1075,363,DK1,price_hour_logit,top2,2024
724,78,646,11,31,0.3548387096774194,566,362,DK1,price_hour_logit,top2,2025
489,124,365,15,40,0.375,1075,363,DK1,price_hour_logit,count2022_target05,2024
528,77,451,11,31,0.3548387096774194,566,362,DK1,price_hour_logit,count2022_target05,2025
579,129,450,15,40,0.375,1075,363,DK1,price_hour_logit,count2023_target05,2024
588,77,511,11,31,0.3548387096774194,566,362,DK1,price_hour_logit,count2023_target05,2025
44,22,22,2,40,0.05,1075,363,DK1,price_hour_logit,fixed025,2024
64,29,35,3,31,0.0967741935483871,566,362,DK1,price_hour_logit,fixed025,2025
467,93,374,16,40,0.4,1075,363,DK1,price_hour_logit,count2022_cool6,2024
525,66,459,12,31,0.3870967741935484,566,362,DK1,price_hour_logit,count2022_cool6,2025
572,100,472,18,40,0.45,1075,363,DK1,price_hour_logit,count2023_cool6,2024
579,66,513,12,31,0.3870967741935484,566,362,DK1,price_hour_logit,count2023_cool6,2025
363,86,277,16,40,0.4,1075,363,DK1,combined_early_logit,top1,2024
362,56,306,13,31,0.4193548387096774,566,362,DK1,combined_early_logit,top1,2025
726,172,554,22,40,0.55,1075,363,DK1,combined_early_logit,top2,2024
724,108,616,14,31,0.4516129032258064,566,362,DK1,combined_early_logit,top2,2025
408,168,240,22,40,0.55,1075,363,DK1,combined_early_logit,count2022_target05,2024
331,105,226,13,31,0.4193548387096774,566,362,DK1,combined_early_logit,count2022_target05,2025
408,168,240,22,40,0.55,1075,363,DK1,combined_early_logit,count2023_target05,2024
331,105,226,13,31,0.4193548387096774,566,362,DK1,combined_early_logit,count2023_target05,2025
16,16,0,1,40,0.025,1075,363,DK1,combined_early_logit,fixed025,2024
12,12,0,2,31,0.064516129032258,566,362,DK1,combined_early_logit,fixed025,2025
361,138,223,27,40,0.675,1075,363,DK1,combined_early_logit,count2022_cool6,2024
267,86,181,14,31,0.4516129032258064,566,362,DK1,combined_early_logit,count2022_cool6,2025
361,138,223,27,40,0.675,1075,363,DK1,combined_early_logit,count2023_cool6,2024
267,86,181,14,31,0.4516129032258064,566,362,DK1,combined_early_logit,count2023_cool6,2025
363,103,260,16,40,0.4,1075,363,DK1,combined_hour_logit,top1,2024
362,62,300,16,31,0.5161290322580645,566,362,DK1,combined_hour_logit,top1,2025
726,193,533,19,40,0.475,1075,363,DK1,combined_hour_logit,top2,2024
724,123,601,21,31,0.6774193548387096,566,362,DK1,combined_hour_logit,top2,2025
452,193,259,19,40,0.475,1075,363,DK1,combined_hour_logit,count2022_target05,2024
390,123,267,21,31,0.6774193548387096,566,362,DK1,combined_hour_logit,count2022_target05,2025
493,193,300,19,40,0.475,1075,363,DK1,combined_hour_logit,count2023_target05,2024
428,123,305,21,31,0.6774193548387096,566,362,DK1,combined_hour_logit,count2023_target05,2025
248,163,85,16,40,0.4,1075,363,DK1,combined_hour_logit,fixed025,2024
171,96,75,15,31,0.4838709677419355,566,362,DK1,combined_hour_logit,fixed025,2025
399,159,240,24,40,0.6,1075,363,DK1,combined_hour_logit,count2022_cool6,2024
336,93,243,19,31,0.6129032258064516,566,362,DK1,combined_hour_logit,count2022_cool6,2025
438,160,278,24,40,0.6,1075,363,DK1,combined_hour_logit,count2023_cool6,2024
383,96,287,19,31,0.6129032258064516,566,362,DK1,combined_hour_logit,count2023_cool6,2025
363,103,260,18,41,0.4390243902439024,1155,363,DK2,original_M0,top1,2024
362,66,296,15,34,0.4411764705882353,671,362,DK2,original_M0,top1,2025
726,191,535,21,41,0.5121951219512195,1155,363,DK2,original_M0,top2,2024
724,130,594,19,34,0.5588235294117647,671,362,DK2,original_M0,top2,2025
341,185,156,19,41,0.4634146341463415,1155,363,DK2,original_M0,count2022_target05,2024
283,122,161,19,34,0.5588235294117647,671,362,DK2,original_M0,count2022_target05,2025
315,183,132,19,41,0.4634146341463415,1155,363,DK2,original_M0,count2023_target05,2024
245,118,127,18,34,0.5294117647058824,671,362,DK2,original_M0,count2023_target05,2025
297,182,115,18,41,0.4390243902439024,1155,363,DK2,original_M0,fixed025,2024
220,112,108,15,34,0.4411764705882353,671,362,DK2,original_M0,fixed025,2025
300,153,147,23,41,0.5609756097560976,1155,363,DK2,original_M0,count2022_cool6,2024
229,92,137,19,34,0.5588235294117647,671,362,DK2,original_M0,count2022_cool6,2025
269,150,119,23,41,0.5609756097560976,1155,363,DK2,original_M0,count2023_cool6,2024
191,88,103,16,34,0.4705882352941176,671,362,DK2,original_M0,count2023_cool6,2025
363,88,275,18,41,0.4390243902439024,1155,363,DK2,base_early_logit,top1,2024
362,65,297,16,34,0.4705882352941176,671,362,DK2,base_early_logit,top1,2025
726,169,557,21,41,0.5121951219512195,1155,363,DK2,base_early_logit,top2,2024
724,127,597,19,34,0.5588235294117647,671,362,DK2,base_early_logit,top2,2025
315,156,159,18,41,0.4390243902439024,1155,363,DK2,base_early_logit,count2022_target05,2024
259,111,148,16,34,0.4705882352941176,671,362,DK2,base_early_logit,count2022_target05,2025
315,156,159,18,41,0.4390243902439024,1155,363,DK2,base_early_logit,count2023_target05,2024
259,111,148,16,34,0.4705882352941176,671,362,DK2,base_early_logit,count2023_target05,2025
7,7,0,0,41,0.0,1155,363,DK2,base_early_logit,fixed025,2024
4,4,0,0,34,0.0,671,362,DK2,base_early_logit,fixed025,2025
266,128,138,18,41,0.4390243902439024,1155,363,DK2,base_early_logit,count2022_cool6,2024
206,88,118,17,34,0.5,671,362,DK2,base_early_logit,count2022_cool6,2025
266,128,138,18,41,0.4390243902439024,1155,363,DK2,base_early_logit,count2023_cool6,2024
206,88,118,17,34,0.5,671,362,DK2,base_early_logit,count2023_cool6,2025
363,104,259,18,41,0.4390243902439024,1155,363,DK2,base_hour_logit,top1,2024
362,68,294,15,34,0.4411764705882353,671,362,DK2,base_hour_logit,top1,2025
726,191,535,22,41,0.5365853658536586,1155,363,DK2,base_hour_logit,top2,2024
724,130,594,19,34,0.5588235294117647,671,362,DK2,base_hour_logit,top2,2025
387,187,200,21,41,0.5121951219512195,1155,363,DK2,base_hour_logit,count2022_target05,2024
364,129,235,19,34,0.5588235294117647,671,362,DK2,base_hour_logit,count2022_target05,2025
387,187,200,21,41,0.5121951219512195,1155,363,DK2,base_hour_logit,count2023_target05,2024
364,129,235,19,34,0.5588235294117647,671,362,DK2,base_hour_logit,count2023_target05,2025
243,169,74,16,41,0.3902439024390244,1155,363,DK2,base_hour_logit,fixed025,2024
186,107,79,16,34,0.4705882352941176,671,362,DK2,base_hour_logit,fixed025,2025
341,155,186,23,41,0.5609756097560976,1155,363,DK2,base_hour_logit,count2022_cool6,2024
310,98,212,19,34,0.5588235294117647,671,362,DK2,base_hour_logit,count2022_cool6,2025
341,155,186,23,41,0.5609756097560976,1155,363,DK2,base_hour_logit,count2023_cool6,2024
310,98,212,19,34,0.5588235294117647,671,362,DK2,base_hour_logit,count2023_cool6,2025
363,65,298,10,41,0.2439024390243902,1155,363,DK2,price_early_logit,top1,2024
362,49,313,6,34,0.1764705882352941,671,362,DK2,price_early_logit,top1,2025
726,130,596,15,41,0.3658536585365853,1155,363,DK2,price_early_logit,top2,2024
724,92,632,10,34,0.2941176470588235,671,362,DK2,price_early_logit,top2,2025
95,50,45,7,41,0.1707317073170731,1155,363,DK2,price_early_logit,count2022_target05,2024
330,84,246,8,34,0.2352941176470588,671,362,DK2,price_early_logit,count2022_target05,2025
493,125,368,14,41,0.3414634146341463,1155,363,DK2,price_early_logit,count2023_target05,2024
522,92,430,10,34,0.2941176470588235,671,362,DK2,price_early_logit,count2023_target05,2025
3,3,0,0,41,0.0,1155,363,DK2,price_early_logit,fixed025,2024
0,0,0,0,34,0.0,671,362,DK2,price_early_logit,fixed025,2025
75,41,34,6,41,0.1463414634146341,1155,363,DK2,price_early_logit,count2022_cool6,2024
231,69,162,10,34,0.2941176470588235,671,362,DK2,price_early_logit,count2022_cool6,2025
440,97,343,14,41,0.3414634146341463,1155,363,DK2,price_early_logit,count2023_cool6,2024
517,84,433,10,34,0.2941176470588235,671,362,DK2,price_early_logit,count2023_cool6,2025
363,61,302,9,41,0.2195121951219512,1155,363,DK2,price_hour_logit,top1,2024
362,45,317,6,34,0.1764705882352941,671,362,DK2,price_hour_logit,top1,2025
726,141,585,16,41,0.3902439024390244,1155,363,DK2,price_hour_logit,top2,2024
724,95,629,10,34,0.2941176470588235,671,362,DK2,price_hour_logit,top2,2025
408,109,299,12,41,0.2926829268292683,1155,363,DK2,price_hour_logit,count2022_target05,2024
514,90,424,9,34,0.2647058823529412,671,362,DK2,price_hour_logit,count2022_target05,2025
513,132,381,14,41,0.3414634146341463,1155,363,DK2,price_hour_logit,count2023_target05,2024
524,90,434,9,34,0.2647058823529412,671,362,DK2,price_hour_logit,count2023_target05,2025
34,20,14,0,41,0.0,1155,363,DK2,price_hour_logit,fixed025,2024
56,27,29,1,34,0.0294117647058823,671,362,DK2,price_hour_logit,fixed025,2025
397,88,309,11,41,0.2682926829268293,1155,363,DK2,price_hour_logit,count2022_cool6,2024
512,81,431,11,34,0.3235294117647059,671,362,DK2,price_hour_logit,count2022_cool6,2025
506,101,405,13,41,0.3170731707317073,1155,363,DK2,price_hour_logit,count2023_cool6,2024
523,81,442,11,34,0.3235294117647059,671,362,DK2,price_hour_logit,count2023_cool6,2025
363,98,265,16,41,0.3902439024390244,1155,363,DK2,combined_early_logit,top1,2024
362,67,295,14,34,0.4117647058823529,671,362,DK2,combined_early_logit,top1,2025
726,194,532,26,41,0.6341463414634146,1155,363,DK2,combined_early_logit,top2,2024
724,128,596,18,34,0.5294117647058824,671,362,DK2,combined_early_logit,top2,2025
341,187,154,22,41,0.5365853658536586,1155,363,DK2,combined_early_logit,count2022_target05,2024
285,119,166,17,34,0.5,671,362,DK2,combined_early_logit,count2022_target05,2025
341,187,154,22,41,0.5365853658536586,1155,363,DK2,combined_early_logit,count2023_target05,2024
285,119,166,17,34,0.5,671,362,DK2,combined_early_logit,count2023_target05,2025
12,12,0,0,41,0.0,1155,363,DK2,combined_early_logit,fixed025,2024
7,7,0,0,34,0.0,671,362,DK2,combined_early_logit,fixed025,2025
296,155,141,25,41,0.6097560975609756,1155,363,DK2,combined_early_logit,count2022_cool6,2024
232,102,130,16,34,0.4705882352941176,671,362,DK2,combined_early_logit,count2022_cool6,2025
296,155,141,25,41,0.6097560975609756,1155,363,DK2,combined_early_logit,count2023_cool6,2024
232,102,130,16,34,0.4705882352941176,671,362,DK2,combined_early_logit,count2023_cool6,2025
363,110,253,20,41,0.4878048780487805,1155,363,DK2,combined_hour_logit,top1,2024
362,73,289,15,34,0.4411764705882353,671,362,DK2,combined_hour_logit,top1,2025
726,203,523,26,41,0.6341463414634146,1155,363,DK2,combined_hour_logit,top2,2024
724,138,586,22,34,0.6470588235294118,671,362,DK2,combined_hour_logit,top2,2025
409,200,209,24,41,0.5853658536585366,1155,363,DK2,combined_hour_logit,count2022_target05,2024
378,137,241,22,34,0.6470588235294118,671,362,DK2,combined_hour_logit,count2022_target05,2025
463,201,262,24,41,0.5853658536585366,1155,363,DK2,combined_hour_logit,count2023_target05,2024
426,138,288,22,34,0.6470588235294118,671,362,DK2,combined_hour_logit,count2023_target05,2025
257,179,78,17,41,0.4146341463414634,1155,363,DK2,combined_hour_logit,fixed025,2024
209,122,87,17,34,0.5,671,362,DK2,combined_hour_logit,fixed025,2025
357,166,191,24,41,0.5853658536585366,1155,363,DK2,combined_hour_logit,count2022_cool6,2024
319,101,218,18,34,0.5294117647058824,671,362,DK2,combined_hour_logit,count2022_cool6,2025
414,169,245,26,41,0.6341463414634146,1155,363,DK2,combined_hour_logit,count2023_cool6,2024
370,103,267,18,34,0.5294117647058824,671,362,DK2,combined_hour_logit,count2023_cool6,2025
363,59,304,9,40,0.225,1075,363,DK1,raw_price_rank,top1,2024
362,40,322,7,31,0.22580645161290322,566,362,DK1,raw_price_rank,top1,2025
726,131,595,16,40,0.4,1075,363,DK1,raw_price_rank,top2,2024
724,75,649,8,31,0.25806451612903225,566,362,DK1,raw_price_rank,top2,2025
363,58,305,7,41,0.17073170731707318,1155,363,DK2,raw_price_rank,top1,2024
362,46,316,3,34,0.08823529411764706,671,362,DK2,raw_price_rank,top1,2025
726,129,597,13,41,0.3170731707317073,1155,363,DK2,raw_price_rank,top2,2024
724,88,636,9,34,0.2647058823529412,671,362,DK2,raw_price_rank,top2,2025
