zone,year,n_hours,event_hours,early_event_hours,early_prior,processes,uncertain_boundary_processes
DE_LU_FR_BE,2022,8688,256,61,0.007021178637200737,25,0
DE_LU_FR_BE,2023,8472,419,98,0.011567516525023608,28,7
DE_LU_FR_BE,2024,8712,1415,132,0.015151515151515152,39,3
DE_LU_FR_BE,2025,8688,690,91,0.010474217311233885,32,0
DK1,2022,8688,148,48,0.0055248618784530384,19,0
DK1,2023,8544,399,99,0.011587078651685394,31,5
DK1,2024,8712,1075,138,0.01584022038567493,40,2
DK1,2025,8688,566,97,0.011164825046040515,31,2
DK2,2022,8688,206,60,0.006906077348066298,22,0
DK2,2023,8544,450,81,0.009480337078651686,26,4
DK2,2024,8712,1155,152,0.017447199265381085,41,2
DK2,2025,8688,671,98,0.011279926335174955,34,2
