zone,model_policy,N,pivotal_hits,nested_opportunities,nested_covered,reclustered_processes,reclustered_covered,reclustered_coverage,pivotal_event_hours
DK1,original_M0__top1,725,61,45,17,63,20,0.31746031746031744,717
DK1,original_M0__top2,1450,117,45,22,63,26,0.4126984126984127,717
DK1,original_M0__count2022_target05,624,110,45,22,63,25,0.3968253968253968,717
DK1,original_M0__count2023_target05,559,103,45,22,63,25,0.3968253968253968,717
DK1,original_M0__fixed025,469,97,45,21,63,24,0.38095238095238093,717
DK1,original_M0__count2022_cool6,514,85,45,19,63,27,0.42857142857142855,717
DK1,original_M0__count2023_cool6,460,82,45,19,63,27,0.42857142857142855,717
DK1,base_early_logit__top1,725,48,45,12,63,15,0.23809523809523808,717
DK1,base_early_logit__top2,1450,96,45,19,63,21,0.3333333333333333,717
DK1,base_early_logit__count2022_target05,693,90,45,18,63,20,0.31746031746031744,717
DK1,base_early_logit__count2023_target05,693,90,45,18,63,20,0.31746031746031744,717
DK1,base_early_logit__fixed025,15,3,45,0,63,0,0.0,717
DK1,base_early_logit__count2022_cool6,595,74,45,17,63,22,0.3492063492063492,717
DK1,base_early_logit__count2023_cool6,595,74,45,17,63,22,0.3492063492063492,717
DK1,base_hour_logit__top1,725,60,45,17,63,20,0.31746031746031744,717
DK1,base_hour_logit__top2,1450,115,45,22,63,25,0.3968253968253968,717
DK1,base_hour_logit__count2022_target05,797,115,45,22,63,25,0.3968253968253968,717
DK1,base_hour_logit__count2023_target05,797,115,45,22,63,25,0.3968253968253968,717
DK1,base_hour_logit__fixed025,386,89,45,20,63,23,0.36507936507936506,717
DK1,base_hour_logit__count2022_cool6,701,93,45,21,63,29,0.4603174603174603,717
DK1,base_hour_logit__count2023_cool6,701,93,45,21,63,29,0.4603174603174603,717
DK1,price_early_logit__top1,725,48,45,14,63,18,0.2857142857142857,717
DK1,price_early_logit__top2,1450,97,45,21,63,26,0.4126984126984127,717
DK1,price_early_logit__count2022_target05,650,74,45,16,63,19,0.30158730158730157,717
DK1,price_early_logit__count2023_target05,992,94,45,21,63,26,0.4126984126984127,717
DK1,price_early_logit__fixed025,17,3,45,0,63,0,0.0,717
DK1,price_early_logit__count2022_cool6,531,63,45,17,63,21,0.3333333333333333,717
DK1,price_early_logit__count2023_cool6,906,80,45,22,63,28,0.4444444444444444,717
DK1,price_hour_logit__top1,725,47,45,10,63,16,0.25396825396825395,717
DK1,price_hour_logit__top2,1450,93,45,17,63,25,0.3968253968253968,717
DK1,price_hour_logit__count2022_target05,1017,89,45,17,63,24,0.38095238095238093,717
DK1,price_hour_logit__count2023_target05,1167,91,45,17,63,24,0.38095238095238093,717
DK1,price_hour_logit__fixed025,108,20,45,2,63,4,0.06349206349206349,717
DK1,price_hour_logit__count2022_cool6,992,73,45,18,63,24,0.38095238095238093,717
DK1,price_hour_logit__count2023_cool6,1151,75,45,18,63,24,0.38095238095238093,717
DK1,combined_early_logit__top1,725,57,45,17,63,20,0.31746031746031744,717
DK1,combined_early_logit__top2,1450,110,45,21,63,25,0.3968253968253968,717
DK1,combined_early_logit__count2022_target05,739,104,45,20,63,24,0.38095238095238093,717
DK1,combined_early_logit__count2023_target05,739,104,45,20,63,24,0.38095238095238093,717
DK1,combined_early_logit__fixed025,28,6,45,1,63,1,0.015873015873015872,717
DK1,combined_early_logit__count2022_cool6,628,89,45,22,63,30,0.47619047619047616,717
DK1,combined_early_logit__count2023_cool6,628,89,45,22,63,30,0.47619047619047616,717
DK1,combined_hour_logit__top1,725,63,45,19,63,22,0.3492063492063492,717
DK1,combined_hour_logit__top2,1450,123,45,25,63,30,0.47619047619047616,717
DK1,combined_hour_logit__count2022_target05,842,123,45,25,63,30,0.47619047619047616,717
DK1,combined_hour_logit__count2023_target05,921,123,45,25,63,30,0.47619047619047616,717
DK1,combined_hour_logit__fixed025,419,92,45,19,63,22,0.3492063492063492,717
DK1,combined_hour_logit__count2022_cool6,735,102,45,25,63,35,0.5555555555555556,717
DK1,combined_hour_logit__count2023_cool6,821,104,45,25,63,36,0.5714285714285714,717
DK2,original_M0__top1,725,79,54,22,76,27,0.35526315789473684,902
DK2,original_M0__top2,1450,146,54,29,76,36,0.47368421052631576,902
DK2,original_M0__count2022_target05,624,137,54,27,76,32,0.42105263157894735,902
DK2,original_M0__count2023_target05,560,134,54,27,76,31,0.40789473684210525,902
DK2,original_M0__fixed025,517,128,54,23,76,27,0.35526315789473684,902
DK2,original_M0__count2022_cool6,529,113,54,29,76,36,0.47368421052631576,902
DK2,original_M0__count2023_cool6,460,108,54,27,76,33,0.4342105263157895,902
DK2,base_early_logit__top1,725,68,54,25,76,29,0.3815789473684211,902
DK2,base_early_logit__top2,1450,130,54,30,76,39,0.5131578947368421,902
DK2,base_early_logit__count2022_target05,574,107,54,25,76,30,0.39473684210526316,902
DK2,base_early_logit__count2023_target05,574,107,54,25,76,30,0.39473684210526316,902
DK2,base_early_logit__fixed025,11,0,54,0,76,0,0.0,902
DK2,base_early_logit__count2022_cool6,472,96,54,24,76,28,0.3684210526315789,902
DK2,base_early_logit__count2023_cool6,472,96,54,24,76,28,0.3684210526315789,902
DK2,base_hour_logit__top1,725,82,54,22,76,27,0.35526315789473684,902
DK2,base_hour_logit__top2,1450,149,54,30,76,36,0.47368421052631576,902
DK2,base_hour_logit__count2022_target05,751,144,54,29,76,34,0.4473684210526316,902
DK2,base_hour_logit__count2023_target05,751,144,54,29,76,34,0.4473684210526316,902
DK2,base_hour_logit__fixed025,429,126,54,22,76,24,0.3157894736842105,902
DK2,base_hour_logit__count2022_cool6,651,118,54,29,76,37,0.4868421052631579,902
DK2,base_hour_logit__count2023_cool6,651,118,54,29,76,37,0.4868421052631579,902
DK2,price_early_logit__top1,725,52,54,11,76,15,0.19736842105263158,902
DK2,price_early_logit__top2,1450,95,54,16,76,22,0.2894736842105263,902
DK2,price_early_logit__count2022_target05,425,59,54,11,76,15,0.19736842105263158,902
DK2,price_early_logit__count2023_target05,1015,94,54,16,76,22,0.2894736842105263,902
DK2,price_early_logit__fixed025,3,0,54,0,76,0,0.0,902
DK2,price_early_logit__count2022_cool6,306,53,54,12,76,15,0.19736842105263158,902
DK2,price_early_logit__count2023_cool6,957,90,54,18,76,25,0.32894736842105265,902
DK2,price_hour_logit__top1,725,49,54,9,76,14,0.18421052631578946,902
DK2,price_hour_logit__top2,1450,115,54,18,76,27,0.35526315789473684,902
DK2,price_hour_logit__count2022_target05,922,97,54,15,76,21,0.27631578947368424,902
DK2,price_hour_logit__count2023_target05,1037,102,54,15,76,23,0.3026315789473684,902
DK2,price_hour_logit__fixed025,90,20,54,0,76,2,0.02631578947368421,902
DK2,price_hour_logit__count2022_cool6,909,85,54,17,76,22,0.2894736842105263,902
DK2,price_hour_logit__count2023_cool6,1029,89,54,17,76,25,0.32894736842105265,902
DK2,combined_early_logit__top1,725,68,54,19,76,22,0.2894736842105263,902
DK2,combined_early_logit__top2,1450,137,54,31,76,37,0.4868421052631579,902
DK2,combined_early_logit__count2022_target05,626,125,54,26,76,31,0.40789473684210525,902
DK2,combined_early_logit__count2023_target05,626,125,54,26,76,31,0.40789473684210525,902
DK2,combined_early_logit__fixed025,19,3,54,0,76,0,0.0,902
DK2,combined_early_logit__count2022_cool6,528,107,54,25,76,30,0.39473684210526316,902
DK2,combined_early_logit__count2023_cool6,528,107,54,25,76,30,0.39473684210526316,902
DK2,combined_hour_logit__top1,725,83,54,26,76,30,0.39473684210526316,902
DK2,combined_hour_logit__top2,1450,146,54,35,76,40,0.5263157894736842,902
DK2,combined_hour_logit__count2022_target05,787,142,54,33,76,38,0.5,902
DK2,combined_hour_logit__count2023_target05,889,144,54,33,76,38,0.5,902
DK2,combined_hour_logit__fixed025,466,126,54,23,76,25,0.32894736842105265,902
DK2,combined_hour_logit__count2022_cool6,676,122,54,30,76,42,0.5526315789473685,902
DK2,combined_hour_logit__count2023_cool6,784,125,54,31,76,43,0.5657894736842105,902
