N,hits,false,C,processes,coverage,event_hours,complete_days,zone,model,rule,gate,gate_training_slots,gate_training_days,gate_training_year
725,179,546,26,71,0.3661971830985915,2105,725,DE_LU_FR_BE,original_M0,top1,0.0,180.0,363.0,2022.0
1450,341,1109,35,71,0.4929577464788732,2105,725,DE_LU_FR_BE,original_M0,top2,0.0,180.0,363.0,2022.0
618,322,296,32,71,0.4507042253521127,2105,725,DE_LU_FR_BE,original_M0,count2022_target05,0.25,180.0,363.0,2022.0
642,324,318,32,71,0.4507042253521127,2105,725,DE_LU_FR_BE,original_M0,count2023_target05,0.23,175.0,357.0,2023.0
618,322,296,32,71,0.4507042253521127,2105,725,DE_LU_FR_BE,original_M0,fixed025,0.25,180.0,363.0,2022.0
500,264,236,31,71,0.4366197183098591,2105,725,DE_LU_FR_BE,original_M0,count2022_cool6,0.25,180.0,363.0,2022.0
517,266,251,31,71,0.4366197183098591,2105,725,DE_LU_FR_BE,original_M0,count2023_cool6,0.23,175.0,357.0,2023.0
725,175,550,31,71,0.4366197183098591,2105,725,DE_LU_FR_BE,forecast_early_logit,top1,0.0,169.0,363.0,2022.0
1450,340,1110,43,71,0.6056338028169014,2105,725,DE_LU_FR_BE,forecast_early_logit,top2,0.0,169.0,363.0,2022.0
631,313,318,40,71,0.5633802816901409,2105,725,DE_LU_FR_BE,forecast_early_logit,count2022_target05,0.03,169.0,363.0,2022.0
735,324,411,41,71,0.5774647887323944,2105,725,DE_LU_FR_BE,forecast_early_logit,count2023_target05,0.02,175.0,357.0,2023.0
75,59,16,10,71,0.1408450704225352,2105,725,DE_LU_FR_BE,forecast_early_logit,fixed025,0.25,169.0,363.0,2022.0
480,245,235,32,71,0.4507042253521127,2105,725,DE_LU_FR_BE,forecast_early_logit,count2022_cool6,0.03,169.0,363.0,2022.0
587,262,325,36,71,0.5070422535211268,2105,725,DE_LU_FR_BE,forecast_early_logit,count2023_cool6,0.02,175.0,357.0,2023.0
725,182,543,28,71,0.3943661971830985,2105,725,DE_LU_FR_BE,forecast_hour_logit,top1,0.0,176.0,363.0,2022.0
1450,349,1101,38,71,0.5352112676056338,2105,725,DE_LU_FR_BE,forecast_hour_logit,top2,0.0,176.0,363.0,2022.0
738,335,403,36,71,0.5070422535211268,2105,725,DE_LU_FR_BE,forecast_hour_logit,count2022_target05,0.0699999999999999,176.0,363.0,2022.0
823,341,482,37,71,0.5211267605633803,2105,725,DE_LU_FR_BE,forecast_hour_logit,count2023_target05,0.05,173.0,357.0,2023.0
446,301,145,29,71,0.4084507042253521,2105,725,DE_LU_FR_BE,forecast_hour_logit,fixed025,0.25,176.0,363.0,2022.0
650,289,361,38,71,0.5352112676056338,2105,725,DE_LU_FR_BE,forecast_hour_logit,count2022_cool6,0.0699999999999999,176.0,363.0,2022.0
723,295,428,38,71,0.5352112676056338,2105,725,DE_LU_FR_BE,forecast_hour_logit,count2023_cool6,0.05,173.0,357.0,2023.0
725,149,576,28,71,0.3943661971830985,1641,725,DK1,original_M0,top1,0.0,181.0,363.0,2022.0
1450,290,1160,35,71,0.4929577464788732,1641,725,DK1,original_M0,top2,0.0,181.0,363.0,2022.0
624,282,342,35,71,0.4929577464788732,1641,725,DK1,original_M0,count2022_target05,0.13,181.0,363.0,2022.0
559,268,291,34,71,0.4788732394366197,1641,725,DK1,original_M0,count2023_target05,0.17,177.0,357.0,2023.0
469,255,214,32,71,0.4507042253521127,1641,725,DK1,original_M0,fixed025,0.25,181.0,363.0,2022.0
514,220,294,36,71,0.5070422535211268,1641,725,DK1,original_M0,count2022_cool6,0.13,181.0,363.0,2022.0
460,209,251,34,71,0.4788732394366197,1641,725,DK1,original_M0,count2023_cool6,0.17,177.0,357.0,2023.0
725,109,616,22,71,0.3098591549295774,1641,725,DK1,base_early_logit,top1,0.0,144.0,363.0,2022.0
1450,217,1233,30,71,0.4225352112676056,1641,725,DK1,base_early_logit,top2,0.0,144.0,363.0,2022.0
693,210,483,29,71,0.4084507042253521,1641,725,DK1,base_early_logit,count2022_target05,0.02,144.0,363.0,2022.0
693,210,483,29,71,0.4084507042253521,1641,725,DK1,base_early_logit,count2023_target05,0.02,158.0,357.0,2023.0
15,15,0,0,71,0.0,1641,725,DK1,base_early_logit,fixed025,0.25,144.0,363.0,2022.0
595,174,421,29,71,0.4084507042253521,1641,725,DK1,base_early_logit,count2022_cool6,0.02,144.0,363.0,2022.0
595,174,421,29,71,0.4084507042253521,1641,725,DK1,base_early_logit,count2023_cool6,0.02,158.0,357.0,2023.0
725,152,573,28,71,0.3943661971830985,1641,725,DK1,base_hour_logit,top1,0.0,174.0,363.0,2022.0
1450,292,1158,35,71,0.4929577464788732,1641,725,DK1,base_hour_logit,top2,0.0,174.0,363.0,2022.0
797,292,505,35,71,0.4929577464788732,1641,725,DK1,base_hour_logit,count2022_target05,0.03,174.0,363.0,2022.0
797,292,505,35,71,0.4929577464788732,1641,725,DK1,base_hour_logit,count2023_target05,0.03,177.0,357.0,2023.0
386,234,152,30,71,0.4225352112676056,1641,725,DK1,base_hour_logit,fixed025,0.25,174.0,363.0,2022.0
701,234,467,39,71,0.5492957746478874,1641,725,DK1,base_hour_logit,count2022_cool6,0.03,174.0,363.0,2022.0
701,234,467,39,71,0.5492957746478874,1641,725,DK1,base_hour_logit,count2023_cool6,0.03,177.0,357.0,2023.0
725,116,609,22,71,0.3098591549295774,1641,725,DK1,price_early_logit,top1,0.0,158.0,363.0,2022.0
1450,234,1216,31,71,0.4366197183098591,1641,725,DK1,price_early_logit,top2,0.0,158.0,363.0,2022.0
650,172,478,25,71,0.352112676056338,1641,725,DK1,price_early_logit,count2022_target05,0.02,158.0,363.0,2022.0
992,229,763,31,71,0.4366197183098591,1641,725,DK1,price_early_logit,count2023_target05,0.01,147.0,357.0,2023.0
17,14,3,1,71,0.0140845070422535,1641,725,DK1,price_early_logit,fixed025,0.25,158.0,363.0,2022.0
531,142,389,27,71,0.380281690140845,1641,725,DK1,price_early_logit,count2022_cool6,0.02,158.0,363.0,2022.0
906,187,719,34,71,0.4788732394366197,1641,725,DK1,price_early_logit,count2023_cool6,0.01,147.0,357.0,2023.0
725,100,625,16,71,0.2253521126760563,1641,725,DK1,price_hour_logit,top1,0.0,174.0,363.0,2022.0
1450,208,1242,26,71,0.3661971830985915,1641,725,DK1,price_hour_logit,top2,0.0,174.0,363.0,2022.0
1017,201,816,26,71,0.3661971830985915,1641,725,DK1,price_hour_logit,count2022_target05,0.02,174.0,363.0,2022.0
1167,206,961,26,71,0.3661971830985915,1641,725,DK1,price_hour_logit,count2023_target05,0.01,123.0,357.0,2023.0
108,51,57,5,71,0.0704225352112676,1641,725,DK1,price_hour_logit,fixed025,0.25,174.0,363.0,2022.0
992,159,833,28,71,0.3943661971830985,1641,725,DK1,price_hour_logit,count2022_cool6,0.02,174.0,363.0,2022.0
1151,166,985,30,71,0.4225352112676056,1641,725,DK1,price_hour_logit,count2023_cool6,0.01,123.0,357.0,2023.0
725,142,583,29,71,0.4084507042253521,1641,725,DK1,combined_early_logit,top1,0.0,152.0,363.0,2022.0
1450,280,1170,36,71,0.5070422535211268,1641,725,DK1,combined_early_logit,top2,0.0,152.0,363.0,2022.0
739,273,466,35,71,0.4929577464788732,1641,725,DK1,combined_early_logit,count2022_target05,0.02,152.0,363.0,2022.0
739,273,466,35,71,0.4929577464788732,1641,725,DK1,combined_early_logit,count2023_target05,0.02,129.0,357.0,2023.0
28,28,0,3,71,0.0422535211267605,1641,725,DK1,combined_early_logit,fixed025,0.25,152.0,363.0,2022.0
628,224,404,41,71,0.5774647887323944,1641,725,DK1,combined_early_logit,count2022_cool6,0.02,152.0,363.0,2022.0
628,224,404,41,71,0.5774647887323944,1641,725,DK1,combined_early_logit,count2023_cool6,0.02,129.0,357.0,2023.0
725,165,560,32,71,0.4507042253521127,1641,725,DK1,combined_hour_logit,top1,0.0,165.0,363.0,2022.0
1450,316,1134,40,71,0.5633802816901409,1641,725,DK1,combined_hour_logit,top2,0.0,165.0,363.0,2022.0
842,316,526,40,71,0.5633802816901409,1641,725,DK1,combined_hour_logit,count2022_target05,0.03,165.0,363.0,2022.0
921,316,605,40,71,0.5633802816901409,1641,725,DK1,combined_hour_logit,count2023_target05,0.02,137.0,357.0,2023.0
419,259,160,31,71,0.4366197183098591,1641,725,DK1,combined_hour_logit,fixed025,0.25,165.0,363.0,2022.0
735,252,483,43,71,0.6056338028169014,1641,725,DK1,combined_hour_logit,count2022_cool6,0.03,165.0,363.0,2022.0
821,256,565,43,71,0.6056338028169014,1641,725,DK1,combined_hour_logit,count2023_cool6,0.02,137.0,357.0,2023.0
725,169,556,33,75,0.44,1826,725,DK2,original_M0,top1,0.0,181.0,363.0,2022.0
1450,321,1129,40,75,0.5333333333333333,1826,725,DK2,original_M0,top2,0.0,181.0,363.0,2022.0
624,307,317,38,75,0.5066666666666667,1826,725,DK2,original_M0,count2022_target05,0.16,181.0,363.0,2022.0
560,301,259,37,75,0.4933333333333333,1826,725,DK2,original_M0,count2023_target05,0.21,178.0,357.0,2023.0
517,294,223,33,75,0.44,1826,725,DK2,original_M0,fixed025,0.25,181.0,363.0,2022.0
529,245,284,42,75,0.56,1826,725,DK2,original_M0,count2022_cool6,0.16,181.0,363.0,2022.0
460,238,222,39,75,0.52,1826,725,DK2,original_M0,count2023_cool6,0.21,178.0,357.0,2023.0
725,153,572,34,75,0.4533333333333333,1826,725,DK2,base_early_logit,top1,0.0,140.0,363.0,2022.0
1450,296,1154,40,75,0.5333333333333333,1826,725,DK2,base_early_logit,top2,0.0,140.0,363.0,2022.0
574,267,307,34,75,0.4533333333333333,1826,725,DK2,base_early_logit,count2022_target05,0.03,140.0,363.0,2022.0
574,267,307,34,75,0.4533333333333333,1826,725,DK2,base_early_logit,count2023_target05,0.03,158.0,357.0,2023.0
11,11,0,0,75,0.0,1826,725,DK2,base_early_logit,fixed025,0.25,140.0,363.0,2022.0
472,216,256,35,75,0.4666666666666667,1826,725,DK2,base_early_logit,count2022_cool6,0.03,140.0,363.0,2022.0
472,216,256,35,75,0.4666666666666667,1826,725,DK2,base_early_logit,count2023_cool6,0.03,158.0,357.0,2023.0
725,172,553,33,75,0.44,1826,725,DK2,base_hour_logit,top1,0.0,177.0,363.0,2022.0
1450,321,1129,41,75,0.5466666666666666,1826,725,DK2,base_hour_logit,top2,0.0,177.0,363.0,2022.0
751,316,435,40,75,0.5333333333333333,1826,725,DK2,base_hour_logit,count2022_target05,0.05,177.0,363.0,2022.0
751,316,435,40,75,0.5333333333333333,1826,725,DK2,base_hour_logit,count2023_target05,0.05,161.0,357.0,2023.0
429,276,153,32,75,0.4266666666666667,1826,725,DK2,base_hour_logit,fixed025,0.25,177.0,363.0,2022.0
651,253,398,42,75,0.56,1826,725,DK2,base_hour_logit,count2022_cool6,0.05,177.0,363.0,2022.0
651,253,398,42,75,0.56,1826,725,DK2,base_hour_logit,count2023_cool6,0.05,161.0,357.0,2023.0
725,114,611,16,75,0.2133333333333333,1826,725,DK2,price_early_logit,top1,0.0,148.0,363.0,2022.0
1450,222,1228,25,75,0.3333333333333333,1826,725,DK2,price_early_logit,top2,0.0,148.0,363.0,2022.0
425,134,291,15,75,0.2,1826,725,DK2,price_early_logit,count2022_target05,0.02,148.0,363.0,2022.0
1015,217,798,24,75,0.32,1826,725,DK2,price_early_logit,count2023_target05,0.01,158.0,357.0,2023.0
3,3,0,0,75,0.0,1826,725,DK2,price_early_logit,fixed025,0.25,148.0,363.0,2022.0
306,110,196,16,75,0.2133333333333333,1826,725,DK2,price_early_logit,count2022_cool6,0.02,148.0,363.0,2022.0
957,181,776,24,75,0.32,1826,725,DK2,price_early_logit,count2023_cool6,0.01,158.0,357.0,2023.0
725,106,619,15,75,0.2,1826,725,DK2,price_hour_logit,top1,0.0,171.0,363.0,2022.0
1450,236,1214,26,75,0.3466666666666667,1826,725,DK2,price_hour_logit,top2,0.0,171.0,363.0,2022.0
922,199,723,21,75,0.28,1826,725,DK2,price_hour_logit,count2022_target05,0.04,171.0,363.0,2022.0
1037,222,815,23,75,0.3066666666666666,1826,725,DK2,price_hour_logit,count2023_target05,0.02,145.0,357.0,2023.0
90,47,43,1,75,0.0133333333333333,1826,725,DK2,price_hour_logit,fixed025,0.25,171.0,363.0,2022.0
909,169,740,22,75,0.2933333333333333,1826,725,DK2,price_hour_logit,count2022_cool6,0.04,171.0,363.0,2022.0
1029,182,847,24,75,0.32,1826,725,DK2,price_hour_logit,count2023_cool6,0.02,145.0,357.0,2023.0
725,165,560,30,75,0.4,1826,725,DK2,combined_early_logit,top1,0.0,154.0,363.0,2022.0
1450,322,1128,44,75,0.5866666666666667,1826,725,DK2,combined_early_logit,top2,0.0,154.0,363.0,2022.0
626,306,320,39,75,0.52,1826,725,DK2,combined_early_logit,count2022_target05,0.03,154.0,363.0,2022.0
626,306,320,39,75,0.52,1826,725,DK2,combined_early_logit,count2023_target05,0.03,147.0,357.0,2023.0
19,19,0,0,75,0.0,1826,725,DK2,combined_early_logit,fixed025,0.25,154.0,363.0,2022.0
528,257,271,41,75,0.5466666666666666,1826,725,DK2,combined_early_logit,count2022_cool6,0.03,154.0,363.0,2022.0
528,257,271,41,75,0.5466666666666666,1826,725,DK2,combined_early_logit,count2023_cool6,0.03,147.0,357.0,2023.0
725,183,542,35,75,0.4666666666666667,1826,725,DK2,combined_hour_logit,top1,0.0,164.0,363.0,2022.0
1450,341,1109,48,75,0.64,1826,725,DK2,combined_hour_logit,top2,0.0,164.0,363.0,2022.0
787,337,450,46,75,0.6133333333333333,1826,725,DK2,combined_hour_logit,count2022_target05,0.05,164.0,363.0,2022.0
889,339,550,46,75,0.6133333333333333,1826,725,DK2,combined_hour_logit,count2023_target05,0.03,155.0,357.0,2023.0
466,301,165,34,75,0.4533333333333333,1826,725,DK2,combined_hour_logit,fixed025,0.25,164.0,363.0,2022.0
676,267,409,42,75,0.56,1826,725,DK2,combined_hour_logit,count2022_cool6,0.05,164.0,363.0,2022.0
784,272,512,44,75,0.5866666666666667,1826,725,DK2,combined_hour_logit,count2023_cool6,0.03,155.0,357.0,2023.0
725,99,626,16,71,0.22535211267605634,1641,725,DK1,raw_price_rank,top1,,,,
1450,206,1244,24,71,0.3380281690140845,1641,725,DK1,raw_price_rank,top2,,,,
725,104,621,10,75,0.13333333333333333,1826,725,DK2,raw_price_rank,top1,,,,
1450,217,1233,22,75,0.29333333333333333,1826,725,DK2,raw_price_rank,top2,,,,
