zone,candidate,reference,endpoint,difference,lower,upper,replicates,inference
DE_LU_FR_BE,forecast_early_logit__count2023_target05,original_M0__count2023_target05,slots,93.0,54.0,130.0,2000,conditional on saved rolling forecasts; no model-refitting bootstrap
DE_LU_FR_BE,forecast_early_logit__count2023_target05,original_M0__count2023_target05,event_hour_hits,0.0,-25.0,17.0,2000,conditional on saved rolling forecasts; no model-refitting bootstrap
DE_LU_FR_BE,forecast_early_logit__count2023_target05,original_M0__count2023_target05,early_processes,9.0,-1.0,18.0,2000,conditional on saved rolling forecasts; no model-refitting bootstrap
DE_LU_FR_BE,forecast_early_logit__count2023_target05,forecast_hour_logit__count2023_target05,slots,-88.0,-113.025,-70.97500000000014,2000,conditional on saved rolling forecasts; no model-refitting bootstrap
DE_LU_FR_BE,forecast_early_logit__count2023_target05,forecast_hour_logit__count2023_target05,event_hour_hits,-17.0,-39.0,-5.0,2000,conditional on saved rolling forecasts; no model-refitting bootstrap
DE_LU_FR_BE,forecast_early_logit__count2023_target05,forecast_hour_logit__count2023_target05,early_processes,4.0,-4.0,13.0,2000,conditional on saved rolling forecasts; no model-refitting bootstrap
DE_LU_FR_BE,forecast_early_logit__count2023_target05,original_M0__fixed025,slots,117.0,76.0,150.0,2000,conditional on saved rolling forecasts; no model-refitting bootstrap
DE_LU_FR_BE,forecast_early_logit__count2023_target05,original_M0__fixed025,event_hour_hits,2.0,-24.0,20.0,2000,conditional on saved rolling forecasts; no model-refitting bootstrap
DE_LU_FR_BE,forecast_early_logit__count2023_target05,original_M0__fixed025,early_processes,9.0,-1.0,18.0,2000,conditional on saved rolling forecasts; no model-refitting bootstrap
DE_LU_FR_BE,forecast_early_logit__count2022_target05,original_M0__fixed025,slots,13.0,-21.0,42.024999999999864,2000,conditional on saved rolling forecasts; no model-refitting bootstrap
DE_LU_FR_BE,forecast_early_logit__count2022_target05,original_M0__fixed025,event_hour_hits,-9.0,-37.0,10.024999999999864,2000,conditional on saved rolling forecasts; no model-refitting bootstrap
DE_LU_FR_BE,forecast_early_logit__count2022_target05,original_M0__fixed025,early_processes,8.0,-2.0,17.0,2000,conditional on saved rolling forecasts; no model-refitting bootstrap
DE_LU_FR_BE,forecast_early_logit__count2022_target05,forecast_hour_logit__count2022_target05,slots,-107.0,-128.0,-81.97500000000014,2000,conditional on saved rolling forecasts; no model-refitting bootstrap
DE_LU_FR_BE,forecast_early_logit__count2022_target05,forecast_hour_logit__count2022_target05,event_hour_hits,-22.0,-44.025,-8.0,2000,conditional on saved rolling forecasts; no model-refitting bootstrap
DE_LU_FR_BE,forecast_early_logit__count2022_target05,forecast_hour_logit__count2022_target05,early_processes,4.0,-4.0,12.0,2000,conditional on saved rolling forecasts; no model-refitting bootstrap
DE_LU_FR_BE,forecast_early_logit__top2,forecast_hour_logit__top2,slots,0.0,0.0,0.0,2000,conditional on saved rolling forecasts; no model-refitting bootstrap
DE_LU_FR_BE,forecast_early_logit__top2,forecast_hour_logit__top2,event_hour_hits,-9.0,-31.0,4.0,2000,conditional on saved rolling forecasts; no model-refitting bootstrap
DE_LU_FR_BE,forecast_early_logit__top2,forecast_hour_logit__top2,early_processes,5.0,-3.0,13.0,2000,conditional on saved rolling forecasts; no model-refitting bootstrap
DE_LU_FR_BE,forecast_early_logit__top2,original_M0__top2,slots,0.0,0.0,0.0,2000,conditional on saved rolling forecasts; no model-refitting bootstrap
DE_LU_FR_BE,forecast_early_logit__top2,original_M0__top2,event_hour_hits,-1.0,-25.0,15.0,2000,conditional on saved rolling forecasts; no model-refitting bootstrap
DE_LU_FR_BE,forecast_early_logit__top2,original_M0__top2,early_processes,8.0,-1.0,17.0,2000,conditional on saved rolling forecasts; no model-refitting bootstrap
DK1,combined_early_logit__top2,base_early_logit__top2,slots,0.0,0.0,0.0,2000,conditional on saved rolling forecasts; no model-refitting bootstrap
DK1,combined_early_logit__top2,base_early_logit__top2,event_hour_hits,63.0,41.0,93.0,2000,conditional on saved rolling forecasts; no model-refitting bootstrap
DK1,combined_early_logit__top2,base_early_logit__top2,early_processes,6.0,-3.0,15.0,2000,conditional on saved rolling forecasts; no model-refitting bootstrap
DK1,combined_hour_logit__top2,base_hour_logit__top2,slots,0.0,0.0,0.0,2000,conditional on saved rolling forecasts; no model-refitting bootstrap
DK1,combined_hour_logit__top2,base_hour_logit__top2,event_hour_hits,24.0,11.0,39.0,2000,conditional on saved rolling forecasts; no model-refitting bootstrap
DK1,combined_hour_logit__top2,base_hour_logit__top2,early_processes,5.0,-1.0,12.0,2000,conditional on saved rolling forecasts; no model-refitting bootstrap
DK1,combined_early_logit__count2022_target05,base_early_logit__count2022_target05,slots,46.0,30.0,58.0,2000,conditional on saved rolling forecasts; no model-refitting bootstrap
DK1,combined_early_logit__count2022_target05,base_early_logit__count2022_target05,event_hour_hits,63.0,39.0,93.0,2000,conditional on saved rolling forecasts; no model-refitting bootstrap
DK1,combined_early_logit__count2022_target05,base_early_logit__count2022_target05,early_processes,6.0,-4.0,14.0,2000,conditional on saved rolling forecasts; no model-refitting bootstrap
DK1,combined_hour_logit__count2022_target05,base_hour_logit__count2022_target05,slots,45.0,28.0,60.0,2000,conditional on saved rolling forecasts; no model-refitting bootstrap
DK1,combined_hour_logit__count2022_target05,base_hour_logit__count2022_target05,event_hour_hits,24.0,11.0,39.0,2000,conditional on saved rolling forecasts; no model-refitting bootstrap
DK1,combined_hour_logit__count2022_target05,base_hour_logit__count2022_target05,early_processes,5.0,-1.0,12.0,2000,conditional on saved rolling forecasts; no model-refitting bootstrap
DK1,combined_early_logit__count2023_target05,base_early_logit__count2023_target05,slots,46.0,30.0,58.0,2000,conditional on saved rolling forecasts; no model-refitting bootstrap
DK1,combined_early_logit__count2023_target05,base_early_logit__count2023_target05,event_hour_hits,63.0,39.0,93.0,2000,conditional on saved rolling forecasts; no model-refitting bootstrap
DK1,combined_early_logit__count2023_target05,base_early_logit__count2023_target05,early_processes,6.0,-4.0,14.0,2000,conditional on saved rolling forecasts; no model-refitting bootstrap
DK1,combined_hour_logit__count2023_target05,base_hour_logit__count2023_target05,slots,124.0,101.0,150.02499999999986,2000,conditional on saved rolling forecasts; no model-refitting bootstrap
DK1,combined_hour_logit__count2023_target05,base_hour_logit__count2023_target05,event_hour_hits,24.0,11.0,39.0,2000,conditional on saved rolling forecasts; no model-refitting bootstrap
DK1,combined_hour_logit__count2023_target05,base_hour_logit__count2023_target05,early_processes,5.0,-1.0,12.0,2000,conditional on saved rolling forecasts; no model-refitting bootstrap
DK1,price_hour_logit__top2,original_M0__top2,slots,0.0,0.0,0.0,2000,conditional on saved rolling forecasts; no model-refitting bootstrap
DK1,price_hour_logit__top2,original_M0__top2,event_hour_hits,-82.0,-120.0,-56.0,2000,conditional on saved rolling forecasts; no model-refitting bootstrap
DK1,price_hour_logit__top2,original_M0__top2,early_processes,-9.0,-17.0,-1.0,2000,conditional on saved rolling forecasts; no model-refitting bootstrap
DK2,combined_early_logit__top2,base_early_logit__top2,slots,0.0,0.0,0.0,2000,conditional on saved rolling forecasts; no model-refitting bootstrap
DK2,combined_early_logit__top2,base_early_logit__top2,event_hour_hits,26.0,9.0,51.0,2000,conditional on saved rolling forecasts; no model-refitting bootstrap
DK2,combined_early_logit__top2,base_early_logit__top2,early_processes,4.0,-2.0,12.0,2000,conditional on saved rolling forecasts; no model-refitting bootstrap
DK2,combined_hour_logit__top2,base_hour_logit__top2,slots,0.0,0.0,0.0,2000,conditional on saved rolling forecasts; no model-refitting bootstrap
DK2,combined_hour_logit__top2,base_hour_logit__top2,event_hour_hits,20.0,9.0,32.0,2000,conditional on saved rolling forecasts; no model-refitting bootstrap
DK2,combined_hour_logit__top2,base_hour_logit__top2,early_processes,7.0,2.0,13.0,2000,conditional on saved rolling forecasts; no model-refitting bootstrap
DK2,combined_early_logit__count2022_target05,base_early_logit__count2022_target05,slots,52.0,29.0,65.0,2000,conditional on saved rolling forecasts; no model-refitting bootstrap
DK2,combined_early_logit__count2022_target05,base_early_logit__count2022_target05,event_hour_hits,39.0,22.0,61.0,2000,conditional on saved rolling forecasts; no model-refitting bootstrap
DK2,combined_early_logit__count2022_target05,base_early_logit__count2022_target05,early_processes,5.0,-1.0249999999999986,12.0,2000,conditional on saved rolling forecasts; no model-refitting bootstrap
DK2,combined_hour_logit__count2022_target05,base_hour_logit__count2022_target05,slots,36.0,16.0,45.0,2000,conditional on saved rolling forecasts; no model-refitting bootstrap
DK2,combined_hour_logit__count2022_target05,base_hour_logit__count2022_target05,event_hour_hits,21.0,9.0,32.0,2000,conditional on saved rolling forecasts; no model-refitting bootstrap
DK2,combined_hour_logit__count2022_target05,base_hour_logit__count2022_target05,early_processes,6.0,1.0,11.0,2000,conditional on saved rolling forecasts; no model-refitting bootstrap
DK2,combined_early_logit__count2023_target05,base_early_logit__count2023_target05,slots,52.0,29.0,65.0,2000,conditional on saved rolling forecasts; no model-refitting bootstrap
DK2,combined_early_logit__count2023_target05,base_early_logit__count2023_target05,event_hour_hits,39.0,22.0,61.0,2000,conditional on saved rolling forecasts; no model-refitting bootstrap
DK2,combined_early_logit__count2023_target05,base_early_logit__count2023_target05,early_processes,5.0,-1.0249999999999986,12.0,2000,conditional on saved rolling forecasts; no model-refitting bootstrap
DK2,combined_hour_logit__count2023_target05,base_hour_logit__count2023_target05,slots,138.0,111.0,156.02499999999986,2000,conditional on saved rolling forecasts; no model-refitting bootstrap
DK2,combined_hour_logit__count2023_target05,base_hour_logit__count2023_target05,event_hour_hits,23.0,11.0,34.0,2000,conditional on saved rolling forecasts; no model-refitting bootstrap
DK2,combined_hour_logit__count2023_target05,base_hour_logit__count2023_target05,early_processes,6.0,1.0,11.0,2000,conditional on saved rolling forecasts; no model-refitting bootstrap
DK2,price_hour_logit__top2,original_M0__top2,slots,0.0,0.0,0.0,2000,conditional on saved rolling forecasts; no model-refitting bootstrap
DK2,price_hour_logit__top2,original_M0__top2,event_hour_hits,-85.0,-123.0,-55.0,2000,conditional on saved rolling forecasts; no model-refitting bootstrap
DK2,price_hour_logit__top2,original_M0__top2,early_processes,-14.0,-24.0,-3.0,2000,conditional on saved rolling forecasts; no model-refitting bootstrap
