zone,model,target,n,positives,brier,logloss
DE_LU_FR_BE,original_M0,hour,17400,2105,0.06019061188553459,0.1911752632908243
DE_LU_FR_BE,original_M0,early_hour,17400,223,0.06474598212638927,0.21115681790158253
DE_LU_FR_BE,forecast_early_logit,hour,17400,2105,0.1097711393459896,0.4627966747299731
DE_LU_FR_BE,forecast_early_logit,early_hour,17400,223,0.012313220040618546,0.05270893435529044
DE_LU_FR_BE,forecast_hour_logit,hour,17400,2105,0.0629018094530742,0.20256188613074802
DE_LU_FR_BE,forecast_hour_logit,early_hour,17400,223,0.055487715371233357,0.1798888210855057
DK1,original_M0,hour,17400,1641,0.04874551023488186,0.1575276064237355
DK1,original_M0,early_hour,17400,235,0.04741631337934059,0.15385238091805237
DK1,base_early_logit,hour,17400,1641,0.08309060689568429,0.29605786576445703
DK1,base_early_logit,early_hour,17400,235,0.013338115266712221,0.05933329915954283
DK1,base_hour_logit,hour,17400,1641,0.04904803638438373,0.16004932067727753
DK1,base_hour_logit,early_hour,17400,235,0.04374403968429261,0.14430769283307932
DK1,price_early_logit,hour,17400,1641,0.09032483505835291,0.42856168460404087
DK1,price_early_logit,early_hour,17400,235,0.013556171168631665,0.06927208501832473
DK1,price_hour_logit,hour,17400,1641,0.08177492824920005,0.3102175108941205
DK1,price_hour_logit,early_hour,17400,235,0.02068789463908453,0.09988917137031592
DK1,combined_early_logit,hour,17400,1641,0.08238727595725039,0.3025511222779306
DK1,combined_early_logit,early_hour,17400,235,0.01352088991198373,0.0593819011961342
DK1,combined_hour_logit,hour,17400,1641,0.0476128267428718,0.15565515199310184
DK1,combined_hour_logit,early_hour,17400,235,0.045946404166040206,0.152085519201128
DK2,original_M0,hour,17400,1826,0.053430349706158356,0.1717472803770363
DK2,original_M0,early_hour,17400,250,0.05498349870432086,0.17913187962012003
DK2,base_early_logit,hour,17400,1826,0.09326526528986392,0.32804716393835176
DK2,base_early_logit,early_hour,17400,250,0.014110534886445595,0.06271227546880545
DK2,base_hour_logit,hour,17400,1826,0.05259509723215637,0.1707438085528212
DK2,base_hour_logit,early_hour,17400,250,0.050020370453439274,0.1660640569975846
DK2,price_early_logit,hour,17400,1826,0.1016739245327845,0.4700418607572841
DK2,price_early_logit,early_hour,17400,250,0.014173155564615934,0.07311085580931893
DK2,price_hour_logit,hour,17400,1826,0.08991724023576983,0.3269176926022389
DK2,price_hour_logit,early_hour,17400,250,0.021242627754405642,0.10488600442674742
DK2,combined_early_logit,hour,17400,1826,0.09211231301257432,0.32347699684312675
DK2,combined_early_logit,early_hour,17400,250,0.01445263149084122,0.06325580837806674
DK2,combined_hour_logit,hour,17400,1826,0.050956398416067805,0.16591402154861687
DK2,combined_hour_logit,early_hour,17400,250,0.05237568393333492,0.17390924908274497
