panel,source_file,model,q,hours,mean_abs_tight_stored,max_abs_tight_stored,mean_abs_tighter_tight,max_abs_tighter_tight,stored_Brier,tight_Brier,tighter_Brier,gate_025_crossings_tighter_vs_stored,roundoff_corrected_hours,maximum_reported_convergence_proxy,maximum_legendre_order,maximum_normalised_count_sum_discrepancy,normalisation,target_time,stratum,df,deterministic,scipy_mean,scipy_replicate_sd,abs_difference,max_replicate_abs_difference,abs_sample_Brier_difference,u_min,u_max,rho_mean,scipy_seed_0,scipy_seed_1,scipy_seed_2,weather_cell,minimum_R_eigenvalue,rule,symmetric_difference_test
A_full_q90_convergence,numerical/numerical_full_convergence.csv,M0,q90,17400.0,0.0,0.0,0.0,0.0,0.0601906118855345,0.0601906118855345,0.0601906118855345,0.0,318.0,4.996003610813204e-16,64.0,2.220446049250313e-16,"Every count vector is normalised after clipping within-tolerance cancellation; correction flags identify pre-normalisation counts outside [0,1].",,,,,,,,,,,,,,,,,,,
A_full_q90_convergence,numerical/numerical_full_convergence.csv,M1,q90,17400.0,0.0,0.0,0.0,0.0,0.0605979243951442,0.0605979243951442,0.0605979243951442,0.0,273.0,4.996003610813204e-16,64.0,2.220446049250313e-16,"Every count vector is normalised after clipping within-tolerance cancellation; correction flags identify pre-normalisation counts outside [0,1].",,,,,,,,,,,,,,,,,,,
A_full_q90_convergence,numerical/numerical_full_convergence.csv,M2,q90,17400.0,1.189598463489316e-13,4.533040609544514e-13,2.118190541686284e-16,1.7763568394002505e-15,0.0601861411403329,0.060186141140335,0.060186141140335,0.0,0.0,6.560773774749965e-12,64.0,2.220446049250313e-16,"Every count vector is normalised after clipping within-tolerance cancellation; correction flags identify pre-normalisation counts outside [0,1].",,,,,,,,,,,,,,,,,,,
A_full_q90_convergence,numerical/numerical_full_convergence.csv,M3,q90,17400.0,1.3963762165866368e-13,7.840394999902855e-13,2.3134149524001424e-16,1.887379141862766e-15,0.0605786594990494,0.060578659499051,0.060578659499051,0.0,0.0,6.655217418356958e-12,64.0,2.220446049250313e-16,"Every count vector is normalised after clipping within-tolerance cancellation; correction flags identify pre-normalisation counts outside [0,1].",,,,,,,,,,,,,,,,,,,
B_independent_reference,numerical/numerical_independent_cdf.csv,,q90,,,,,,,,,,,,,,,2025-01-16 23:00:00+00:00,near_gate,inf,0.2480919151202533,0.248091929840727,9.109571024407847e-09,1.4720473701101966e-08,2.2349153583345327e-08,2.2136886212997808e-08,0.5117679239906348,0.9145332564414248,0.52053996750993,0.2480919374694069,0.2480919322982859,0.248091919754488,cool_low_wind_cold,0.4073005383095791,,
B_independent_reference,numerical/numerical_independent_cdf.csv,,q90,,,,,,,,,,,,,,,2025-01-16 23:00:00+00:00,near_gate,3.0,0.2444369205646758,0.2444369540389445,1.250372206896324e-07,3.347426871802561e-08,1.5169023104277812e-07,5.05838418929372e-08,0.5117679239906348,0.9145332564414248,0.52053996750993,0.2444370722549068,0.2444369667156848,0.2444368231462418,cool_low_wind_cold,0.4073005383095791,,
B_independent_reference,numerical/numerical_independent_cdf.csv,,q90,,,,,,,,,,,,,,,2024-09-02 04:00:00+00:00,near_gate,inf,0.2667887191867766,0.266788745340499,2.661622295698644e-08,2.6153722465505076e-08,4.7338015285447455e-08,3.835240802718688e-08,0.4887874119969889,0.9049967176203104,0.363392905304555,0.2667887665247919,0.2667887540315741,0.2667887154651313,warm_low_wind_other,0.5573985988143547,,
B_independent_reference,numerical/numerical_independent_cdf.csv,,q90,,,,,,,,,,,,,,,2024-09-02 04:00:00+00:00,near_gate,3.0,0.2649999465400394,0.264999967111481,1.0840186532208861e-07,2.0571441605721226e-08,1.043881591167306e-07,3.024002104279333e-08,0.4887874119969889,0.9049967176203104,0.363392905304555,0.2650000057141948,0.2650000509281985,0.2649998446920497,warm_low_wind_other,0.5573985988143547,,
B_independent_reference,numerical/numerical_independent_cdf.csv,,q90,,,,,,,,,,,,,,,2024-03-11 23:00:00+00:00,near_gate,inf,0.2381507338449132,0.2381507894460266,2.81032764432264e-08,5.560111335234375e-08,7.827930348369706e-08,2.6482894981139093e-08,0.4809853799355948,0.888544201546178,0.4213358980846238,0.2381508121242167,0.238150798208397,0.238150758005466,cool_low_wind_other,0.3979778650898193,,
B_independent_reference,numerical/numerical_independent_cdf.csv,,q90,,,,,,,,,,,,,,,2024-03-11 23:00:00+00:00,near_gate,3.0,0.2274837847325858,0.2274838179273491,7.725725009797288e-08,3.3194763382482506e-08,1.2138136179506986e-07,1.510254191150473e-08,0.4809853799355948,0.888544201546178,0.4213358980846238,0.2274839061139476,0.2274837854970507,0.2274837621710491,cool_low_wind_other,0.3979778650898193,,
B_independent_reference,numerical/numerical_independent_cdf.csv,,q90,,,,,,,,,,,,,,,2024-02-01 15:00:00+00:00,near_gate,inf,0.2414258219220441,0.2414258531529172,1.6709269771138816e-08,3.1230873082099826e-08,4.535935732574714e-08,1.507987937993116e-08,0.2153288317369864,0.925986630461424,0.4315336645985186,0.2414258672814014,0.2414258574680048,0.2414258347093453,cool_low_wind_other,0.5150678879985906,,
B_independent_reference,numerical/numerical_independent_cdf.csv,,q90,,,,,,,,,,,,,,,2024-02-01 15:00:00+00:00,near_gate,3.0,0.2263855932608714,0.2263856294569291,8.900954451464921e-08,3.619605765114997e-08,1.238024638083868e-07,1.6388533280453643e-08,0.2153288317369864,0.925986630461424,0.4315336645985186,0.2263857170633352,0.2263856321998022,0.2263855391076497,cool_low_wind_other,0.5150678879985906,,
B_independent_reference,numerical/numerical_independent_cdf.csv,,q90,,,,,,,,,,,,,,,2024-04-13 21:00:00+00:00,conditional_tail,inf,8.721047120019421e-07,8.721046798408366e-07,1.1974971032101374e-14,3.216110546501021e-14,4.366698640353962e-14,5.60957022725326e-20,0.999892421469928,0.9999981069473516,0.2682434971934753,8.721046922353852e-07,8.721046789521687e-07,8.721046683349557e-07,warm_higher_wind,0.6023010439459575,,
B_independent_reference,numerical/numerical_independent_cdf.csv,,q90,,,,,,,,,,,,,,,2024-04-13 21:00:00+00:00,conditional_tail,3.0,2.4383917828774138e-05,2.4159472906575628e-05,5.486026578061302e-07,2.2444492219850985e-07,8.530868938055734e-07,1.0895317556847378e-11,0.999892421469928,0.9999981069473516,0.2682434971934753,2.440617858492264e-05,2.454140919983568e-05,2.3530830934968564e-05,warm_higher_wind,0.6023010439459575,,
B_independent_reference,numerical/numerical_independent_cdf.csv,,q90,,,,,,,,,,,,,,,2025-04-03 07:00:00+00:00,conditional_tail,inf,2.911688067541718e-06,2.9116880253606345e-06,2.2795576372127255e-13,4.2181083302741734e-14,3.014544938780212e-13,2.4563631222036938e-19,0.9988533043741834,0.9999999456091774,0.3731687379210232,2.9116881156679107e-06,2.91168819432677e-06,2.911687766087224e-06,warm_higher_wind,0.4440289399003549,,
B_independent_reference,numerical/numerical_independent_cdf.csv,,q90,,,,,,,,,,,,,,,2025-04-03 07:00:00+00:00,conditional_tail,3.0,6.833567682740238e-05,6.829388171806314e-05,3.131107735320437e-07,4.1795109339244434e-08,4.033205427942012e-07,5.710447338380646e-12,0.9988533043741834,0.9999999456091774,0.3731687379210232,6.847823291995031e-05,6.84710559496309e-05,6.793235628460818e-05,warm_higher_wind,0.4440289399003549,,
B_independent_reference,numerical/numerical_independent_cdf.csv,,q90,,,,,,,,,,,,,,,2025-06-19 05:00:00+00:00,conditional_tail,inf,0.0001922603809857,0.0001922603809852,9.574472230954735e-16,5.3513508728453295e-16,1.6026405463137605e-15,2.0576944917869121e-19,0.9846077356278748,0.9999999999256112,0.2920959176053768,0.0001922603809854,0.0001922603809859,0.0001922603809841,warm_low_wind_other,0.5752258461751195,,
B_independent_reference,numerical/numerical_independent_cdf.csv,,q90,,,,,,,,,,,,,,,2025-06-19 05:00:00+00:00,conditional_tail,3.0,0.0011575400186289,0.001157519435875,5.720133317013084e-08,2.0582753996415546e-08,8.590040943704316e-08,4.765029923900793e-11,0.9846077356278748,0.9999999999256112,0.2920959176053768,0.0011575435979131,0.0011575605914922,0.0011574541182195,warm_low_wind_other,0.5752258461751195,,
B_independent_reference,numerical/numerical_independent_cdf.csv,,q90,,,,,,,,,,,,,,,2024-12-16 21:00:00+00:00,conditional_tail,inf,0.0003274960875907,0.0003274960854832,6.888796525126e-12,2.107537180797564e-12,9.722391457449991e-12,1.3804203541057414e-15,0.9893325945364811,0.999999750105288,0.5260325418334303,0.0003274960872991,0.0003274960912821,0.0003274960778683,cool_higher_wind,0.4210342518742029,,
B_independent_reference,numerical/numerical_independent_cdf.csv,,q90,,,,,,,,,,,,,,,2024-12-16 21:00:00+00:00,conditional_tail,3.0,0.0007048182579948,0.0007045622424598,6.522111385798018e-07,2.56015535016218e-07,9.99689344525806e-07,3.608233028653179e-10,0.9893325945364811,0.999999750105288,0.5260325418334303,0.0007048311652349,0.0007050369934941,0.0007038185686503,cool_higher_wind,0.4210342518742029,,
B_independent_reference,numerical/numerical_independent_cdf.csv,,q90,,,,,,,,,,,,,,,2024-09-02 03:00:00+00:00,conditional_middle,inf,0.3384326231891994,0.3384326645025817,3.4858239159757554e-08,4.131338232626902e-08,6.907059235672365e-08,5.4663170157009944e-08,0.5352251139932567,0.8340523414891553,0.3791350448545256,0.3384326922597918,0.3384326758677841,0.3384326253801695,warm_low_wind_other,0.5563707780656212,,
B_independent_reference,numerical/numerical_independent_cdf.csv,,q90,,,,,,,,,,,,,,,2024-09-02 03:00:00+00:00,conditional_middle,3.0,0.3389599264836668,0.3389599726726262,8.264999489261419e-08,4.6188959323956176e-08,1.1767039831411809e-07,6.106550404227917e-08,0.5352251139932567,0.8340523414891553,0.3791350448545256,0.3389600441540651,0.3389599916934313,0.3389598821703822,warm_low_wind_other,0.5563707780656212,,
B_independent_reference,numerical/numerical_independent_cdf.csv,,q90,,,,,,,,,,,,,,,2024-04-17 15:00:00+00:00,conditional_middle,inf,0.5819997935445473,0.5819998173300556,2.416701470715648e-08,2.378550822967896e-08,4.337332282222661e-08,2.76863222903323e-08,0.2912750002805591,0.6973470350907056,0.3235191780097832,0.5819998247490138,0.5819998369178702,0.5819997903232828,warm_higher_wind,0.6431460473130319,,
B_independent_reference,numerical/numerical_independent_cdf.csv,,q90,,,,,,,,,,,,,,,2024-04-17 15:00:00+00:00,conditional_middle,3.0,0.5893646328712163,0.5893646324652093,1.19927311438123e-07,4.0600700579318527e-10,1.369985129784368e-07,4.785723484168614e-10,0.2912750002805591,0.6973470350907056,0.3235191780097832,0.5893645786813418,0.5893647698697293,0.5893645488445567,warm_higher_wind,0.6431460473130319,,
B_independent_reference,numerical/numerical_independent_cdf.csv,,q90,,,,,,,,,,,,,,,2024-08-13 17:00:00+00:00,conditional_middle,inf,0.275890857938528,0.275890884942973,5.6583771742098034e-08,2.7004445013467666e-08,8.333922157932605e-08,3.910833046294472e-08,0.5310000698806927,0.7458187251122705,0.3548194886088475,0.2758909412777496,0.2758908854377189,0.2758908281134505,warm_low_wind_other,0.4576135285130235,,
B_independent_reference,numerical/numerical_independent_cdf.csv,,q90,,,,,,,,,,,,,,,2024-08-13 17:00:00+00:00,conditional_middle,3.0,0.2752342189237605,0.2752341994326862,5.3676031447892934e-08,1.9491074310096224e-08,7.036178201191845e-08,2.8252927775085368e-08,0.5310000698806927,0.7458187251122705,0.3548194886088475,0.2752342555314494,0.2752341942046307,0.2752341485619785,warm_low_wind_other,0.4576135285130235,,
B_independent_reference,numerical/numerical_independent_cdf.csv,,q90,,,,,,,,,,,,,,,2024-08-27 04:00:00+00:00,conditional_middle,inf,0.5694228576258185,0.5694228569588392,5.2838557198720215e-09,6.66979249608346e-10,6.5358064516019e-09,5.743720221662585e-10,0.3108642467448467,0.6466039332170872,0.5299144757673185,0.569422851090012,0.5694228613378227,0.5694228584486826,warm_low_wind_other,0.3080064373291565,,
B_independent_reference,numerical/numerical_independent_cdf.csv,,q90,,,,,,,,,,,,,,,2024-08-27 04:00:00+00:00,conditional_middle,3.0,0.5787962966529586,0.5787962515438462,1.6351906574017936e-07,4.510911244537397e-08,1.4882352983303093e-07,3.800025247246985e-08,0.3108642467448467,0.6466039332170872,0.5299144757673185,0.5787961667592801,0.5787964400428295,0.5787961478294288,warm_low_wind_other,0.3080064373291565,,
B_independent_reference,numerical/numerical_independent_cdf.csv,,q90,,,,,,,,,,,,,,,2024-12-13 11:00:00+00:00,highest_rho,inf,0.7083410394587072,0.708341067008964,2.584645967438973e-08,2.7550256853636768e-08,4.784593621298684e-08,1.607055780117328e-08,0.270988346371593,0.3828921311604249,0.6998490730915581,0.7083410379110973,0.7083410758111515,0.7083410873046434,cool_low_wind_other,0.289935995455247,,
B_independent_reference,numerical/numerical_independent_cdf.csv,,q90,,,,,,,,,,,,,,,2024-12-13 11:00:00+00:00,highest_rho,3.0,0.7087072260638896,0.708707277444081,1.7386564731668994e-07,5.1380191434802214e-08,2.017467368720105e-07,2.993335433687516e-08,0.270988346371593,0.3828921311604249,0.6998490730915581,0.7087074278106265,0.7087070870579879,0.7087073174636287,cool_low_wind_other,0.289935995455247,,
B_independent_reference,numerical/numerical_independent_cdf.csv,,q90,,,,,,,,,,,,,,,2024-12-26 04:00:00+00:00,highest_rho,inf,0.0196801894215302,0.0196801910901756,1.011659738961195e-09,1.668645350366704e-09,2.596648226299569e-09,6.567851595700933e-11,0.855425393590852,0.9951438377273508,0.6772126559845183,0.0196801920181784,0.019680191240636,0.0196801900117122,cool_low_wind_other,0.2502775130225458,,
B_independent_reference,numerical/numerical_independent_cdf.csv,,q90,,,,,,,,,,,,,,,2024-12-26 04:00:00+00:00,highest_rho,3.0,0.0194942526125802,0.0194942982726227,2.5975147531306733e-07,4.566004257328116e-08,3.2658833810927934e-07,1.7802188932518855e-09,0.855425393590852,0.9951438377273508,0.6772126559845183,0.0194945792009183,0.0194942488046205,0.0194940668123294,cool_low_wind_other,0.2502775130225458,,
B_independent_reference,numerical/numerical_independent_cdf.csv,,q90,,,,,,,,,,,,,,,2024-11-04 09:00:00+00:00,highest_rho,inf,0.0777639789531976,0.0777639790091979,2.2786407550365444e-10,5.600027386254425e-11,2.402913701349263e-10,1.0329104238593344e-10,0.5116887706656628,0.9472255405060322,0.7389833129254741,0.0777639787544189,0.0777639790796857,0.077763979193489,cool_low_wind_other,0.1888477800488663,,
B_independent_reference,numerical/numerical_independent_cdf.csv,,q90,,,,,,,,,,,,,,,2024-11-04 09:00:00+00:00,highest_rho,3.0,0.070258961589,0.0702590203904842,1.789455864474031e-07,5.880148423731413e-08,2.56625005190525e-07,1.0934030258979989e-07,0.5116887706656628,0.9472255405060322,0.7389833129254741,0.0702592182140052,0.0702589731596083,0.0702588697978392,cool_low_wind_other,0.1888477800488663,,
B_independent_reference,numerical/numerical_independent_cdf.csv,,q90,,,,,,,,,,,,,,,2024-12-28 17:00:00+00:00,highest_rho,inf,0.3428952382261995,0.3428952391226043,4.668791115261535e-10,8.96404783734539e-10,1.2262087456527127e-09,6.1474586532384e-10,0.5234946196653101,0.9834676535986092,0.6791958775563235,0.3428952385883811,0.3428952393270233,0.3428952394524082,cool_low_wind_cold,0.263743002118361,,
B_independent_reference,numerical/numerical_independent_cdf.csv,,q90,,,,,,,,,,,,,,,2024-12-28 17:00:00+00:00,highest_rho,3.0,0.3442684717206229,0.3442685587792895,1.801546637178308e-07,8.705866655356331e-08,2.681026460282787e-07,5.99431157488617e-08,0.5234946196653101,0.9834676535986092,0.6791958775563235,0.344268739823269,0.3442685569872891,0.3442683795273106,cool_low_wind_cold,0.263743002118361,,
B_independent_reference,numerical/numerical_independent_cdf.csv,,q90,,,,,,,,,,,,,,,2024-07-05 13:00:00+00:00,lowest_rho,inf,1.041503732812643e-06,1.0415037326201671e-06,3.2732234489255563e-20,1.924757435275677e-16,1.9251047187840518e-16,4.0092834406302207e-22,0.9921955860897184,0.9999999947299668,0.0174605171197394,1.0415037326201326e-06,1.0415037326201718e-06,1.0415037326201976e-06,warm_higher_wind,0.8363630257021736,,
B_independent_reference,numerical/numerical_independent_cdf.csv,,q90,,,,,,,,,,,,,,,2024-07-05 13:00:00+00:00,lowest_rho,3.0,2.2363938159464247e-05,2.230276777091402e-05,2.2261743729339986e-07,6.117038855022846e-08,2.990071772734461e-07,2.7322797570200096e-12,0.9921955860897184,0.9999999947299668,0.0174605171197394,2.233722451815428e-05,2.2506147812396977e-05,2.20649309821908e-05,warm_higher_wind,0.8363630257021736,,
B_independent_reference,numerical/numerical_independent_cdf.csv,,q90,,,,,,,,,,,,,,,2024-09-26 16:00:00+00:00,lowest_rho,inf,2.692050742658658e-06,2.6920507418914903e-06,1.4993320977558744e-15,7.67167904723587e-16,2.438354168777428e-15,4.130510232912205e-21,0.9995073305615212,0.9999134783624116,0.0023871756683352,2.692050740220304e-06,2.6920507431186818e-06,2.6920507423354846e-06,warm_higher_wind,0.5978171915709917,,
B_independent_reference,numerical/numerical_independent_cdf.csv,,q90,,,,,,,,,,,,,,,2024-09-26 16:00:00+00:00,lowest_rho,3.0,6.530590598763375e-05,6.511746072719348e-05,3.5319729431476655e-08,1.884452604402725e-07,2.101339801665063e-07,2.4577665308072844e-11,0.9995073305615212,0.9999134783624116,0.0023871756683352,6.515821633685647e-05,6.509577200746724e-05,6.509839383725673e-05,warm_higher_wind,0.5978171915709917,,
B_independent_reference,numerical/numerical_independent_cdf.csv,,q90,,,,,,,,,,,,,,,2024-07-05 12:00:00+00:00,lowest_rho,inf,1.2969253061489994e-06,1.2969253061221565e-06,3.348191708161069e-22,2.684310937319922e-17,2.684353288967285e-17,6.962695870937077e-23,0.9945447803915968,0.9999999999627924,0.0271060858988424,1.2969253061221558e-06,1.2969253061221565e-06,1.2969253061221565e-06,warm_higher_wind,0.8289615201765742,,
B_independent_reference,numerical/numerical_independent_cdf.csv,,q90,,,,,,,,,,,,,,,2024-07-05 12:00:00+00:00,lowest_rho,3.0,3.765490112317416e-05,3.761175866494666e-05,1.75723312878561e-07,4.314245822749879e-08,2.2844016281657365e-07,3.247188725832344e-12,0.9945447803915968,0.9999999999627924,0.0271060858988424,3.7632802676660885e-05,3.777601235782151e-05,3.742646096035758e-05,warm_higher_wind,0.8289615201765742,,
B_independent_reference,numerical/numerical_independent_cdf.csv,,q90,,,,,,,,,,,,,,,2024-04-05 12:00:00+00:00,lowest_rho,inf,2.590819102588071e-07,2.5908191047958186e-07,0.0,2.207747437184195e-16,2.207747437184195e-16,1.143974908968537e-22,0.9985560190653008,0.999999999999,0.0402044314922353,2.5908191047958186e-07,2.5908191047958186e-07,2.5908191047958186e-07,warm_higher_wind,0.8395435562591439,,
B_independent_reference,numerical/numerical_independent_cdf.csv,,q90,,,,,,,,,,,,,,,2024-04-05 12:00:00+00:00,lowest_rho,3.0,3.212397580742987e-05,3.22151645550371e-05,1.3206773787966477e-07,9.118874760722777e-08,2.0558320466121578e-07,5.86700563177894e-12,0.9985560190653008,0.999999999999,0.0402044314922353,3.2070632805642674e-05,3.232955901209109e-05,3.224530184737755e-05,warm_higher_wind,0.8395435562591439,,
B_independent_reference,numerical/numerical_independent_cdf.csv,,q90,,,,,,,,,,,,,,,2025-09-26 22:00:00+00:00,probability_middle,inf,0.3542503872320164,0.3542503872382647,1.4828126454594288e-10,6.248224160287919e-12,1.5334516989540248e-10,4.4268755328147336e-12,0.2678040992070465,0.9999201901086512,0.4992368669241327,0.3542503872643511,0.3542503873717716,0.3542503870786713,warm_low_wind_cold,0.4017739202894179,,
B_independent_reference,numerical/numerical_independent_cdf.csv,,q90,,,,,,,,,,,,,,,2025-09-26 22:00:00+00:00,probability_middle,3.0,0.3480432407954238,0.3480433205986104,4.386711997151895e-07,7.98031865589799e-08,4.666669884967334e-07,5.55499257287595e-08,0.2678040992070465,0.9999201901086512,0.4992368669241327,0.3480437074624123,0.3480434103357763,0.3480428439976423,warm_low_wind_cold,0.4017739202894179,,
B_independent_reference,numerical/numerical_independent_cdf.csv,,q90,,,,,,,,,,,,,,,2025-02-02 14:00:00+00:00,probability_middle,inf,0.1259937476673198,0.1259937501340264,1.033867694342557e-09,2.4667065889882878e-09,3.173852625160123e-09,6.21579222120916e-10,0.6422437786376598,0.9154139366539662,0.5617972083317772,0.1259937508411724,0.1259937489474823,0.1259937506134244,cool_low_wind_other,0.2593282104247553,,
B_independent_reference,numerical/numerical_independent_cdf.csv,,q90,,,,,,,,,,,,,,,2025-02-02 14:00:00+00:00,probability_middle,3.0,0.1251625945353711,0.1251626008649476,5.3089675587638166e-08,6.3295765018178685e-09,5.608666592271661e-08,1.584452475472675e-09,0.6422437786376598,0.9154139366539662,0.5617972083317772,0.1251626069974927,0.125162650622037,0.1251625449753131,cool_low_wind_other,0.2593282104247553,,
B_independent_reference,numerical/numerical_independent_cdf.csv,,q90,,,,,,,,,,,,,,,2024-04-22 00:00:00+00:00,probability_middle,inf,0.3676362976177154,0.367636339539517,3.2477633744226726e-08,4.192180158568704e-08,6.878248282049526e-08,3.082395361175827e-08,0.2037976953077474,0.7377765589240183,0.3791983367607699,0.3676363664001982,0.3676363487735659,0.367636303444787,warm_higher_wind,0.4942059312640942,,
B_independent_reference,numerical/numerical_independent_cdf.csv,,q90,,,,,,,,,,,,,,,2024-04-22 00:00:00+00:00,probability_middle,3.0,0.3570988231429123,0.3570988153618428,2.213775178567951e-08,7.781069510937044e-09,3.260137604321756e-08,5.557221488539099e-09,0.2037976953077474,0.7377765589240183,0.3791983367607699,0.3570988330676869,0.3570988224763051,0.3570987905415362,warm_higher_wind,0.4942059312640942,,
B_independent_reference,numerical/numerical_independent_cdf.csv,,q90,,,,,,,,,,,,,,,2025-07-01 04:00:00+00:00,probability_middle,inf,0.4156068336061165,0.4156068360768781,1.5773601927777594e-09,2.4707616508301555e-09,3.99392902084017e-09,2.053730852047408e-09,0.0722724713857841,0.9673075127946956,0.4183088561775954,0.4156068376000455,0.4156068361801853,0.4156068344504037,warm_low_wind_other,0.4746442897605498,,
B_independent_reference,numerical/numerical_independent_cdf.csv,,q90,,,,,,,,,,,,,,,2025-07-01 04:00:00+00:00,probability_middle,3.0,0.4121319698991438,0.4121320100916157,8.785023057504619e-08,4.019247185071961e-08,9.373734355389018e-08,3.3129206822302144e-08,0.0722724713857841,0.9673075127946956,0.4183088561775954,0.4121320636364874,0.4121320579340111,0.4121319087043485,warm_low_wind_other,0.4746442897605498,,
B_independent_reference,numerical/numerical_independent_cdf.csv,,q95,,,,,,,,,,,,,,,2025-01-20 15:00:00+00:00,near_gate,inf,0.245286420622723,0.2452864369327753,2.84104065410762e-08,1.6310052391999008e-08,4.6595702435370256e-08,2.4618835858802868e-08,0.7056952227026929,0.7479460659712784,0.5021999913233476,0.2452864327094626,0.2452864672184254,0.2452864108704379,cool_low_wind_other,0.4366923893811383,,
B_independent_reference,numerical/numerical_independent_cdf.csv,,q95,,,,,,,,,,,,,,,2025-01-20 15:00:00+00:00,near_gate,3.0,0.2476211874395454,0.2476211663026218,6.81439830352539e-08,2.113692362804009e-08,8.072593460362043e-08,3.1805947542373765e-08,0.7056952227026929,0.7479460659712784,0.5021999913233476,0.2476212405995401,0.2476211067136108,0.2476211515947144,cool_low_wind_other,0.4366923893811383,,
B_independent_reference,numerical/numerical_independent_cdf.csv,,q95,,,,,,,,,,,,,,,2024-08-06 22:00:00+00:00,near_gate,inf,0.2461025465125852,0.2461025717210228,2.695108731232553e-08,2.5208437531842882e-08,4.3126455628872407e-08,1.2407721974860841e-08,0.548000276455794,0.9078025696381944,0.3311590266387782,0.2461025896390409,0.2461025847976571,0.2461025407263704,warm_low_wind_other,0.590745852358986,,
B_independent_reference,numerical/numerical_independent_cdf.csv,,q95,,,,,,,,,,,,,,,2024-08-06 22:00:00+00:00,near_gate,3.0,0.2463158240704133,0.2463158577259291,6.1267436504741e-08,3.365551579093129e-08,9.58082294610918e-08,1.657977334590388e-08,0.548000276455794,0.9078025696381944,0.3311590266387782,0.2463159198786427,0.2463158559152331,0.2463157973839112,warm_low_wind_other,0.590745852358986,,
B_independent_reference,numerical/numerical_independent_cdf.csv,,q95,,,,,,,,,,,,,,,2024-03-11 15:00:00+00:00,near_gate,inf,0.2307837233459462,0.2307837958946069,3.760482941492374e-08,7.25486607178194e-08,1.0097457026070344e-07,3.348610535386376e-08,0.3354488679026872,0.867673498271779,0.3282324208016101,0.2307838243205164,0.2307838101087333,0.2307837532545709,cool_higher_wind,0.59915640071016,,
B_independent_reference,numerical/numerical_independent_cdf.csv,,q95,,,,,,,,,,,,,,,2024-03-11 15:00:00+00:00,near_gate,3.0,0.2146046947920595,0.2146047190937101,7.030692137422936e-08,2.4301650664027008e-08,7.853658709477963e-08,1.0430497236757486e-08,0.3354488679026872,0.867673498271779,0.3282324208016101,0.2146047733286466,0.2146047442925104,0.2146046396599735,cool_higher_wind,0.59915640071016,,
B_independent_reference,numerical/numerical_independent_cdf.csv,,q95,,,,,,,,,,,,,,,2024-02-27 07:00:00+00:00,near_gate,inf,0.2427407518956613,0.2427407545391515,1.7566922507946e-09,2.6434902322680642e-09,4.139996789831457e-09,4.003614884062756e-09,0.4082146767714955,0.9872293870291065,0.4045118866232477,0.2427407560356581,0.2427407549767813,0.2427407526050151,cool_higher_wind,0.5793525165500935,,
B_independent_reference,numerical/numerical_independent_cdf.csv,,q95,,,,,,,,,,,,,,,2024-02-27 07:00:00+00:00,near_gate,3.0,0.2387302745053978,0.2387302777172482,1.3967418174963237e-07,3.211850424511553e-09,1.554165681150188e-07,4.890169047477855e-09,0.4082146767714955,0.9872293870291065,0.4045118866232477,0.2387303822632959,0.2387303317996192,0.2387301190888297,cool_higher_wind,0.5793525165500935,,
B_independent_reference,numerical/numerical_independent_cdf.csv,,q95,,,,,,,,,,,,,,,2024-04-15 05:00:00+00:00,conditional_tail,inf,1.99947125523181e-09,1.9994677242170608e-09,5.450376203257366e-14,3.5310147498220776e-15,6.595201016793237e-14,1.412031252016833e-23,0.9999766614520712,0.9999999953305458,0.5004101716234414,1.999491979531523e-09,1.999505889898016e-09,1.9994053032216422e-09,warm_higher_wind,0.3314165097148497,,
B_independent_reference,numerical/numerical_independent_cdf.csv,,q95,,,,,,,,,,,,,,,2024-04-15 05:00:00+00:00,conditional_tail,3.0,9.071811191141421e-08,5.3644618116322e-08,1.1586978891024873e-07,3.7073493795092224e-08,1.540534654491582e-07,5.3520307759258515e-15,0.9999766614520712,0.9999999953305458,0.5004101716234414,1.6837135932598748e-07,5.5897848560722497e-08,-6.333535353774395e-08,warm_higher_wind,0.3314165097148497,,
B_independent_reference,numerical/numerical_independent_cdf.csv,,q95,,,,,,,,,,,,,,,2025-03-23 20:00:00+00:00,conditional_tail,inf,0.0001295967787464,0.0001295967700988,4.0197664057870295e-11,8.647647702086925e-12,5.2829180564656006e-11,2.241414495443381e-15,0.9969650818052216,0.999980610687274,0.3860053422494787,0.0001295967798669,0.0001295968045121,0.0001295967259172,cool_low_wind_other,0.4388334149266501,,
B_independent_reference,numerical/numerical_independent_cdf.csv,,q95,,,,,,,,,,,,,,,2025-03-23 20:00:00+00:00,conditional_tail,3.0,0.0004969337785591,0.0004968713769106,4.531139583039963e-07,6.24016485477547e-08,5.751756395257646e-07,6.201508003658554e-11,0.9969650818052216,0.999980610687274,0.3860053422494787,0.000497217816029,0.0004970377117832,0.0004963586029196,cool_low_wind_other,0.4388334149266501,,
B_independent_reference,numerical/numerical_independent_cdf.csv,,q95,,,,,,,,,,,,,,,2025-06-14 03:00:00+00:00,conditional_tail,inf,7.42939563647127e-06,7.429395636429986e-06,2.2112265161216067e-20,4.1283538816227344e-17,4.130132650811969e-17,6.134255100419613e-22,0.9991644385924786,0.999999999999,0.2099136681104394,7.429395636429979e-06,7.429395636430011e-06,7.429395636429968e-06,warm_low_wind_other,0.629538414078859,,
B_independent_reference,numerical/numerical_independent_cdf.csv,,q95,,,,,,,,,,,,,,,2025-06-14 03:00:00+00:00,conditional_tail,3.0,0.0001114054029551,0.0001113543981018,1.4357755803407476e-07,5.1004853278481294e-08,2.1199987441803203e-07,1.1361830969260395e-11,0.9991644385924786,0.999999999999,0.2099136681104394,0.0001114006178128,0.000111469173412,0.0001111934030807,warm_low_wind_other,0.629538414078859,,
B_independent_reference,numerical/numerical_independent_cdf.csv,,q95,,,,,,,,,,,,,,,2024-12-09 13:00:00+00:00,conditional_tail,inf,0.0010040331785954,0.0010040342954414,5.252355395868013e-10,1.116846018228354e-09,1.4989773766856114e-09,2.2427021626589727e-12,0.9758964526934653,0.9990627312310102,0.559353681789451,0.0010040346775728,0.001004034512241,0.0010040336965104,cool_higher_wind,0.3984477582910437,,
B_independent_reference,numerical/numerical_independent_cdf.csv,,q95,,,,,,,,,,,,,,,2024-12-09 13:00:00+00:00,conditional_tail,3.0,0.0014211228748112,0.0014211651563481,3.3751625381537184e-07,4.2281536894285897e-08,3.366927919593033e-07,1.2017630625379516e-10,0.9758964526934653,0.9990627312310102,0.559353681789451,0.0014214333903546,0.0014212758966704,0.0014207861820192,cool_higher_wind,0.3984477582910437,,
B_independent_reference,numerical/numerical_independent_cdf.csv,,q95,,,,,,,,,,,,,,,2024-08-26 23:00:00+00:00,conditional_middle,inf,0.6305725859119409,0.6305725967438893,6.371264635076465e-09,1.0831948449308015e-08,1.5691236532333622e-08,1.3660659603509373e-08,0.2077454584772914,0.6036959510434654,0.4851817816287797,0.6305725990979155,0.6305726016031774,0.6305725895305748,warm_low_wind_other,0.4798118067073638,,
B_independent_reference,numerical/numerical_independent_cdf.csv,,q95,,,,,,,,,,,,,,,2024-08-26 23:00:00+00:00,conditional_middle,3.0,0.6342229415964874,0.6342229227512773,1.69215235905628e-07,1.8845210059126323e-08,1.7573673360971045e-07,2.3904128731988556e-08,0.2077454584772914,0.6036959510434654,0.4851817816287797,0.6342229003378133,0.634223102056265,0.6342227658597538,warm_low_wind_other,0.4798118067073638,,
B_independent_reference,numerical/numerical_independent_cdf.csv,,q95,,,,,,,,,,,,,,,2024-04-25 18:00:00+00:00,conditional_middle,inf,0.5256076831206851,0.5256077907032951,7.727182430534615e-08,1.075826100427335e-07,1.8198314044592934e-07,1.1309250441682297e-07,0.3935942167819947,0.563345599546579,0.4015390464145682,0.5256078651038255,0.5256077961569354,0.5256077108491246,warm_low_wind_cold,0.5080800974181597,,
B_independent_reference,numerical/numerical_independent_cdf.csv,,q95,,,,,,,,,,,,,,,2024-04-25 18:00:00+00:00,conditional_middle,3.0,0.525433189443302,0.5254331546476658,8.773014984174115e-08,3.4795636150164455e-08,1.0897479874039109e-07,3.6565562910872984e-08,0.3935942167819947,0.563345599546579,0.4015390464145682,0.5254332514839464,0.5254330804685032,0.525433131990548,warm_low_wind_cold,0.5080800974181597,,
B_independent_reference,numerical/numerical_independent_cdf.csv,,q95,,,,,,,,,,,,,,,2024-08-01 19:00:00+00:00,conditional_middle,inf,0.1919722173337062,0.1919723263511625,5.882851579900908e-08,1.0901745625679916e-07,1.6644744588178997e-07,4.185665750111589e-08,0.6374528078983823,0.7964947755188695,0.2893151533801321,0.1919723837811521,0.1919723290549755,0.1919722662173598,warm_low_wind_other,0.577330534181188,,
B_independent_reference,numerical/numerical_independent_cdf.csv,,q95,,,,,,,,,,,,,,,2024-08-01 19:00:00+00:00,conditional_middle,3.0,0.1954768124395088,0.1954767898888114,2.4709143233095945e-08,2.2550697448275876e-08,5.107815817528839e-08,8.816276396428346e-09,0.6374528078983823,0.7964947755188695,0.2893151533801321,0.1954767613613507,0.1954768045765097,0.1954768037285737,warm_low_wind_other,0.577330534181188,,
B_independent_reference,numerical/numerical_independent_cdf.csv,,q95,,,,,,,,,,,,,,,2024-08-06 02:00:00+00:00,conditional_middle,inf,0.3423966499571534,0.3423966716617299,1.0348789384347309e-08,2.1704576413927867e-08,3.2503005842343675e-08,1.4863148975474694e-08,0.4735524836417598,0.843602046852309,0.493499424579203,0.3423966706945442,0.3423966618304859,0.3423966824601593,warm_low_wind_other,0.455321188704774,,
B_independent_reference,numerical/numerical_independent_cdf.csv,,q95,,,,,,,,,,,,,,,2024-08-06 02:00:00+00:00,conditional_middle,3.0,0.3427423868590301,0.3427424626347308,7.383781367722265e-08,7.577570071415354e-08,1.5710942979918485e-07,5.194309479761294e-08,0.4735524836417598,0.843602046852309,0.493499424579203,0.3427425439684599,0.3427423998174461,0.3427424441182864,warm_low_wind_other,0.455321188704774,,
B_independent_reference,numerical/numerical_independent_cdf.csv,,q95,,,,,,,,,,,,,,,2024-12-13 11:00:00+00:00,highest_rho,inf,0.4412709328147844,0.4412709467350326,9.471744979783828e-09,1.3920248176368945e-08,2.3828267359249373e-08,1.5555294496927274e-08,0.4367711923281103,0.679552532830628,0.6998490730915581,0.4412709457919229,0.4412709566430517,0.4412709377701229,cool_low_wind_other,0.289935995455247,,
B_independent_reference,numerical/numerical_independent_cdf.csv,,q95,,,,,,,,,,,,,,,2024-12-13 11:00:00+00:00,highest_rho,3.0,0.4409398741522207,0.4409398603241321,9.341222865313045e-08,1.382808861860596e-08,1.1878798705788897e-07,1.5461466162935977e-08,0.4367711923281103,0.679552532830628,0.6998490730915581,0.4409399343310237,0.4409398912771392,0.4409397553642337,cool_low_wind_other,0.289935995455247,,
B_independent_reference,numerical/numerical_independent_cdf.csv,,q95,,,,,,,,,,,,,,,2024-12-26 04:00:00+00:00,highest_rho,inf,0.0043593001818063,0.0043593008898003,3.94046953174946e-10,7.079939984971916e-10,1.050909232032382e-09,6.172717234407968e-12,0.9341900099555482,0.9989625368486812,0.6772126559845183,0.0043593012327155,0.0043593009773404,0.0043593004593448,cool_low_wind_other,0.2502775130225458,,
B_independent_reference,numerical/numerical_independent_cdf.csv,,q95,,,,,,,,,,,,,,,2024-12-26 04:00:00+00:00,highest_rho,3.0,0.0045511959627267,0.0045512382556528,4.019020246160926e-07,4.229292601982265e-08,4.4651890307619013e-07,3.8496857699516716e-10,0.9341900099555482,0.9989625368486812,0.6772126559845183,0.0045516424816298,0.004551233566718,0.0045508387186105,cool_low_wind_other,0.2502775130225458,,
B_independent_reference,numerical/numerical_independent_cdf.csv,,q95,,,,,,,,,,,,,,,2024-11-04 09:00:00+00:00,highest_rho,inf,0.0165095871794278,0.0165095871555751,3.14972810351512e-10,2.3852687186520782e-11,3.5053780711447047e-10,7.875960625867986e-13,0.8183146281188904,0.9907427397407216,0.7389833129254741,0.01650958682889,0.0165095874573572,0.0165095871804782,cool_low_wind_other,0.1888477800488663,,
B_independent_reference,numerical/numerical_independent_cdf.csv,,q95,,,,,,,,,,,,,,,2024-11-04 09:00:00+00:00,highest_rho,3.0,0.0149474661103782,0.0149475312623019,2.334224728970453e-07,6.515192373102163e-08,3.1644145865109e-07,1.947716588788497e-09,0.8183146281188904,0.9907427397407216,0.7389833129254741,0.0149477825518368,0.0149474900345238,0.0149473212005451,cool_low_wind_other,0.1888477800488663,,
B_independent_reference,numerical/numerical_independent_cdf.csv,,q95,,,,,,,,,,,,,,,2024-12-28 17:00:00+00:00,highest_rho,inf,0.2124417088618454,0.2124417098080514,1.0936933564231975e-09,9.462059746834226e-10,2.101391033404454e-09,4.0202723095017484e-10,0.6634575987205804,0.9955080244422992,0.6791958775563235,0.2124417087885021,0.2124417096724156,0.2124417109632364,cool_low_wind_cold,0.263743002118361,,
B_independent_reference,numerical/numerical_independent_cdf.csv,,q95,,,,,,,,,,,,,,,2024-12-28 17:00:00+00:00,highest_rho,3.0,0.2148512234705148,0.214851323950355,2.563358602034098e-07,1.0047984019823097e-07,3.525232719070459e-07,4.3176443295656064e-08,0.6634575987205804,0.9955080244422992,0.6791958775563235,0.2148515759937868,0.2148513323297353,0.2148510635275431,cool_low_wind_cold,0.263743002118361,,
B_independent_reference,numerical/numerical_independent_cdf.csv,,q95,,,,,,,,,,,,,,,2024-07-05 13:00:00+00:00,lowest_rho,inf,5.763578503348299e-09,5.7635785033201954e-09,5.849050204022881e-25,2.8103461311489115e-20,2.8103461311489115e-20,3.239506611096661e-28,0.9983121948804672,0.9999999999710272,0.0174605171197394,5.7635785033201954e-09,5.7635785033201954e-09,5.763578503320196e-09,warm_higher_wind,0.8363630257021736,,
B_independent_reference,numerical/numerical_independent_cdf.csv,,q95,,,,,,,,,,,,,,,2024-07-05 13:00:00+00:00,lowest_rho,3.0,4.156154421730562e-07,4.076902584222033e-07,2.603895393809965e-07,7.925183750853086e-09,2.780201665385074e-07,6.524848960342269e-15,0.9983121948804672,0.9999999999710272,0.0174605171197394,4.283295445869032e-07,6.571459550451574e-07,1.3759527563454888e-07,warm_higher_wind,0.8363630257021736,,
B_independent_reference,numerical/numerical_independent_cdf.csv,,q95,,,,,,,,,,,,,,,2024-09-26 16:00:00+00:00,lowest_rho,inf,2.9974791315723344e-08,2.997479086110849e-08,3.1816345604274253e-19,4.546148449167835e-16,4.549820667866427e-16,2.725396985871331e-23,0.9999817523684336,0.9999918013590698,0.0023871756683352,2.99747908612828e-08,2.9974790861301424e-08,2.997479086074127e-08,warm_higher_wind,0.5978171915709917,,
B_independent_reference,numerical/numerical_independent_cdf.csv,,q95,,,,,,,,,,,,,,,2024-09-26 16:00:00+00:00,lowest_rho,3.0,4.049774889436364e-06,3.872648565390413e-06,5.972225005435382e-07,1.7712632404595048e-07,7.878014826230787e-07,1.4032697440888884e-12,0.9999817523684336,0.9999918013590698,0.0023871756683352,3.900530556921088e-06,4.455441732436867e-06,3.261973406813285e-06,warm_higher_wind,0.5978171915709917,,
B_independent_reference,numerical/numerical_independent_cdf.csv,,q95,,,,,,,,,,,,,,,2024-07-05 12:00:00+00:00,lowest_rho,inf,7.752832598129087e-09,7.752831931991956e-09,0.0,6.661371317693505e-16,6.661371317693505e-16,1.0328898900270817e-23,0.9994097240356388,0.999999999999,0.0271060858988424,7.752831931991956e-09,7.752831931991956e-09,7.752831931991956e-09,warm_higher_wind,0.8289615201765742,,
B_independent_reference,numerical/numerical_independent_cdf.csv,,q95,,,,,,,,,,,,,,,2024-07-05 12:00:00+00:00,lowest_rho,3.0,1.440799717422614e-06,1.3941463421715717e-06,3.215206015998231e-07,4.665337525104243e-08,3.800710987693822e-07,1.322598023347116e-13,0.9994097240356388,0.999999999999,0.0271060858988424,1.419433976789983e-06,1.7022764310715e-06,1.0607286186532315e-06,warm_higher_wind,0.8289615201765742,,
B_independent_reference,numerical/numerical_independent_cdf.csv,,q95,,,,,,,,,,,,,,,2024-04-05 12:00:00+00:00,lowest_rho,inf,6.15106188206482e-10,6.151060771797145e-10,0.0,1.1102676748006464e-16,1.1102676748006464e-16,1.3658649111794482e-25,0.9999285432596,0.999999999999,0.0402044314922353,6.151060771797145e-10,6.151060771797145e-10,6.151060771797145e-10,warm_higher_wind,0.8395435562591439,,
B_independent_reference,numerical/numerical_independent_cdf.csv,,q95,,,,,,,,,,,,,,,2024-04-05 12:00:00+00:00,lowest_rho,3.0,1.238241416956498e-06,1.4004154497679427e-06,2.1829428497634095e-07,1.6217403281144458e-07,3.549887388988735e-07,4.2792162528231314e-13,0.9999285432596,0.999999999999,0.0402044314922353,1.1634048901795489e-06,1.5932301558553716e-06,1.4446113032689073e-06,warm_higher_wind,0.8395435562591439,,
B_independent_reference,numerical/numerical_independent_cdf.csv,,q95,,,,,,,,,,,,,,,2025-09-09 09:00:00+00:00,probability_middle,inf,0.3842495431361598,0.3842495890708897,2.3717462488282745e-08,4.5934729853147616e-08,7.107841598630317e-08,3.53008000331112e-08,0.4095938405554695,0.7215311867975273,0.3540913923060493,0.3842496142145758,0.3842495858992759,0.3842495670988172,warm_low_wind_other,0.4559274367915221,,
B_independent_reference,numerical/numerical_independent_cdf.csv,,q95,,,,,,,,,,,,,,,2025-09-09 09:00:00+00:00,probability_middle,3.0,0.3831959769894106,0.3831959441650017,4.36711044806156e-08,3.2824408857656806e-08,7.696289305858528e-08,2.515636177147229e-08,0.4095938405554695,0.7215311867975273,0.3540913923060493,0.3831959451152707,0.3831959873532169,0.3831959000265175,warm_low_wind_other,0.4559274367915221,,
B_independent_reference,numerical/numerical_independent_cdf.csv,,q95,,,,,,,,,,,,,,,2025-01-17 17:00:00+00:00,probability_middle,inf,0.3549411371084053,0.3549411384305123,1.1805618700312862e-09,1.3221069239399692e-09,2.5260431524287684e-09,1.705673657870221e-09,0.4011856480328253,0.9657588194065336,0.7469181477042298,0.3549411383822854,0.3549411372748028,0.3549411396344485,cool_low_wind_cold,0.2077894096690652,,
B_independent_reference,numerical/numerical_independent_cdf.csv,,q95,,,,,,,,,,,,,,,2025-01-17 17:00:00+00:00,probability_middle,3.0,0.3527602549932132,0.3527603433876034,2.263132810083771e-07,8.839439019636688e-08,3.420941994125571e-07,1.1442471736788917e-07,0.4011856480328253,0.9657588194065336,0.7469181477042298,0.3527605970874126,0.3527602708056107,0.3527601622697869,cool_low_wind_cold,0.2077894096690652,,
B_independent_reference,numerical/numerical_independent_cdf.csv,,q95,,,,,,,,,,,,,,,2024-04-22 04:00:00+00:00,probability_middle,inf,0.3491327617896773,0.3491327771558318,1.0010163643431628e-08,1.536615451547263e-08,2.483284344823033e-08,2.0002652978412527e-08,0.0195056218292871,0.8566550242198167,0.3661945794027824,0.3491327866225208,0.3491327781661557,0.349132766678819,warm_higher_wind,0.4818674421193046,,
B_independent_reference,numerical/numerical_independent_cdf.csv,,q95,,,,,,,,,,,,,,,2024-04-22 04:00:00+00:00,probability_middle,3.0,0.3431175461761673,0.3431175495629677,4.3975640797654586e-08,3.386800395688283e-09,5.134189151601021e-08,4.4494594675370536e-09,0.0195056218292871,0.8566550242198167,0.3661945794027824,0.3431175400453294,0.3431175975180588,0.3431175111255151,warm_higher_wind,0.4818674421193046,,
B_independent_reference,numerical/numerical_independent_cdf.csv,,q95,,,,,,,,,,,,,,,2025-05-21 02:00:00+00:00,probability_middle,inf,0.3836514154844734,0.383651421090307,3.300915872091969e-09,5.605833575117458e-09,8.394696160429762e-09,4.3013719808193684e-09,0.3525300815596342,0.945499354407024,0.4766640917042759,0.3836514238791696,0.3836514219459268,0.3836514174458247,warm_low_wind_cold,0.4350653560729742,,
B_independent_reference,numerical/numerical_independent_cdf.csv,,q95,,,,,,,,,,,,,,,2025-05-21 02:00:00+00:00,probability_middle,3.0,0.3837710144989326,0.3837710530867452,1.2286007685783266e-07,3.858781266741218e-08,1.444423792795746e-07,2.961776951471151e-08,0.3525300815596342,0.945499354407024,0.4766640917042759,0.3837711589413118,0.383771081956201,0.3837709183627228,warm_low_wind_cold,0.4350653560729742,,
C_plan_invariance,numerical/numerical_plan_comparison.csv,M0,,,,,,,,,,,,,,,,,,,,,,,,,,,,,,,,,gate,0.0
C_plan_invariance,numerical/numerical_plan_comparison.csv,M0,,,,,,,,,,,,,,,,,,,,,,,,,,,,,,,,,priority,0.0
C_plan_invariance,numerical/numerical_plan_comparison.csv,M1,,,,,,,,,,,,,,,,,,,,,,,,,,,,,,,,,gate,0.0
C_plan_invariance,numerical/numerical_plan_comparison.csv,M1,,,,,,,,,,,,,,,,,,,,,,,,,,,,,,,,,priority,0.0
C_plan_invariance,numerical/numerical_plan_comparison.csv,M2,,,,,,,,,,,,,,,,,,,,,,,,,,,,,,,,,gate,0.0
C_plan_invariance,numerical/numerical_plan_comparison.csv,M2,,,,,,,,,,,,,,,,,,,,,,,,,,,,,,,,,priority,0.0
C_plan_invariance,numerical/numerical_plan_comparison.csv,M3,,,,,,,,,,,,,,,,,,,,,,,,,,,,,,,,,gate,0.0
C_plan_invariance,numerical/numerical_plan_comparison.csv,M3,,,,,,,,,,,,,,,,,,,,,,,,,,,,,,,,,priority,0.0
