Threshold,Contrast,Loss difference,95% interval
q90,margin_at_G,+0.000407313,"[-0.000356370, +0.001172379]"
q90,dependence_at_base,-0.000004471,"[-0.000093448, +0.000095466]"
q90,margin_at_selected_dependence,+0.000392518,"[-0.000369100, +0.001150914]"
q90,dependence_at_calibrated,-0.000019265,"[-0.000100497, +0.000069007]"
q90,interaction,-0.000014794,"[-0.000053602, +0.000016609]"
q90,combined,+0.000388048,"[-0.000407152, +0.001199289]"
q95,margin_at_G,+0.000046004,"[-0.000385836, +0.000464357]"
q95,dependence_at_base,-0.000037439,"[-0.000095011, +0.000016876]"
q95,margin_at_selected_dependence,+0.000038633,"[-0.000395321, +0.000457475]"
q95,dependence_at_calibrated,-0.000044809,"[-0.000101116, +0.000005122]"
q95,interaction,-0.000007370,"[-0.000031747, +0.000014449]"
q95,combined,+0.000001194,"[-0.000438482, +0.000425190]"
