period,q,contrast,block_days,loss_difference,ci_low,ci_high,draws,calendar_days,common_days
development,q90,margin_at_G,7,-0.00042944219434064984,-0.001153027907565745,0.00028931508227756893,2000,730,718
development,q90,dependence_at_base,7,3.9325747634176567e-05,-1.1869170908639527e-05,9.616928482258946e-05,2000,730,718
development,q90,margin_at_selected_dependence,7,-0.0004247604359583594,-0.0011528404192742007,0.00030158664299968926,2000,730,718
development,q90,dependence_at_calibrated,7,4.4007506016466996e-05,-1.1634978177328061e-05,0.0001108212380006982,2000,730,718
development,q90,interaction,7,4.68175838229043e-06,-1.5455234097362138e-05,2.757435860539286e-05,2000,730,718
development,q90,combined,7,-0.00038543468832418284,-0.0011101601052538714,0.00034715888515723497,2000,730,718
development,q90,margin_at_G,14,-0.00042944219434064984,-0.0012479475278202715,0.0002746697168498359,2000,730,718
development,q90,dependence_at_base,14,3.9325747634176567e-05,-6.411683245384925e-06,9.642819043383166e-05,2000,730,718
development,q90,margin_at_selected_dependence,14,-0.0004247604359583594,-0.0012435944182266903,0.00027869170175511665,2000,730,718
development,q90,dependence_at_calibrated,14,4.4007506016466996e-05,-6.5488974790139065e-06,0.00010725234119248939,2000,730,718
development,q90,interaction,14,4.68175838229043e-06,-1.646510070724295e-05,2.6870467559686296e-05,2000,730,718
development,q90,combined,14,-0.00038543468832418284,-0.0012074850528972772,0.00033592232917011255,2000,730,718
development,q90,margin_at_G,28,-0.00042944219434064984,-0.0011828244352911812,0.00033514094270478657,2000,730,718
development,q90,dependence_at_base,28,3.9325747634176567e-05,-1.0204811012796792e-05,9.81352158467067e-05,2000,730,718
development,q90,margin_at_selected_dependence,28,-0.0004247604359583594,-0.001171091155645492,0.0003410158400793845,2000,730,718
development,q90,dependence_at_calibrated,28,4.4007506016466996e-05,-9.351856385205176e-06,0.00010601992803864253,2000,730,718
development,q90,interaction,28,4.68175838229043e-06,-1.74347524113932e-05,2.6513060142286606e-05,2000,730,718
development,q90,combined,28,-0.00038543468832418284,-0.0011394059404477327,0.00038201727634140637,2000,730,718
development,q95,margin_at_G,7,-3.471498619388516e-05,-0.0005818685629391264,0.00047461673793292285,2000,730,718
development,q95,dependence_at_base,7,2.5473838069233617e-05,-1.4231549132486193e-05,6.767875662071271e-05,2000,730,718
development,q95,margin_at_selected_dependence,7,-2.347720655561554e-05,-0.0005725064818455855,0.0004836939412674738,2000,730,718
development,q95,dependence_at_calibrated,7,3.671161770750324e-05,-3.8292236633933465e-06,8.212432796553817e-05,2000,730,718
development,q95,interaction,7,1.1237779638269621e-05,-5.1425707980754874e-06,2.834433935228605e-05,2000,730,718
development,q95,combined,7,1.9966315136180773e-06,-0.0005441633902164896,0.0005200196862100427,2000,730,718
development,q95,margin_at_G,14,-3.471498619388516e-05,-0.0006100865700257674,0.0005012732326438178,2000,730,718
development,q95,dependence_at_base,14,2.5473838069233617e-05,-1.10984078518909e-05,6.38686290440485e-05,2000,730,718
development,q95,margin_at_selected_dependence,14,-2.347720655561554e-05,-0.0006014919571309421,0.0005168475452686287,2000,730,718
development,q95,dependence_at_calibrated,14,3.671161770750324e-05,-7.639316165085688e-07,7.857938248955428e-05,2000,730,718
development,q95,interaction,14,1.1237779638269621e-05,-5.313220244891441e-06,2.7623001831661697e-05,2000,730,718
development,q95,combined,14,1.9966315136180773e-06,-0.0005750982738969056,0.0005539117908555486,2000,730,718
development,q95,margin_at_G,28,-3.471498619388516e-05,-0.0006236118724432648,0.0005157549211590684,2000,730,718
development,q95,dependence_at_base,28,2.5473838069233617e-05,-9.789957159970228e-06,6.679722749490734e-05,2000,730,718
development,q95,margin_at_selected_dependence,28,-2.347720655561554e-05,-0.0006111212962952891,0.0005279822955204151,2000,730,718
development,q95,dependence_at_calibrated,28,3.671161770750324e-05,-2.2975787097219596e-06,7.804545318671739e-05,2000,730,718
development,q95,interaction,28,1.1237779638269621e-05,-4.5901124341976055e-06,2.746589914696545e-05,2000,730,718
development,q95,combined,28,1.9966315136180773e-06,-0.0005883268704505415,0.000560310507271058,2000,730,718
reanalysis,q90,margin_at_G,7,-0.00024263536242540712,-0.0007929934009923183,0.0002736721816282265,2000,731,725
reanalysis,q90,dependence_at_base,7,1.3399451507661864e-06,-5.757088019814407e-05,6.522155398099391e-05,2000,731,725
reanalysis,q90,margin_at_selected_dependence,7,-0.00022175439837793937,-0.0007738680484166386,0.0002933428861543518,2000,731,725
reanalysis,q90,dependence_at_calibrated,7,2.222090919823394e-05,-3.8105455600143456e-05,8.647732055751183e-05,2000,731,725
reanalysis,q90,interaction,7,2.0880964047467754e-05,-4.032263048112973e-06,4.780917555398197e-05,2000,731,725
reanalysis,q90,combined,7,-0.00022041445322717318,-0.0007756553465765329,0.0002921805893315964,2000,731,725
reanalysis,q90,margin_at_G,14,-0.00024263536242540712,-0.0007856511903581184,0.00028435861967593607,2000,731,725
reanalysis,q90,dependence_at_base,14,1.3399451507661864e-06,-5.597287198918048e-05,6.18706462679726e-05,2000,731,725
reanalysis,q90,margin_at_selected_dependence,14,-0.00022175439837793937,-0.0007676731872733657,0.00030073039843680853,2000,731,725
reanalysis,q90,dependence_at_calibrated,14,2.222090919823394e-05,-3.621691867089476e-05,8.262187436401475e-05,2000,731,725
reanalysis,q90,interaction,14,2.0880964047467754e-05,-3.0957702530207477e-06,4.411160742167681e-05,2000,731,725
reanalysis,q90,combined,14,-0.00022041445322717318,-0.0007703902769355469,0.0002970963128563237,2000,731,725
reanalysis,q90,margin_at_G,28,-0.00024263536242540712,-0.0006779415318832095,0.000197141409347754,2000,731,725
reanalysis,q90,dependence_at_base,28,1.3399451507661864e-06,-5.85426401407959e-05,6.004631573282306e-05,2000,731,725
reanalysis,q90,margin_at_selected_dependence,28,-0.00022175439837793937,-0.0006534763543574486,0.00022318821696862764,2000,731,725
reanalysis,q90,dependence_at_calibrated,28,2.222090919823394e-05,-3.589380620028886e-05,7.973908279538718e-05,2000,731,725
reanalysis,q90,interaction,28,2.0880964047467754e-05,-1.8126177846192886e-06,4.41825346285174e-05,2000,731,725
reanalysis,q90,combined,28,-0.00022041445322717318,-0.0006528801107300701,0.00022069763227675537,2000,731,725
reanalysis,q95,margin_at_G,7,-0.00021810836050493998,-0.0005996645953832595,0.00011364968319221532,2000,731,725
reanalysis,q95,dependence_at_base,7,4.6443032991339006e-05,-2.2650493034706305e-05,0.00011970732601560915,2000,731,725
reanalysis,q95,margin_at_selected_dependence,7,-0.00021202754327176096,-0.0005922925288702521,0.00012158954547851802,2000,731,725
reanalysis,q95,dependence_at_calibrated,7,5.2523850224518026e-05,-1.4896786000142669e-05,0.00012518146359563972,2000,731,725
reanalysis,q95,interaction,7,6.08081723317902e-06,-7.2006119600329965e-06,2.0230725771334674e-05,2000,731,725
reanalysis,q95,combined,7,-0.00016558451028042195,-0.0005093329577263815,0.00013951793147327747,2000,731,725
reanalysis,q95,margin_at_G,14,-0.00021810836050493998,-0.0005644216963478567,0.00011763897632473559,2000,731,725
reanalysis,q95,dependence_at_base,14,4.6443032991339006e-05,-1.964864515144856e-05,0.00011765887586066105,2000,731,725
reanalysis,q95,margin_at_selected_dependence,14,-0.00021202754327176096,-0.0005583668247028087,0.0001248230186098329,2000,731,725
reanalysis,q95,dependence_at_calibrated,14,5.2523850224518026e-05,-1.3010107456495629e-05,0.00012012955212503807,2000,731,725
reanalysis,q95,interaction,14,6.08081723317902e-06,-6.2329921708113335e-06,1.9036756826172413e-05,2000,731,725
reanalysis,q95,combined,14,-0.00016558451028042195,-0.0004898455611314188,0.00014577612017026571,2000,731,725
reanalysis,q95,margin_at_G,28,-0.00021810836050493998,-0.0005867537945184215,0.00011432003438463485,2000,731,725
reanalysis,q95,dependence_at_base,28,4.6443032991339006e-05,-2.0634801920359733e-05,0.00012327893607729935,2000,731,725
reanalysis,q95,margin_at_selected_dependence,28,-0.00021202754327176096,-0.0005839837004536014,0.00012161494348952014,2000,731,725
reanalysis,q95,dependence_at_calibrated,28,5.2523850224518026e-05,-1.0468063309311636e-05,0.00012738346203609906,2000,731,725
reanalysis,q95,interaction,28,6.08081723317902e-06,-5.6058144449655685e-06,1.786943545356196e-05,2000,731,725
reanalysis,q95,combined,28,-0.00016558451028042195,-0.0004947972658678843,0.00014153839638591438,2000,731,725
