period,level,path,region,below_half,below_90,q10,q50,q90
development,q90,0,DE_LU,0.04061771561771562,0.16515151515151516,0.7532524046118773,0.99980584162269,0.9999999999997703
development,q90,0,FR,0.05751748251748252,0.22925407925407926,0.6660055449963956,0.9972899038952077,0.9999999999864396
development,q90,0,BE,0.04796037296037296,0.21888111888111889,0.7144906549457439,0.9967970606592167,0.9999999999587038
development,q90,1,DE_LU,0.04143356643356643,0.17062937062937064,0.7451979185585164,0.9997203404001338,0.9999999999990349
development,q90,1,FR,0.057983682983682984,0.2543123543123543,0.6497990397980422,0.995566549992002,0.9999999998624794
development,q90,1,BE,0.047785547785547784,0.2171911421911422,0.7163780538960719,0.9963183174860628,0.9999999995253345
development,q95,0,DE_LU,0.019580419580419582,0.112995337995338,0.8770705094196615,0.9999713447946725,0.9999999999999964
development,q95,0,FR,0.03461538461538462,0.16421911421911423,0.7903489174395305,0.9994347614708445,0.9999999999998014
development,q95,0,BE,0.026456876456876458,0.14516317016317015,0.836667787994036,0.9992223516179095,0.9999999999986292
development,q95,1,DE_LU,0.01853146853146853,0.11765734265734265,0.8701301591406119,0.9999551329716494,0.9999999999999828
development,q95,1,FR,0.03636363636363636,0.18327505827505827,0.7675368747124276,0.998891605343458,0.9999999999973956
development,q95,1,BE,0.02529137529137529,0.1456876456876457,0.835628125398315,0.9990689351897162,0.9999999999764803
reanalysis,q90,0,DE_LU,0.09241379310344827,0.27764367816091956,0.5279174642476682,0.9938412003317822,0.9999999513541784
reanalysis,q90,0,FR,0.147183908045977,0.37189655172413794,0.3485856720867184,0.9737715184759148,0.9999988828600699
reanalysis,q90,0,BE,0.11867816091954023,0.3522413793103448,0.43793962368241185,0.9772660511098659,0.9999994910431486
reanalysis,q90,1,DE_LU,0.0939655172413793,0.2853448275862069,0.5202134325385471,0.9923780671721996,0.9999999129529317
reanalysis,q90,1,FR,0.14798850574712644,0.3853448275862069,0.3460515185162915,0.9679638433363309,0.9999962267409517
reanalysis,q90,1,BE,0.10787356321839081,0.36379310344827587,0.47240109341004827,0.9720101690380829,0.9999990937054445
reanalysis,q95,0,DE_LU,0.04005747126436782,0.17994252873563218,0.7623023523327255,0.9989641491717389,0.9999999988499996
reanalysis,q95,0,FR,0.08729885057471265,0.2696551724137931,0.545265615281164,0.9936609460621538,0.9999999565059956
reanalysis,q95,0,BE,0.061091954022988504,0.24229885057471265,0.6489124266296328,0.9943359446097135,0.9999999865069226
reanalysis,q95,1,DE_LU,0.04132183908045977,0.1853448275862069,0.7489672953085923,0.9985867351493699,0.9999999975309064
reanalysis,q95,1,FR,0.0896551724137931,0.27954022988505745,0.5349878743615898,0.9912858008163115,0.9999998147460114
reanalysis,q95,1,BE,0.054310344827586204,0.2509770114942529,0.6684738773631801,0.9923431803381247,0.9999999725826717
