zone,level,period,candidate,reference,delta,low,high,valid_days
DE_LU_FR_BE,q90,development,M1,M0,-0.0005119260687569433,-0.001049512878271718,0.00036497843392817086,715
DE_LU_FR_BE,q90,development,M2,M0,6.713207702061392e-06,-2.4880991387368694e-08,1.916582257657773e-05,715
DE_LU_FR_BE,q90,development,M3,M1,5.036807636358887e-06,-8.737616660156135e-08,1.4233065057657777e-05,715
DE_LU_FR_BE,q90,development,interaction,zero,-1.6764000657025034e-06,-5.028239658051117e-06,7.1228297569271e-08,715
DE_LU_FR_BE,q90,reanalysis,M1,M0,0.0004073125096097053,-0.00018330218103737415,0.001227026423911551,725
DE_LU_FR_BE,q90,reanalysis,M2,M0,-4.470745201595499e-06,-0.00010894840724118507,5.8977748095593666e-05,725
DE_LU_FR_BE,q90,reanalysis,M3,M1,-1.926489609481342e-05,-0.0001132352870030963,3.493594794322893e-05,725
DE_LU_FR_BE,q90,reanalysis,interaction,zero,-1.4794150893217894e-05,-5.3765391092957205e-05,1.597117033231162e-05,725
DE_LU_FR_BE,q95,development,M1,M0,-0.00021743786503980027,-0.0004952710610009601,0.0003966391633772593,715
DE_LU_FR_BE,q95,development,M2,M0,3.7622523333728255e-06,-5.427381771909402e-07,1.1568764276188213e-05,715
DE_LU_FR_BE,q95,development,M3,M1,4.429283360678513e-06,-6.031685701987652e-07,1.367612558459207e-05,715
DE_LU_FR_BE,q95,development,interaction,zero,6.670310273056897e-07,-1.7759906051106038e-07,2.256957671550103e-06,715
DE_LU_FR_BE,q95,reanalysis,M1,M0,4.600366085328324e-05,-0.0003781439140447774,0.00047922502719472494,725
DE_LU_FR_BE,q95,reanalysis,M2,M0,-3.7439100608000756e-05,-0.00010534413496754987,-2.1812861526058899e-07,725
DE_LU_FR_BE,q95,reanalysis,M3,M1,-4.480939078183638e-05,-0.0001106023643901249,-1.7731871873770927e-05,725
DE_LU_FR_BE,q95,reanalysis,interaction,zero,-7.370290173835631e-06,-3.3264442646167474e-05,8.184218421954246e-06,725
DK1,q90,development,M1,M0,-0.0004294421943406489,-0.0008603340803331149,0.0003726426309843371,718
DK1,q90,development,M2,M0,3.932574763418024e-05,-3.0221082811309027e-06,9.093856896896012e-05,718
DK1,q90,development,M3,M1,4.400750601646773e-05,-4.958572745431719e-06,0.00010083664681844246,718
DK1,q90,development,interaction,zero,4.681758382287502e-06,-1.7545267375816253e-05,2.5418728672608475e-05,718
DK1,q90,reanalysis,M1,M0,-0.00024263536242541016,-0.000950907518037885,7.855003797228176e-05,725
DK1,q90,reanalysis,M2,M0,1.3399451507646886e-06,-5.159525654677893e-05,7.141346930412879e-05,725
DK1,q90,reanalysis,M3,M1,2.2220909198233032e-05,-3.0202288400752315e-05,9.193631527372107e-05,725
DK1,q90,reanalysis,interaction,zero,2.088096404746818e-05,-7.312854439406414e-07,4.62861949353795e-05,725
DK1,q95,development,M1,M0,-3.471498619388468e-05,-0.00029615472412337424,0.0005664648049428494,718
DK1,q95,development,M2,M0,2.5473838069231964e-05,-8.459189050829592e-06,6.708226839782628e-05,718
DK1,q95,development,M3,M1,3.671161770750107e-05,-3.3347015575452357e-07,8.208710105087625e-05,718
DK1,q95,development,interaction,zero,1.1237779638269143e-05,-3.805607811614224e-06,2.684881113904237e-05,718
DK1,q95,reanalysis,M1,M0,-0.00021810836050493727,-0.0006158993399117731,5.486073028783996e-05,725
DK1,q95,reanalysis,M2,M0,4.644303299134079e-05,-1.8548124928807865e-05,0.0001111247894060167,725
DK1,q95,reanalysis,M3,M1,5.252385022451289e-05,-4.673340479246894e-06,0.0001173733653862702,725
DK1,q95,reanalysis,interaction,zero,6.080817233172031e-06,-1.6762830331469673e-06,2.1214391655066828e-05,725
DK2,q90,development,M1,M0,-0.0003060861080277209,-0.0007044515113099624,0.0004967495566216574,718
DK2,q90,development,M2,M0,-2.7936595599409817e-05,-8.241627797225844e-05,4.684972209057727e-05,718
DK2,q90,development,M3,M1,-7.331257294612787e-06,-5.519047553716285e-05,6.355694765347789e-05,718
DK2,q90,development,interaction,zero,2.060533830479711e-05,1.6671008724750035e-06,4.262904486723051e-05,718
DK2,q90,reanalysis,M1,M0,-0.00035044386066635777,-0.0012396041148402918,0.00027725619407629955,725
DK2,q90,reanalysis,M2,M0,3.2480519946456984e-05,-4.559490454196652e-05,0.00010147177900111122,725
DK2,q90,reanalysis,M3,M1,2.4436338493375837e-05,-6.0894957700200594e-05,9.365064218248494e-05,725
DK2,q90,reanalysis,interaction,zero,-8.044181453081188e-06,-3.3698501840233894e-05,1.383005650908888e-05,725
DK2,q95,development,M1,M0,0.00028007008916899494,2.2851238714377287e-05,0.0009257275188030743,718
DK2,q95,development,M2,M0,1.5093667624361064e-05,-2.2694550781867156e-05,6.417094903637342e-05,718
DK2,q95,development,M3,M1,4.263860019457091e-05,7.805125539140571e-06,8.996154832185273e-05,718
DK2,q95,development,interaction,zero,2.7544932570209894e-05,3.820875862281945e-06,5.486089455013208e-05,718
DK2,q95,reanalysis,M1,M0,-0.00014580946470073213,-0.0006070906338654387,0.000336460807326783,725
DK2,q95,reanalysis,M2,M0,3.4791068358719224e-05,-4.0997242765651136e-05,9.340063015302753e-05,725
DK2,q95,reanalysis,M3,M1,4.220848406932211e-05,-3.167200313377927e-05,0.00010522087542339092,725
DK2,q95,reanalysis,interaction,zero,7.417415710602957e-06,-3.720335614712702e-06,2.3422899917805782e-05,725
