period,level,path,region,cell,hours,mean_exceedance,mean_predicted_exceedance,mean_residual,PIT_coverage
development,q90,0,DE_LU,all,17160,0.057692307692307696,0.06772475500937962,-0.01003244731707193,0.9087412587412588
development,q90,0,DE_LU,cool_higher_wind,5125,0.02595121951219512,0.021057446222470848,0.004893773289724274,0.9211707317073171
development,q90,0,DE_LU,cool_low_wind_cold,1115,0.17937219730941703,0.21417599986656202,-0.034803802557144964,0.9345291479820628
development,q90,0,DE_LU,cool_low_wind_other,2328,0.12414089347079038,0.08596007304882985,0.038180820421960526,0.8969072164948454
development,q90,0,DE_LU,warm_higher_wind,4381,0.012097694590276193,0.030461410483606344,-0.01836371589333015,0.8929468157954805
development,q90,0,DE_LU,warm_low_wind_cold,709,0.08321579689703808,0.1718607190772536,-0.08864492218021551,0.8871650211565585
development,q90,0,DE_LU,warm_low_wind_other,3502,0.07310108509423187,0.10280279983079568,-0.0297017147365638,0.9143346659051971
development,q90,0,FR,all,17160,0.0673076923076923,0.0912727151228129,-0.02396502281512059,0.899941724941725
development,q90,0,FR,cool_higher_wind,5125,0.016195121951219513,0.024121764177934213,-0.0079266422267147,0.9258536585365854
development,q90,0,FR,cool_low_wind_cold,1115,0.19282511210762332,0.17545286579985497,0.017372246307768367,0.863677130044843
development,q90,0,FR,cool_low_wind_other,2328,0.033934707903780066,0.06384943954296428,-0.029914731639184212,0.9231099656357389
development,q90,0,FR,warm_higher_wind,4381,0.04336909381419767,0.05362010236821552,-0.010251008554017846,0.8676101346724492
development,q90,0,FR,warm_low_wind_cold,709,0.0930888575458392,0.19488481475603173,-0.10179595721019252,0.8166431593794076
development,q90,0,FR,warm_low_wind_other,3502,0.14905768132495717,0.20709917399643596,-0.05804149267147879,0.9154768703597944
development,q90,0,BE,all,17160,0.0668997668997669,0.0841355620806047,-0.017235795180837808,0.9018065268065268
development,q90,0,BE,cool_higher_wind,5125,0.041951219512195125,0.030227149148665765,0.01172407036352936,0.9045853658536586
development,q90,0,BE,cool_low_wind_cold,1115,0.21704035874439462,0.22037447511253572,-0.003334116368141089,0.9121076233183857
development,q90,0,BE,cool_low_wind_other,2328,0.1172680412371134,0.13063052791858173,-0.013362486681468324,0.8891752577319587
development,q90,0,BE,warm_higher_wind,4381,0.026021456288518603,0.04738794266876287,-0.021366486380244264,0.9048162519972609
development,q90,0,BE,warm_low_wind_cold,709,0.08039492242595205,0.21239535648772348,-0.1320004340617714,0.8815232722143864
development,q90,0,BE,warm_low_wind_other,3502,0.07053112507138778,0.10874694819808199,-0.03821582312669422,0.9031981724728726
development,q90,1,DE_LU,all,17160,0.057692307692307696,0.06881962844144215,-0.011127320749134454,0.9087412587412588
development,q90,1,DE_LU,cool_higher_wind,5125,0.02595121951219512,0.02418962584184152,0.0017615936703536015,0.9211707317073171
development,q90,1,DE_LU,cool_low_wind_cold,1115,0.17937219730941703,0.21896746264116707,-0.03959526533175004,0.9345291479820628
development,q90,1,DE_LU,cool_low_wind_other,2328,0.12414089347079038,0.09154572236307687,0.03259517110771351,0.8969072164948454
development,q90,1,DE_LU,warm_higher_wind,4381,0.012097694590276193,0.031006527821514508,-0.018908833231238317,0.8929468157954805
development,q90,1,DE_LU,warm_low_wind_cold,709,0.08321579689703808,0.15731010552749325,-0.07409430863045517,0.8871650211565585
development,q90,1,DE_LU,warm_low_wind_other,3502,0.07310108509423187,0.1006091850098565,-0.02750809991562463,0.9143346659051971
development,q90,1,FR,all,17160,0.0673076923076923,0.09777583137792788,-0.030468139070235566,0.899941724941725
development,q90,1,FR,cool_higher_wind,5125,0.016195121951219513,0.028393621852893736,-0.012198499901674221,0.9258536585365854
development,q90,1,FR,cool_low_wind_cold,1115,0.19282511210762332,0.24485714799645852,-0.052032035888835225,0.863677130044843
development,q90,1,FR,cool_low_wind_other,2328,0.033934707903780066,0.0635507778579775,-0.029616069954197435,0.9231099656357389
development,q90,1,FR,warm_higher_wind,4381,0.04336909381419767,0.0649381846959088,-0.021569090881711134,0.8676101346724492
development,q90,1,FR,warm_low_wind_cold,709,0.0930888575458392,0.15142055695259765,-0.05833169940675844,0.8166431593794076
development,q90,1,FR,warm_low_wind_other,3502,0.14905768132495717,0.20545478627857533,-0.05639710495361817,0.9154768703597944
development,q90,1,BE,all,17160,0.0668997668997669,0.08317702836316203,-0.01627726146339513,0.9018065268065268
development,q90,1,BE,cool_higher_wind,5125,0.041951219512195125,0.037533509889293805,0.004417709622901315,0.9045853658536586
development,q90,1,BE,cool_low_wind_cold,1115,0.21704035874439462,0.23958999789549157,-0.022549639151096975,0.9121076233183857
development,q90,1,BE,cool_low_wind_other,2328,0.1172680412371134,0.12475318844186101,-0.007485147204747605,0.8891752577319587
development,q90,1,BE,warm_higher_wind,4381,0.026021456288518603,0.046984211510260554,-0.02096275522174195,0.9048162519972609
development,q90,1,BE,warm_low_wind_cold,709,0.08039492242595205,0.17976598884649575,-0.0993710664205437,0.8815232722143864
development,q90,1,BE,warm_low_wind_other,3502,0.07053112507138778,0.0982576760321208,-0.027726550960733034,0.9031981724728726
development,q95,0,DE_LU,all,17160,0.030244755244755245,0.04063205406690395,-0.010387298822148701,0.9555944055944056
development,q95,0,DE_LU,cool_higher_wind,5125,0.015414634146341463,0.009827802891467927,0.005586831254873535,0.9635121951219512
development,q95,0,DE_LU,cool_low_wind_cold,1115,0.08968609865470852,0.13199860777234262,-0.042312509117634095,0.979372197309417
development,q95,0,DE_LU,cool_low_wind_other,2328,0.05369415807560137,0.044400475200431465,0.009293682875169915,0.9463058419243986
development,q95,0,DE_LU,warm_higher_wind,4381,0.005934718100890208,0.016458766676333468,-0.010524048575443264,0.9468157954804839
development,q95,0,DE_LU,warm_low_wind_cold,709,0.028208744710860368,0.11903781118224302,-0.09082906647138266,0.9308885754583921
development,q95,0,DE_LU,warm_low_wind_other,3502,0.04825813820673901,0.0684843344087107,-0.02022619620197169,0.9585950885208452
development,q95,0,FR,all,17160,0.039335664335664336,0.06266970412041337,-0.02333403978474903,0.9463286713286714
development,q95,0,FR,cool_higher_wind,5125,0.004878048780487805,0.01263336731470705,-0.007755318534219242,0.9662439024390244
development,q95,0,FR,cool_low_wind_cold,1115,0.08520179372197309,0.1006004816392631,-0.015398687917290009,0.9174887892376682
development,q95,0,FR,cool_low_wind_other,2328,0.01675257731958763,0.034892453504700716,-0.018139876185113087,0.9574742268041238
development,q95,0,FR,warm_higher_wind,4381,0.025108422734535493,0.036110222534327684,-0.011001799799792194,0.9267290572928555
development,q95,0,FR,warm_low_wind_cold,709,0.05218617771509168,0.13315494773463135,-0.08096877001953968,0.8829337094499294
development,q95,0,FR,warm_low_wind_other,3502,0.10536836093660765,0.16123963551255135,-0.05587127457594369,0.9563106796116505
development,q95,0,BE,all,17160,0.03368298368298368,0.05332699223722878,-0.019644008554245102,0.9468531468531468
development,q95,0,BE,cool_higher_wind,5125,0.0175609756097561,0.016792514058697007,0.0007684615510590888,0.9492682926829268
development,q95,0,BE,cool_low_wind_cold,1115,0.12914798206278028,0.1430395827426295,-0.01389160067984923,0.9542600896860987
development,q95,0,BE,cool_low_wind_other,2328,0.06013745704467354,0.07775675353713085,-0.017619296492457307,0.9420103092783505
development,q95,0,BE,warm_higher_wind,4381,0.014380278475233965,0.03024059778054022,-0.015860319305306254,0.9486418625884502
development,q95,0,BE,warm_low_wind_cold,709,0.02538787023977433,0.15023129061525942,-0.12484342037548508,0.921015514809591
development,q95,0,BE,warm_low_wind_other,3502,0.03512278697886922,0.07125204206875661,-0.03612925508988739,0.9471730439748715
development,q95,1,DE_LU,all,17160,0.030244755244755245,0.0414296701499638,-0.011184914905208558,0.9555944055944056
development,q95,1,DE_LU,cool_higher_wind,5125,0.015414634146341463,0.011936666370606995,0.0034779677757344673,0.9635121951219512
development,q95,1,DE_LU,cool_low_wind_cold,1115,0.08968609865470852,0.1367780611867451,-0.04709196253203659,0.979372197309417
development,q95,1,DE_LU,cool_low_wind_other,2328,0.05369415807560137,0.04799068696133954,0.005703471114261836,0.9463058419243986
development,q95,1,DE_LU,warm_higher_wind,4381,0.005934718100890208,0.01685343854079965,-0.010918720439909442,0.9468157954804839
development,q95,1,DE_LU,warm_low_wind_cold,709,0.028208744710860368,0.10778457289006377,-0.07957582817920338,0.9308885754583921
development,q95,1,DE_LU,warm_low_wind_other,3502,0.04825813820673901,0.06718266439991442,-0.01892452619317542,0.9585950885208452
development,q95,1,FR,all,17160,0.039335664335664336,0.0682655238565786,-0.02892985952091426,0.9463286713286714
development,q95,1,FR,cool_higher_wind,5125,0.004878048780487805,0.016300598889108397,-0.011422550108620593,0.9662439024390244
development,q95,1,FR,cool_low_wind_cold,1115,0.08520179372197309,0.155142683987827,-0.06994089026585387,0.9174887892376682
development,q95,1,FR,cool_low_wind_other,2328,0.01675257731958763,0.03530685728251009,-0.018554279962922464,0.9574742268041238
development,q95,1,FR,warm_higher_wind,4381,0.025108422734535493,0.045644073700503864,-0.02053565096596837,0.9267290572928555
development,q95,1,FR,warm_low_wind_cold,709,0.05218617771509168,0.09952919284173736,-0.04734301512664569,0.8829337094499294
development,q95,1,FR,warm_low_wind_other,3502,0.10536836093660765,0.1605324040735004,-0.055164043136892736,0.9563106796116505
development,q95,1,BE,all,17160,0.03368298368298368,0.05287067892211188,-0.019187695239128194,0.9468531468531468
development,q95,1,BE,cool_higher_wind,5125,0.0175609756097561,0.02253775896055961,-0.004976783350803511,0.9492682926829268
development,q95,1,BE,cool_low_wind_cold,1115,0.12914798206278028,0.15656873395154866,-0.02742075188876838,0.9542600896860987
development,q95,1,BE,cool_low_wind_other,2328,0.06013745704467354,0.0745444363825738,-0.014406979337900272,0.9420103092783505
development,q95,1,BE,warm_higher_wind,4381,0.014380278475233965,0.030139026145191754,-0.015758747669957787,0.9486418625884502
development,q95,1,BE,warm_low_wind_cold,709,0.02538787023977433,0.12313250581797791,-0.09774463557820358,0.921015514809591
development,q95,1,BE,warm_low_wind_other,3502,0.03512278697886922,0.06404946579352708,-0.02892667881465787,0.9471730439748715
reanalysis,q90,0,DE_LU,all,17400,0.1395977011494253,0.12302302015702407,0.016574680992401242,0.905
reanalysis,q90,0,DE_LU,cool_higher_wind,4421,0.049310110834652796,0.03803272462736637,0.011277386207286428,0.9217371635376611
reanalysis,q90,0,DE_LU,cool_low_wind_cold,931,0.38990332975295383,0.2766078659214859,0.11329546383146795,0.8754027926960258
reanalysis,q90,0,DE_LU,cool_low_wind_other,3264,0.2610294117647059,0.20114267831588561,0.059886733448820256,0.8955269607843137
reanalysis,q90,0,DE_LU,warm_higher_wind,4709,0.05393926523678063,0.06299779630310716,-0.009058531066326524,0.904225950307921
reanalysis,q90,0,DE_LU,warm_low_wind_cold,656,0.19969512195121952,0.24278948565170297,-0.04309436370048343,0.8978658536585366
reanalysis,q90,0,DE_LU,warm_low_wind_other,3419,0.17870722433460076,0.17621518706634365,0.0024920372682571217,0.9028955835039485
reanalysis,q90,0,FR,all,17400,0.15304597701149425,0.17983056118048246,-0.026784584168988212,0.897816091954023
reanalysis,q90,0,FR,cool_higher_wind,4421,0.039583804569102016,0.04613586973864969,-0.006552065169547675,0.8875819950237502
reanalysis,q90,0,FR,cool_low_wind_cold,931,0.3383458646616541,0.3101141456607555,0.028231719000898603,0.8764769065520945
reanalysis,q90,0,FR,cool_low_wind_other,3264,0.1253063725490196,0.1618937660482886,-0.03658739349926898,0.9117647058823529
reanalysis,q90,0,FR,warm_higher_wind,4709,0.10745381184964961,0.1364129010621523,-0.028959089212502676,0.8844765342960289
reanalysis,q90,0,FR,warm_low_wind_cold,656,0.35365853658536583,0.38585090500405644,-0.032192368418690574,0.8917682926829268
reanalysis,q90,0,FR,warm_low_wind_other,3419,0.3000877449546651,0.3546244567562771,-0.054536711801611924,0.9230769230769231
reanalysis,q90,0,BE,all,17400,0.14367816091954022,0.15626799234494654,-0.012589831425406319,0.9002873563218391
reanalysis,q90,0,BE,cool_higher_wind,4421,0.05292920153811355,0.05846313801765007,-0.005533936479536514,0.9264872200859534
reanalysis,q90,0,BE,cool_low_wind_cold,931,0.34801288936627284,0.3999712729787182,-0.05195838361244543,0.8807733619763695
reanalysis,q90,0,BE,cool_low_wind_other,3264,0.27175245098039214,0.26682116088836083,0.004931290092031311,0.8988970588235294
reanalysis,q90,0,BE,warm_higher_wind,4709,0.047568485878105755,0.0679587593593179,-0.020390273481212143,0.8853259715438522
reanalysis,q90,0,BE,warm_low_wind_cold,656,0.2576219512195122,0.2956970953450097,-0.038075144125497555,0.8460365853658537
reanalysis,q90,0,BE,warm_low_wind_other,3419,0.19362386662766892,0.20571070984904594,-0.012086843221377062,0.9040655162328166
reanalysis,q90,1,DE_LU,all,17400,0.1395977011494253,0.1257396960212098,0.013858005128215474,0.905
reanalysis,q90,1,DE_LU,cool_higher_wind,4421,0.049310110834652796,0.03999590985084327,0.00931420098380952,0.9217371635376611
reanalysis,q90,1,DE_LU,cool_low_wind_cold,931,0.38990332975295383,0.2686124504343039,0.1212908793186499,0.8754027926960258
reanalysis,q90,1,DE_LU,cool_low_wind_other,3264,0.2610294117647059,0.22376311250432898,0.03726629926037688,0.8955269607843137
reanalysis,q90,1,DE_LU,warm_higher_wind,4709,0.05393926523678063,0.06051326100250225,-0.006573995765721607,0.904225950307921
reanalysis,q90,1,DE_LU,warm_low_wind_cold,656,0.19969512195121952,0.2398323826995864,-0.040137260748366904,0.8978658536585366
reanalysis,q90,1,DE_LU,warm_low_wind_other,3419,0.17870722433460076,0.17207394373743612,0.006633280597164626,0.9028955835039485
reanalysis,q90,1,FR,all,17400,0.15304597701149425,0.1838467166527683,-0.030800739641274087,0.897816091954023
reanalysis,q90,1,FR,cool_higher_wind,4421,0.039583804569102016,0.05181780929591119,-0.012234004726809185,0.8875819950237502
reanalysis,q90,1,FR,cool_low_wind_cold,931,0.3383458646616541,0.3279102594976446,0.01043560516400956,0.8764769065520945
reanalysis,q90,1,FR,cool_low_wind_other,3264,0.1253063725490196,0.1490906738835769,-0.023784301334557306,0.9117647058823529
reanalysis,q90,1,FR,warm_higher_wind,4709,0.10745381184964961,0.15491640986397034,-0.047462598014320734,0.8844765342960289
reanalysis,q90,1,FR,warm_low_wind_cold,656,0.35365853658536583,0.38672404486263257,-0.03306550827726672,0.8917682926829268
reanalysis,q90,1,FR,warm_low_wind_other,3419,0.3000877449546651,0.3494406482109741,-0.049352903256308964,0.9230769230769231
reanalysis,q90,1,BE,all,17400,0.14367816091954022,0.15302101629510334,-0.009342855375563125,0.9002873563218391
reanalysis,q90,1,BE,cool_higher_wind,4421,0.05292920153811355,0.06786341822171099,-0.014934216683597437,0.9264872200859534
reanalysis,q90,1,BE,cool_low_wind_cold,931,0.34801288936627284,0.3358391949497581,0.012173694416514707,0.8807733619763695
reanalysis,q90,1,BE,cool_low_wind_other,3264,0.27175245098039214,0.2644615857643049,0.0072908652160872806,0.8988970588235294
reanalysis,q90,1,BE,warm_higher_wind,4709,0.047568485878105755,0.06866739688662529,-0.021098911008519537,0.8853259715438522
reanalysis,q90,1,BE,warm_low_wind_cold,656,0.2576219512195122,0.25949485559485835,-0.001872904375346149,0.8460365853658537
reanalysis,q90,1,BE,warm_low_wind_other,3419,0.19362386662766892,0.20271693709691505,-0.009093070469246158,0.9040655162328166
reanalysis,q95,0,DE_LU,all,17400,0.0785632183908046,0.06878110031217978,0.00978211807862481,0.9533333333333334
reanalysis,q95,0,DE_LU,cool_higher_wind,4421,0.027369373444921963,0.016884206035198412,0.010485167409723549,0.9561185252205383
reanalysis,q95,0,DE_LU,cool_low_wind_cold,931,0.22986036519871106,0.16786120196078258,0.0619991632379285,0.9473684210526315
reanalysis,q95,0,DE_LU,cool_low_wind_other,3264,0.14644607843137256,0.10504714874322879,0.04139892968814375,0.9522058823529411
reanalysis,q95,0,DE_LU,warm_higher_wind,4709,0.023784242939052878,0.033696625959123816,-0.009912383020070937,0.9515820768740709
reanalysis,q95,0,DE_LU,warm_low_wind_cold,656,0.1173780487804878,0.1548228735791964,-0.03744482479870858,0.9527439024390244
reanalysis,q95,0,DE_LU,warm_low_wind_other,3419,0.10675636150921322,0.1060989123478976,0.0006574491613156267,0.9549575899385785
reanalysis,q95,0,FR,all,17400,0.08666666666666667,0.1200311834462631,-0.03336451677959644,0.9403448275862069
reanalysis,q95,0,FR,cool_higher_wind,4421,0.0160597149966071,0.024447496428167462,-0.00838778143156036,0.9244514815652567
reanalysis,q95,0,FR,cool_low_wind_cold,931,0.21052631578947367,0.19560591184559648,0.014920403943877215,0.9355531686358755
reanalysis,q95,0,FR,cool_low_wind_other,3264,0.05361519607843137,0.08522882421484572,-0.03161362813641434,0.9512867647058824
reanalysis,q95,0,FR,warm_higher_wind,4709,0.051178594181354856,0.0898478921596407,-0.03866929797828585,0.932894457421958
reanalysis,q95,0,FR,warm_low_wind_cold,656,0.22865853658536586,0.29388726454260006,-0.06522872795723418,0.9329268292682927
reanalysis,q95,0,FR,warm_low_wind_other,3419,0.1974261479964902,0.26448682491104103,-0.06706067691455084,0.9634396022228722
reanalysis,q95,0,BE,all,17400,0.08408045977011494,0.09751737603736514,-0.013436916267250206,0.9472413793103448
reanalysis,q95,0,BE,cool_higher_wind,4421,0.02850033928975345,0.03392809804010615,-0.005427758750352706,0.9624519339515947
reanalysis,q95,0,BE,cool_low_wind_cold,931,0.21052631578947367,0.2719856868439487,-0.061459371054475034,0.9366272824919442
reanalysis,q95,0,BE,cool_low_wind_other,3264,0.16513480392156862,0.16163846976281745,0.003496334158751184,0.9414828431372549
reanalysis,q95,0,BE,warm_higher_wind,4709,0.02038649394775961,0.03540214241372925,-0.015015648465969643,0.9388405181567212
reanalysis,q95,0,BE,warm_low_wind_cold,656,0.14939024390243902,0.21552307140919194,-0.06613282750675292,0.9024390243902439
reanalysis,q95,0,BE,warm_low_wind_other,3419,0.11933313834454519,0.13393031833477945,-0.014597179990234249,0.9561275226674466
reanalysis,q95,1,DE_LU,all,17400,0.0785632183908046,0.07117462407446468,0.007388594316339911,0.9533333333333334
reanalysis,q95,1,DE_LU,cool_higher_wind,4421,0.027369373444921963,0.018378308876379472,0.008991064568542493,0.9561185252205383
reanalysis,q95,1,DE_LU,cool_low_wind_cold,931,0.22986036519871106,0.16402134014327283,0.06583902505543823,0.9473684210526315
reanalysis,q95,1,DE_LU,cool_low_wind_other,3264,0.14644607843137256,0.12200554201429216,0.02444053641708039,0.9522058823529411
reanalysis,q95,1,DE_LU,warm_higher_wind,4709,0.023784242939052878,0.03223687471002979,-0.008452631770976915,0.9515820768740709
reanalysis,q95,1,DE_LU,warm_low_wind_cold,656,0.1173780487804878,0.1553200904660554,-0.0379420416855676,0.9527439024390244
reanalysis,q95,1,DE_LU,warm_low_wind_other,3419,0.10675636150921322,0.10311920918102156,0.0036371523281916777,0.9549575899385785
reanalysis,q95,1,FR,all,17400,0.08666666666666667,0.12386578251565251,-0.03719911584898584,0.9403448275862069
reanalysis,q95,1,FR,cool_higher_wind,4421,0.0160597149966071,0.02802888658058609,-0.011969171583978984,0.9244514815652567
reanalysis,q95,1,FR,cool_low_wind_cold,931,0.21052631578947367,0.21055282477481516,-2.6508985341462117e-05,0.9355531686358755
reanalysis,q95,1,FR,cool_low_wind_other,3264,0.05361519607843137,0.077954162062053,-0.02433896598362163,0.9512867647058824
reanalysis,q95,1,FR,warm_higher_wind,4709,0.051178594181354856,0.10577040997416857,-0.054591815792813726,0.932894457421958
reanalysis,q95,1,FR,warm_low_wind_cold,656,0.22865853658536586,0.301268525979607,-0.07260998939424117,0.9329268292682927
reanalysis,q95,1,FR,warm_low_wind_other,3419,0.1974261479964902,0.25889933599084725,-0.061473187994357005,0.9634396022228722
reanalysis,q95,1,BE,all,17400,0.08408045977011494,0.09533695374308432,-0.011256493972969368,0.9472413793103448
reanalysis,q95,1,BE,cool_higher_wind,4421,0.02850033928975345,0.040663307061032654,-0.012162967771279207,0.9624519339515947
reanalysis,q95,1,BE,cool_low_wind_cold,931,0.21052631578947367,0.21766185800938664,-0.007135542219912986,0.9366272824919442
reanalysis,q95,1,BE,cool_low_wind_other,3264,0.16513480392156862,0.16437947976792944,0.000755324153639188,0.9414828431372549
reanalysis,q95,1,BE,warm_higher_wind,4709,0.02038649394775961,0.03538538061518984,-0.01499888666743022,0.9388405181567212
reanalysis,q95,1,BE,warm_low_wind_cold,656,0.14939024390243902,0.18452529225538286,-0.035135048352943864,0.9024390243902439
reanalysis,q95,1,BE,warm_low_wind_other,3419,0.11933313834454519,0.13227094290936559,-0.012937804564820379,0.9561275226674466
