zone,level,period,model,lo,n,mean_p,event_rate,event_days
DE_LU_FR_BE,q90,development,M0,0.0,14597,0.008711029073958196,0.00774131670891279,44
DE_LU_FR_BE,q90,development,M0,0.1,994,0.14442806682664078,0.09054325955734406,41
DE_LU_FR_BE,q90,development,M0,0.2,554,0.24648895500968157,0.148014440433213,40
DE_LU_FR_BE,q90,development,M0,0.30000000000000004,313,0.3440499230153721,0.23003194888178913,44
DE_LU_FR_BE,q90,development,M0,0.4,219,0.4445846562403469,0.273972602739726,33
DE_LU_FR_BE,q90,development,M0,0.5,169,0.5473395904018005,0.3668639053254438,32
DE_LU_FR_BE,q90,development,M0,0.6000000000000001,132,0.646064957500333,0.5227272727272727,28
DE_LU_FR_BE,q90,development,M0,0.7000000000000001,87,0.7480046960941125,0.7816091954022989,27
DE_LU_FR_BE,q90,development,M0,0.8,68,0.8398724910820594,0.6911764705882353,14
DE_LU_FR_BE,q90,development,M0,0.9,27,0.935870413253032,0.4444444444444444,4
DE_LU_FR_BE,q90,development,M1,0.0,14569,0.009436879730765702,0.0070698057519390485,41
DE_LU_FR_BE,q90,development,M1,0.1,988,0.14534799316872377,0.08502024291497975,41
DE_LU_FR_BE,q90,development,M1,0.2,582,0.24717254577985617,0.14261168384879724,39
DE_LU_FR_BE,q90,development,M1,0.30000000000000004,333,0.34600722892391245,0.26426426426426425,47
DE_LU_FR_BE,q90,development,M1,0.4,206,0.44616719013561446,0.2524271844660194,31
DE_LU_FR_BE,q90,development,M1,0.5,177,0.5478535782816272,0.4180790960451977,37
DE_LU_FR_BE,q90,development,M1,0.6000000000000001,144,0.6490685854178414,0.5347222222222222,33
DE_LU_FR_BE,q90,development,M1,0.7000000000000001,67,0.7456685310159513,0.6716417910447762,20
DE_LU_FR_BE,q90,development,M1,0.8,74,0.8431001582854287,0.7702702702702703,16
DE_LU_FR_BE,q90,development,M1,0.9,20,0.934122887424086,0.6,5
DE_LU_FR_BE,q90,development,M2,0.0,14596,0.008736379568890734,0.007741847081392163,44
DE_LU_FR_BE,q90,development,M2,0.1,996,0.14438238117797556,0.09136546184738956,41
DE_LU_FR_BE,q90,development,M2,0.2,553,0.24651628664038447,0.14647377938517178,40
DE_LU_FR_BE,q90,development,M2,0.30000000000000004,314,0.34421729806644913,0.22929936305732485,44
DE_LU_FR_BE,q90,development,M2,0.4,218,0.4447531139191541,0.27522935779816515,33
DE_LU_FR_BE,q90,development,M2,0.5,169,0.5473411696424151,0.3668639053254438,32
DE_LU_FR_BE,q90,development,M2,0.6000000000000001,132,0.646102496392892,0.5227272727272727,28
DE_LU_FR_BE,q90,development,M2,0.7000000000000001,87,0.7480377030981702,0.7816091954022989,27
DE_LU_FR_BE,q90,development,M2,0.8,68,0.8399213031256275,0.6911764705882353,14
DE_LU_FR_BE,q90,development,M2,0.9,27,0.9366565883935691,0.4444444444444444,4
DE_LU_FR_BE,q90,development,M3,0.0,14571,0.00948273320085942,0.007068835357902683,41
DE_LU_FR_BE,q90,development,M3,0.1,986,0.14538911900318596,0.08519269776876268,41
DE_LU_FR_BE,q90,development,M3,0.2,582,0.24711740789143782,0.14261168384879724,39
DE_LU_FR_BE,q90,development,M3,0.30000000000000004,333,0.34595785715432875,0.26426426426426425,47
DE_LU_FR_BE,q90,development,M3,0.4,206,0.4461348160367235,0.2524271844660194,31
DE_LU_FR_BE,q90,development,M3,0.5,177,0.54785917813454,0.4180790960451977,37
DE_LU_FR_BE,q90,development,M3,0.6000000000000001,144,0.6490914103977625,0.5347222222222222,33
DE_LU_FR_BE,q90,development,M3,0.7000000000000001,67,0.7457281953475361,0.6716417910447762,20
DE_LU_FR_BE,q90,development,M3,0.8,74,0.8431540792680938,0.7702702702702703,16
DE_LU_FR_BE,q90,development,M3,0.9,20,0.9351423898715414,0.6,5
DE_LU_FR_BE,q90,reanalysis,M0,0.0,12540,0.01206128003575852,0.012360446570972886,63
DE_LU_FR_BE,q90,reanalysis,M0,0.1,1300,0.14565503130738772,0.1476923076923077,88
DE_LU_FR_BE,q90,reanalysis,M0,0.2,882,0.2468269209513392,0.2698412698412698,104
DE_LU_FR_BE,q90,reanalysis,M0,0.30000000000000004,655,0.3469119677381575,0.36335877862595417,108
DE_LU_FR_BE,q90,reanalysis,M0,0.4,491,0.4481251234161915,0.439918533604888,116
DE_LU_FR_BE,q90,reanalysis,M0,0.5,393,0.5480548564956164,0.5216284987277354,105
DE_LU_FR_BE,q90,reanalysis,M0,0.6000000000000001,335,0.6494372884068296,0.6179104477611941,109
DE_LU_FR_BE,q90,reanalysis,M0,0.7000000000000001,272,0.746335833031471,0.6727941176470589,92
DE_LU_FR_BE,q90,reanalysis,M0,0.8,258,0.8499643777995807,0.8217054263565892,78
DE_LU_FR_BE,q90,reanalysis,M0,0.9,274,0.9520274928223948,0.9452554744525548,54
DE_LU_FR_BE,q90,reanalysis,M1,0.0,12449,0.013132494894941144,0.01229014378664953,61
DE_LU_FR_BE,q90,reanalysis,M1,0.1,1415,0.14658003272513914,0.14487632508833923,90
DE_LU_FR_BE,q90,reanalysis,M1,0.2,906,0.24769445888375946,0.282560706401766,112
DE_LU_FR_BE,q90,reanalysis,M1,0.30000000000000004,686,0.34664140497381674,0.35714285714285715,115
DE_LU_FR_BE,q90,reanalysis,M1,0.4,490,0.45047794670336105,0.4448979591836735,113
DE_LU_FR_BE,q90,reanalysis,M1,0.5,381,0.5476293565469978,0.5354330708661418,113
DE_LU_FR_BE,q90,reanalysis,M1,0.6000000000000001,312,0.6483584514906187,0.6410256410256411,108
DE_LU_FR_BE,q90,reanalysis,M1,0.7000000000000001,283,0.747152183073718,0.6925795053003534,91
DE_LU_FR_BE,q90,reanalysis,M1,0.8,235,0.8485441639050331,0.825531914893617,67
DE_LU_FR_BE,q90,reanalysis,M1,0.9,243,0.9504263827575871,0.9629629629629629,46
DE_LU_FR_BE,q90,reanalysis,M2,0.0,12532,0.013326052033933883,0.012368337057133737,65
DE_LU_FR_BE,q90,reanalysis,M2,0.1,1343,0.14509263221130445,0.1518987341772152,92
DE_LU_FR_BE,q90,reanalysis,M2,0.2,884,0.24677441235143893,0.27262443438914025,105
DE_LU_FR_BE,q90,reanalysis,M2,0.30000000000000004,636,0.3472591579518208,0.35691823899371067,107
DE_LU_FR_BE,q90,reanalysis,M2,0.4,474,0.44875753624200654,0.4472573839662447,115
DE_LU_FR_BE,q90,reanalysis,M2,0.5,381,0.5484775777384785,0.5223097112860893,103
DE_LU_FR_BE,q90,reanalysis,M2,0.6000000000000001,331,0.6497875809857636,0.6132930513595166,109
DE_LU_FR_BE,q90,reanalysis,M2,0.7000000000000001,279,0.7475446122218099,0.6630824372759857,93
DE_LU_FR_BE,q90,reanalysis,M2,0.8,261,0.8509698962342543,0.8199233716475096,79
DE_LU_FR_BE,q90,reanalysis,M2,0.9,279,0.9503766389860769,0.9498207885304659,54
DE_LU_FR_BE,q90,reanalysis,M3,0.0,12424,0.01440715533743583,0.011912427559562138,59
DE_LU_FR_BE,q90,reanalysis,M3,0.1,1475,0.1454959147150385,0.14779661016949153,91
DE_LU_FR_BE,q90,reanalysis,M3,0.2,908,0.2478665741049947,0.28634361233480177,113
DE_LU_FR_BE,q90,reanalysis,M3,0.30000000000000004,657,0.34623256513696254,0.3622526636225266,112
DE_LU_FR_BE,q90,reanalysis,M3,0.4,483,0.45016037524245484,0.4409937888198758,111
DE_LU_FR_BE,q90,reanalysis,M3,0.5,369,0.5481087646600792,0.5311653116531165,111
DE_LU_FR_BE,q90,reanalysis,M3,0.6000000000000001,308,0.6485179513263462,0.6493506493506493,110
DE_LU_FR_BE,q90,reanalysis,M3,0.7000000000000001,287,0.7479066536023113,0.6724738675958188,91
DE_LU_FR_BE,q90,reanalysis,M3,0.8,244,0.8492783211060101,0.8319672131147541,70
DE_LU_FR_BE,q90,reanalysis,M3,0.9,245,0.9488122880385214,0.963265306122449,46
DE_LU_FR_BE,q95,development,M0,0.0,15699,0.007127432439081325,0.0027390279635645582,22
DE_LU_FR_BE,q95,development,M0,0.1,684,0.14264985004416253,0.06871345029239766,23
DE_LU_FR_BE,q95,development,M0,0.2,271,0.24359050760511206,0.12546125461254612,20
DE_LU_FR_BE,q95,development,M0,0.30000000000000004,186,0.3456588832183763,0.23655913978494625,22
DE_LU_FR_BE,q95,development,M0,0.4,121,0.44397725550277617,0.32231404958677684,18
DE_LU_FR_BE,q95,development,M0,0.5,96,0.5516010682127289,0.5,20
DE_LU_FR_BE,q95,development,M0,0.6000000000000001,50,0.6460632126789441,0.66,14
DE_LU_FR_BE,q95,development,M0,0.7000000000000001,33,0.7418731182450699,0.42424242424242425,8
DE_LU_FR_BE,q95,development,M0,0.8,16,0.8394172404281108,0.3125,3
DE_LU_FR_BE,q95,development,M0,0.9,4,0.9199646469019551,0.25,1
DE_LU_FR_BE,q95,development,M1,0.0,15643,0.0075214481588933325,0.0026209806303138785,21
DE_LU_FR_BE,q95,development,M1,0.1,718,0.14239304491897192,0.06545961002785515,23
DE_LU_FR_BE,q95,development,M1,0.2,289,0.24343124477872063,0.1314878892733564,23
DE_LU_FR_BE,q95,development,M1,0.30000000000000004,200,0.34097945181101197,0.22,21
DE_LU_FR_BE,q95,development,M1,0.4,123,0.4463947701698952,0.2682926829268293,18
DE_LU_FR_BE,q95,development,M1,0.5,83,0.544228648056993,0.5421686746987951,17
DE_LU_FR_BE,q95,development,M1,0.6000000000000001,58,0.65224844685045,0.6551724137931034,13
DE_LU_FR_BE,q95,development,M1,0.7000000000000001,36,0.7478382610372489,0.5555555555555556,9
DE_LU_FR_BE,q95,development,M1,0.8,8,0.831883726357205,0.25,2
DE_LU_FR_BE,q95,development,M1,0.9,2,0.9309297144100848,0.0,0
DE_LU_FR_BE,q95,development,M2,0.0,15699,0.007157733007953294,0.0027390279635645582,22
DE_LU_FR_BE,q95,development,M2,0.1,684,0.14266350908780737,0.06871345029239766,23
DE_LU_FR_BE,q95,development,M2,0.2,271,0.24353832452798682,0.12546125461254612,20
DE_LU_FR_BE,q95,development,M2,0.30000000000000004,186,0.3456558299906924,0.23655913978494625,22
DE_LU_FR_BE,q95,development,M2,0.4,121,0.44397725550277617,0.32231404958677684,18
DE_LU_FR_BE,q95,development,M2,0.5,96,0.5516010682127289,0.5,20
DE_LU_FR_BE,q95,development,M2,0.6000000000000001,50,0.6460984486818852,0.66,14
DE_LU_FR_BE,q95,development,M2,0.7000000000000001,33,0.742637209356736,0.42424242424242425,8
DE_LU_FR_BE,q95,development,M2,0.8,16,0.8397543272946137,0.3125,3
DE_LU_FR_BE,q95,development,M2,0.9,4,0.9199646469019551,0.25,1
DE_LU_FR_BE,q95,development,M3,0.0,15644,0.0075599415567299075,0.0026208130912810023,21
DE_LU_FR_BE,q95,development,M3,0.1,717,0.14245941799762868,0.06555090655509066,23
DE_LU_FR_BE,q95,development,M3,0.2,289,0.24339996152050775,0.1314878892733564,23
DE_LU_FR_BE,q95,development,M3,0.30000000000000004,200,0.34094196151367273,0.22,21
DE_LU_FR_BE,q95,development,M3,0.4,123,0.4463910315808544,0.2682926829268293,18
DE_LU_FR_BE,q95,development,M3,0.5,83,0.544228648056993,0.5421686746987951,17
DE_LU_FR_BE,q95,development,M3,0.6000000000000001,58,0.6523091188094887,0.6551724137931034,13
DE_LU_FR_BE,q95,development,M3,0.7000000000000001,36,0.7484835417826772,0.5555555555555556,9
DE_LU_FR_BE,q95,development,M3,0.8,8,0.8334321686958616,0.25,2
DE_LU_FR_BE,q95,development,M3,0.9,2,0.9309297144100848,0.0,0
DE_LU_FR_BE,q95,reanalysis,M0,0.0,14445,0.00971030473016269,0.010868812737971616,48
DE_LU_FR_BE,q95,reanalysis,M0,0.1,1089,0.14284913375399366,0.1184573002754821,56
DE_LU_FR_BE,q95,reanalysis,M0,0.2,541,0.2458766698770608,0.19038817005545286,56
DE_LU_FR_BE,q95,reanalysis,M0,0.30000000000000004,398,0.34653102343635234,0.2989949748743719,62
DE_LU_FR_BE,q95,reanalysis,M0,0.4,274,0.4462858748031061,0.34306569343065696,56
DE_LU_FR_BE,q95,reanalysis,M0,0.5,193,0.5470839990183486,0.48704663212435234,53
DE_LU_FR_BE,q95,reanalysis,M0,0.6000000000000001,167,0.6471431289274824,0.5748502994011976,50
DE_LU_FR_BE,q95,reanalysis,M0,0.7000000000000001,126,0.7447973606997489,0.6111111111111112,36
DE_LU_FR_BE,q95,reanalysis,M0,0.8,109,0.8467187547731453,0.7522935779816514,32
DE_LU_FR_BE,q95,reanalysis,M0,0.9,58,0.9420379326680252,0.8620689655172413,18
DE_LU_FR_BE,q95,reanalysis,M1,0.0,14442,0.010680859100035597,0.011425010386373079,48
DE_LU_FR_BE,q95,reanalysis,M1,0.1,1110,0.14349332082767677,0.11441441441441441,60
DE_LU_FR_BE,q95,reanalysis,M1,0.2,566,0.24766456246248525,0.20848056537102475,58
DE_LU_FR_BE,q95,reanalysis,M1,0.30000000000000004,396,0.3479696933529946,0.2727272727272727,61
DE_LU_FR_BE,q95,reanalysis,M1,0.4,255,0.44559016182391237,0.36470588235294116,59
DE_LU_FR_BE,q95,reanalysis,M1,0.5,218,0.5481123047082967,0.5321100917431193,55
DE_LU_FR_BE,q95,reanalysis,M1,0.6000000000000001,164,0.6520886034084924,0.5670731707317073,46
DE_LU_FR_BE,q95,reanalysis,M1,0.7000000000000001,101,0.7491144279413797,0.5742574257425742,31
DE_LU_FR_BE,q95,reanalysis,M1,0.8,102,0.844630394303018,0.8137254901960784,32
DE_LU_FR_BE,q95,reanalysis,M1,0.9,46,0.9411830383023079,0.8695652173913043,16
DE_LU_FR_BE,q95,reanalysis,M2,0.0,14447,0.010932112150073652,0.011282619228905656,49
DE_LU_FR_BE,q95,reanalysis,M2,0.1,1110,0.14269040376037845,0.11171171171171171,54
DE_LU_FR_BE,q95,reanalysis,M2,0.2,544,0.24643858706878033,0.19669117647058823,56
DE_LU_FR_BE,q95,reanalysis,M2,0.30000000000000004,380,0.34701982484279426,0.3,62
DE_LU_FR_BE,q95,reanalysis,M2,0.4,269,0.4471276010675042,0.35315985130111527,58
DE_LU_FR_BE,q95,reanalysis,M2,0.5,186,0.5485639216139024,0.4946236559139785,52
DE_LU_FR_BE,q95,reanalysis,M2,0.6000000000000001,162,0.6484582391876199,0.5555555555555556,47
DE_LU_FR_BE,q95,reanalysis,M2,0.7000000000000001,136,0.7480523815977482,0.625,39
DE_LU_FR_BE,q95,reanalysis,M2,0.8,107,0.850242603321555,0.7570093457943925,32
DE_LU_FR_BE,q95,reanalysis,M2,0.9,59,0.9404286728371177,0.847457627118644,19
DE_LU_FR_BE,q95,reanalysis,M3,0.0,14420,0.011883017430329712,0.01144244105409154,50
DE_LU_FR_BE,q95,reanalysis,M3,0.1,1151,0.14256813907638677,0.10860121633362294,58
DE_LU_FR_BE,q95,reanalysis,M3,0.2,569,0.2472216363050393,0.2179261862917399,62
DE_LU_FR_BE,q95,reanalysis,M3,0.30000000000000004,382,0.3481307737348593,0.2801047120418848,61
DE_LU_FR_BE,q95,reanalysis,M3,0.4,247,0.446087220558141,0.3643724696356275,57
DE_LU_FR_BE,q95,reanalysis,M3,0.5,206,0.5474154994623571,0.5194174757281553,52
DE_LU_FR_BE,q95,reanalysis,M3,0.6000000000000001,159,0.6479031001165682,0.5471698113207547,47
DE_LU_FR_BE,q95,reanalysis,M3,0.7000000000000001,114,0.745152725436539,0.6228070175438597,32
DE_LU_FR_BE,q95,reanalysis,M3,0.8,106,0.8465637483293393,0.8018867924528302,31
DE_LU_FR_BE,q95,reanalysis,M3,0.9,46,0.9404118935924101,0.8695652173913043,16
DK1,q90,development,M0,0.0,15353,0.0076592228238532584,0.004363967954145769,40
DK1,q90,development,M0,0.1,718,0.14332011140630221,0.08217270194986072,35
DK1,q90,development,M0,0.2,401,0.24830638042814343,0.20698254364089774,34
DK1,q90,development,M0,0.30000000000000004,260,0.34845394410558767,0.28846153846153844,37
DK1,q90,development,M0,0.4,161,0.445196074202006,0.36024844720496896,33
DK1,q90,development,M0,0.5,110,0.5476498703235368,0.41818181818181815,24
DK1,q90,development,M0,0.6000000000000001,94,0.6488228610299339,0.6276595744680851,28
DK1,q90,development,M0,0.7000000000000001,49,0.7495486272338543,0.6122448979591837,13
DK1,q90,development,M0,0.8,44,0.8497727477238222,0.8181818181818182,14
DK1,q90,development,M0,0.9,42,0.9441219417879692,0.8095238095238095,9
DK1,q90,development,M1,0.0,15265,0.007900168639274374,0.003930560104814936,37
DK1,q90,development,M1,0.1,794,0.14168048757360197,0.06926952141057935,36
DK1,q90,development,M1,0.2,394,0.24506746731120432,0.18527918781725888,37
DK1,q90,development,M1,0.30000000000000004,280,0.3462980464120878,0.33214285714285713,43
DK1,q90,development,M1,0.4,172,0.44681469358394804,0.4011627906976744,36
DK1,q90,development,M1,0.5,107,0.5481374858062512,0.4672897196261682,25
DK1,q90,development,M1,0.6000000000000001,79,0.6465813084628955,0.4936708860759494,20
DK1,q90,development,M1,0.7000000000000001,58,0.7399943524528041,0.6896551724137931,15
DK1,q90,development,M1,0.8,46,0.8512709212959385,0.6956521739130435,12
DK1,q90,development,M1,0.9,37,0.9451981886358378,0.972972972972973,8
DK1,q90,development,M2,0.0,15331,0.008657739903408271,0.004305002935229274,40
DK1,q90,development,M2,0.1,757,0.1419798219298686,0.0845442536327609,36
DK1,q90,development,M2,0.2,399,0.2483444892278324,0.21553884711779447,35
DK1,q90,development,M2,0.30000000000000004,252,0.3485419165874303,0.27380952380952384,35
DK1,q90,development,M2,0.4,156,0.4458655592451642,0.3782051282051282,34
DK1,q90,development,M2,0.5,104,0.5472534169432186,0.41346153846153844,23
DK1,q90,development,M2,0.6000000000000001,93,0.6477197117752175,0.6129032258064516,29
DK1,q90,development,M2,0.7000000000000001,51,0.747429366408923,0.6078431372549019,14
DK1,q90,development,M2,0.8,48,0.8513545683261109,0.8125,14
DK1,q90,development,M2,0.9,41,0.9454614171063798,0.8048780487804879,9
DK1,q90,development,M3,0.0,15265,0.009083637273385405,0.003865050769734687,37
DK1,q90,development,M3,0.1,813,0.14178062430577748,0.07503075030750307,37
DK1,q90,development,M3,0.2,392,0.24592221334139228,0.18112244897959184,35
DK1,q90,development,M3,0.30000000000000004,274,0.3468318445031574,0.3467153284671533,44
DK1,q90,development,M3,0.4,159,0.4474450259975591,0.39622641509433965,35
DK1,q90,development,M3,0.5,105,0.5460435753182927,0.45714285714285713,25
DK1,q90,development,M3,0.6000000000000001,78,0.6439365072235151,0.5,20
DK1,q90,development,M3,0.7000000000000001,62,0.7408693395762387,0.6774193548387096,15
DK1,q90,development,M3,0.8,45,0.8523112654412511,0.6888888888888889,12
DK1,q90,development,M3,0.9,39,0.9434143343778677,0.9743589743589743,8
DK1,q90,reanalysis,M0,0.0,13509,0.011487580637515853,0.011399807535716929,61
DK1,q90,reanalysis,M0,0.1,1216,0.1449727041017128,0.16200657894736842,97
DK1,q90,reanalysis,M0,0.2,714,0.24724884450923207,0.24369747899159663,85
DK1,q90,reanalysis,M0,0.30000000000000004,519,0.34716102811797095,0.35067437379576105,85
DK1,q90,reanalysis,M0,0.4,375,0.4468493648791844,0.464,91
DK1,q90,reanalysis,M0,0.5,284,0.5494060501035393,0.5492957746478874,74
DK1,q90,reanalysis,M0,0.6000000000000001,236,0.6496312644724813,0.5889830508474576,73
DK1,q90,reanalysis,M0,0.7000000000000001,224,0.7503951233805625,0.7857142857142857,66
DK1,q90,reanalysis,M0,0.8,204,0.8471853103968968,0.9068627450980392,62
DK1,q90,reanalysis,M0,0.9,119,0.9433548370011277,0.8739495798319328,28
DK1,q90,reanalysis,M1,0.0,13355,0.012365552093272275,0.01025833021340322,56
DK1,q90,reanalysis,M1,0.1,1285,0.1462961850000963,0.15408560311284047,96
DK1,q90,reanalysis,M1,0.2,765,0.24668746612403797,0.23921568627450981,86
DK1,q90,reanalysis,M1,0.30000000000000004,506,0.349558923800134,0.34980237154150196,88
DK1,q90,reanalysis,M1,0.4,397,0.4471169981007887,0.42317380352644834,89
DK1,q90,reanalysis,M1,0.5,298,0.5499486823901656,0.5436241610738255,79
DK1,q90,reanalysis,M1,0.6000000000000001,251,0.6507854216106181,0.5856573705179283,73
DK1,q90,reanalysis,M1,0.7000000000000001,208,0.753751382916301,0.8269230769230769,67
DK1,q90,reanalysis,M1,0.8,206,0.8496410858701606,0.8786407766990292,63
DK1,q90,reanalysis,M1,0.9,129,0.9405105272386665,0.8992248062015504,29
DK1,q90,reanalysis,M2,0.0,13516,0.013015638415284246,0.011023971589227582,62
DK1,q90,reanalysis,M2,0.1,1245,0.14522664127870827,0.16626506024096385,99
DK1,q90,reanalysis,M2,0.2,707,0.2470216144136705,0.24893917963224893,87
DK1,q90,reanalysis,M2,0.30000000000000004,503,0.3471067257268985,0.36381709741550694,84
DK1,q90,reanalysis,M2,0.4,361,0.4466017541222114,0.45706371191135736,88
DK1,q90,reanalysis,M2,0.5,276,0.5495173087907521,0.5471014492753623,71
DK1,q90,reanalysis,M2,0.6000000000000001,232,0.6501877839722634,0.5905172413793104,70
DK1,q90,reanalysis,M2,0.7000000000000001,219,0.750152331951728,0.7579908675799086,68
DK1,q90,reanalysis,M2,0.8,214,0.8471979276100675,0.9112149532710281,63
DK1,q90,reanalysis,M2,0.9,127,0.9432527336868116,0.8818897637795275,31
DK1,q90,reanalysis,M3,0.0,13360,0.013964124171862095,0.010254491017964072,56
DK1,q90,reanalysis,M3,0.1,1323,0.1464052262985487,0.15117157974300832,96
DK1,q90,reanalysis,M3,0.2,743,0.24580997050765177,0.2503364737550471,86
DK1,q90,reanalysis,M3,0.30000000000000004,493,0.3482984852580293,0.35294117647058826,89
DK1,q90,reanalysis,M3,0.4,386,0.44585112483249517,0.43005181347150256,87
DK1,q90,reanalysis,M3,0.5,292,0.5496241796956338,0.5376712328767124,76
DK1,q90,reanalysis,M3,0.6000000000000001,235,0.6489445189777181,0.5914893617021276,71
DK1,q90,reanalysis,M3,0.7000000000000001,216,0.7506432327225312,0.7824074074074074,69
DK1,q90,reanalysis,M3,0.8,212,0.8488501238642139,0.8867924528301887,64
DK1,q90,reanalysis,M3,0.9,140,0.939969410094351,0.8928571428571429,32
DK1,q95,development,M0,0.0,16218,0.005418858060027985,0.0022197558268590455,19
DK1,q95,development,M0,0.1,491,0.14424515071314883,0.10386965376782077,23
DK1,q95,development,M0,0.2,211,0.2450462026642399,0.1848341232227488,21
DK1,q95,development,M0,0.30000000000000004,110,0.3444561923667165,0.2,18
DK1,q95,development,M0,0.4,74,0.4532188879339293,0.35135135135135137,16
DK1,q95,development,M0,0.5,57,0.5435963473468697,0.42105263157894735,12
DK1,q95,development,M0,0.6000000000000001,32,0.6501711830647228,0.625,7
DK1,q95,development,M0,0.7000000000000001,17,0.7476787740869755,0.6470588235294118,7
DK1,q95,development,M0,0.8,15,0.8319484713213864,0.6666666666666666,4
DK1,q95,development,M0,0.9,7,0.9391168918575598,1.0,2
DK1,q95,development,M1,0.0,16196,0.005845912321560612,0.0018523092121511483,17
DK1,q95,development,M1,0.1,522,0.14505876059897033,0.10919540229885058,23
DK1,q95,development,M1,0.2,203,0.24861489738617207,0.18226600985221675,19
DK1,q95,development,M1,0.30000000000000004,99,0.34339688838980553,0.2828282828282828,16
DK1,q95,development,M1,0.4,92,0.45029877435413646,0.33695652173913043,16
DK1,q95,development,M1,0.5,53,0.5434835609880303,0.2830188679245283,8
DK1,q95,development,M1,0.6000000000000001,30,0.6541805674181373,0.6,8
DK1,q95,development,M1,0.7000000000000001,21,0.7445766668683904,0.7142857142857143,6
DK1,q95,development,M1,0.8,9,0.8436640953483069,0.8888888888888888,4
DK1,q95,development,M1,0.9,7,0.9251013152072004,1.0,3
DK1,q95,development,M2,0.0,16215,0.0064309232382296615,0.002158495220474869,19
DK1,q95,development,M2,0.1,508,0.14394694853393059,0.10826771653543307,23
DK1,q95,development,M2,0.2,202,0.24520833335352132,0.18316831683168316,20
DK1,q95,development,M2,0.30000000000000004,108,0.3436815832295998,0.2222222222222222,18
DK1,q95,development,M2,0.4,69,0.4513087993090977,0.3333333333333333,15
DK1,q95,development,M2,0.5,57,0.542349681853904,0.42105263157894735,12
DK1,q95,development,M2,0.6000000000000001,31,0.6455664764329527,0.5483870967741935,7
DK1,q95,development,M2,0.7000000000000001,19,0.7429920339992853,0.7368421052631579,7
DK1,q95,development,M2,0.8,16,0.8359462427706755,0.625,4
DK1,q95,development,M2,0.9,7,0.9353434126680984,1.0,2
DK1,q95,development,M3,0.0,16181,0.006844006281065424,0.0019158272047463073,18
DK1,q95,development,M3,0.1,544,0.1431172703480513,0.10477941176470588,23
DK1,q95,development,M3,0.2,202,0.24681388290406445,0.18811881188118812,19
DK1,q95,development,M3,0.30000000000000004,96,0.34377589818582543,0.28125,17
DK1,q95,development,M3,0.4,88,0.44967850048693025,0.32954545454545453,16
DK1,q95,development,M3,0.5,51,0.5419273465523938,0.3137254901960784,8
DK1,q95,development,M3,0.6000000000000001,31,0.652863952152523,0.5161290322580645,8
DK1,q95,development,M3,0.7000000000000001,21,0.7408950761551459,0.7142857142857143,6
DK1,q95,development,M3,0.8,10,0.8327196009761162,0.9,4
DK1,q95,development,M3,0.9,8,0.9253788050681155,1.0,3
DK1,q95,reanalysis,M0,0.0,15257,0.008442897738294807,0.008258504293111358,51
DK1,q95,reanalysis,M0,0.1,885,0.1431202784325119,0.14689265536723164,59
DK1,q95,reanalysis,M0,0.2,429,0.2454975152376534,0.22843822843822845,50
DK1,q95,reanalysis,M0,0.30000000000000004,249,0.3465917787729236,0.37751004016064255,49
DK1,q95,reanalysis,M0,0.4,190,0.4498875241143854,0.4421052631578947,51
DK1,q95,reanalysis,M0,0.5,160,0.5491112801759437,0.6125,46
DK1,q95,reanalysis,M0,0.6000000000000001,108,0.6475135746786654,0.6018518518518519,35
DK1,q95,reanalysis,M0,0.7000000000000001,75,0.7470420318921507,0.6533333333333333,22
DK1,q95,reanalysis,M0,0.8,35,0.8443470893312068,0.8285714285714286,16
DK1,q95,reanalysis,M0,0.9,12,0.9569244521115216,1.0,3
DK1,q95,reanalysis,M1,0.0,15114,0.008989209358563606,0.007741167129813418,45
DK1,q95,reanalysis,M1,0.1,978,0.14326473030087614,0.12678936605316973,61
DK1,q95,reanalysis,M1,0.2,459,0.24612947783041977,0.22440087145969498,51
DK1,q95,reanalysis,M1,0.30000000000000004,264,0.3503868666731916,0.3522727272727273,48
DK1,q95,reanalysis,M1,0.4,163,0.4481325572872378,0.4723926380368098,54
DK1,q95,reanalysis,M1,0.5,172,0.5474734475781701,0.5872093023255814,49
DK1,q95,reanalysis,M1,0.6000000000000001,123,0.6430987635684722,0.5934959349593496,39
DK1,q95,reanalysis,M1,0.7000000000000001,75,0.7451780811625328,0.72,24
DK1,q95,reanalysis,M1,0.8,39,0.8402350708289645,0.7692307692307693,17
DK1,q95,reanalysis,M1,0.9,13,0.9523607012973406,1.0,4
DK1,q95,reanalysis,M2,0.0,15244,0.00976694251695628,0.00839674626082393,50
DK1,q95,reanalysis,M2,0.1,918,0.14221000198723083,0.14596949891067537,63
DK1,q95,reanalysis,M2,0.2,423,0.24451615123654058,0.23404255319148937,50
DK1,q95,reanalysis,M2,0.30000000000000004,250,0.34852570684174305,0.372,48
DK1,q95,reanalysis,M2,0.4,175,0.451785120597686,0.46285714285714286,50
DK1,q95,reanalysis,M2,0.5,150,0.547659228647439,0.58,44
DK1,q95,reanalysis,M2,0.6000000000000001,109,0.6442980311307065,0.6238532110091743,37
DK1,q95,reanalysis,M2,0.7000000000000001,82,0.7501492780159563,0.6585365853658537,24
DK1,q95,reanalysis,M2,0.8,37,0.84886017451798,0.7837837837837838,17
DK1,q95,reanalysis,M2,0.9,12,0.9535734225818769,1.0,3
DK1,q95,reanalysis,M3,0.0,15100,0.010400873513727323,0.007549668874172186,44
DK1,q95,reanalysis,M3,0.1,1007,0.14182210487902014,0.12909632571996027,62
DK1,q95,reanalysis,M3,0.2,450,0.24364567029087222,0.2288888888888889,52
DK1,q95,reanalysis,M3,0.30000000000000004,267,0.3487315037826833,0.34831460674157305,46
DK1,q95,reanalysis,M3,0.4,156,0.4490322125902149,0.47435897435897434,52
DK1,q95,reanalysis,M3,0.5,162,0.5471111530295493,0.5864197530864198,47
DK1,q95,reanalysis,M3,0.6000000000000001,123,0.641460030170049,0.6178861788617886,40
DK1,q95,reanalysis,M3,0.7000000000000001,81,0.747690354641418,0.691358024691358,25
DK1,q95,reanalysis,M3,0.8,39,0.8436290067931452,0.7435897435897436,17
DK1,q95,reanalysis,M3,0.9,15,0.9435776081968964,1.0,6
DK2,q90,development,M0,0.0,15031,0.00829088658348872,0.004989687978178431,38
DK2,q90,development,M0,0.1,851,0.14149114547762887,0.08930669800235018,38
DK2,q90,development,M0,0.2,458,0.24907443366871293,0.18340611353711792,46
DK2,q90,development,M0,0.30000000000000004,280,0.3465142949388987,0.25357142857142856,36
DK2,q90,development,M0,0.4,172,0.44818275100159577,0.3313953488372093,34
DK2,q90,development,M0,0.5,124,0.5492053663160794,0.43548387096774194,31
DK2,q90,development,M0,0.6000000000000001,109,0.6501652682742638,0.6146788990825688,29
DK2,q90,development,M0,0.7000000000000001,77,0.7467424202626103,0.7402597402597403,22
DK2,q90,development,M0,0.8,59,0.8506158942002912,0.864406779661017,17
DK2,q90,development,M0,0.9,71,0.9486672663183965,0.9014084507042254,10
DK2,q90,development,M1,0.0,14860,0.008907733068469774,0.004508748317631225,36
DK2,q90,development,M1,0.1,917,0.14521981523665728,0.05997818974918211,36
DK2,q90,development,M1,0.2,510,0.24543512629330605,0.1568627450980392,43
DK2,q90,development,M1,0.30000000000000004,316,0.34852301012840325,0.2848101265822785,44
DK2,q90,development,M1,0.4,194,0.4475585523610357,0.3711340206185567,43
DK2,q90,development,M1,0.5,111,0.5436800369172385,0.4864864864864865,30
DK2,q90,development,M1,0.6000000000000001,118,0.646114494376353,0.5254237288135594,29
DK2,q90,development,M1,0.7000000000000001,74,0.7485716411334772,0.7702702702702703,18
DK2,q90,development,M1,0.8,59,0.8489609529574113,0.864406779661017,15
DK2,q90,development,M1,0.9,73,0.9484838886757543,0.9315068493150684,11
DK2,q90,development,M2,0.0,15001,0.009379655555245118,0.004999666688887408,37
DK2,q90,development,M2,0.1,900,0.1403401450374735,0.08666666666666667,40
DK2,q90,development,M2,0.2,461,0.24913600334383668,0.18655097613882862,45
DK2,q90,development,M2,0.30000000000000004,262,0.3464924648308371,0.2633587786259542,35
DK2,q90,development,M2,0.4,167,0.447639518964716,0.33532934131736525,33
DK2,q90,development,M2,0.5,119,0.5476665870007917,0.42857142857142855,29
DK2,q90,development,M2,0.6000000000000001,106,0.6476188270429314,0.5849056603773585,28
DK2,q90,development,M2,0.7000000000000001,82,0.744402606723016,0.7317073170731707,22
DK2,q90,development,M2,0.8,60,0.8489334355462722,0.8666666666666667,17
DK2,q90,development,M2,0.9,74,0.9465475649142068,0.9054054054054054,10
DK2,q90,development,M3,0.0,14836,0.010100032352432793,0.00444863844702076,35
DK2,q90,development,M3,0.1,972,0.1446873745607137,0.06275720164609054,37
DK2,q90,development,M3,0.2,501,0.24622475722496276,0.16367265469061876,41
DK2,q90,development,M3,0.30000000000000004,300,0.34902271782909483,0.2833333333333333,44
DK2,q90,development,M3,0.4,190,0.4480522258235268,0.3684210526315789,44
DK2,q90,development,M3,0.5,107,0.545096211614892,0.4766355140186916,29
DK2,q90,development,M3,0.6000000000000001,116,0.6472606704488204,0.5258620689655172,31
DK2,q90,development,M3,0.7000000000000001,74,0.7491172278749727,0.7837837837837838,17
DK2,q90,development,M3,0.8,62,0.8476745829737792,0.8548387096774194,16
DK2,q90,development,M3,0.9,74,0.9470387131813551,0.9324324324324325,11
DK2,q90,reanalysis,M0,0.0,12997,0.012046254078445744,0.011387243209971531,67
DK2,q90,reanalysis,M0,0.1,1340,0.145363132403932,0.15298507462686567,100
DK2,q90,reanalysis,M0,0.2,854,0.24725827795822836,0.2540983606557377,105
DK2,q90,reanalysis,M0,0.30000000000000004,548,0.34467858090824516,0.34306569343065696,93
DK2,q90,reanalysis,M0,0.4,433,0.44924577260916343,0.42725173210161665,95
DK2,q90,reanalysis,M0,0.5,336,0.5486087649308958,0.5892857142857143,102
DK2,q90,reanalysis,M0,0.6000000000000001,283,0.6477917169626085,0.6219081272084805,86
DK2,q90,reanalysis,M0,0.7000000000000001,218,0.7502206537727053,0.7110091743119266,73
DK2,q90,reanalysis,M0,0.8,211,0.8522548404192272,0.8957345971563981,58
DK2,q90,reanalysis,M0,0.9,180,0.9458465411210281,0.9166666666666666,39
DK2,q90,reanalysis,M1,0.0,12774,0.013236482837719265,0.01049005793017066,63
DK2,q90,reanalysis,M1,0.1,1447,0.1451571775642114,0.12854181064270906,94
DK2,q90,reanalysis,M1,0.2,902,0.2476599438192954,0.24501108647450112,101
DK2,q90,reanalysis,M1,0.30000000000000004,601,0.34738848000786127,0.34775374376039936,99
DK2,q90,reanalysis,M1,0.4,424,0.4500616545261525,0.4339622641509434,99
DK2,q90,reanalysis,M1,0.5,363,0.5475623981485936,0.559228650137741,102
DK2,q90,reanalysis,M1,0.6000000000000001,289,0.6487124227820059,0.629757785467128,88
DK2,q90,reanalysis,M1,0.7000000000000001,215,0.747972906683238,0.7255813953488373,77
DK2,q90,reanalysis,M1,0.8,216,0.8514459950303556,0.9120370370370371,56
DK2,q90,reanalysis,M1,0.9,169,0.9471990790920175,0.9112426035502958,36
DK2,q90,reanalysis,M2,0.0,12977,0.013677035727701469,0.01117361485705479,68
DK2,q90,reanalysis,M2,0.1,1395,0.14513876799358424,0.15340501792114694,102
DK2,q90,reanalysis,M2,0.2,847,0.24676679514821998,0.2597402597402597,107
DK2,q90,reanalysis,M2,0.30000000000000004,534,0.34449414205486256,0.34269662921348315,89
DK2,q90,reanalysis,M2,0.4,411,0.4485661775506776,0.43309002433090027,94
DK2,q90,reanalysis,M2,0.5,334,0.547589381679873,0.5838323353293413,100
DK2,q90,reanalysis,M2,0.6000000000000001,280,0.6482502180913812,0.6142857142857143,83
DK2,q90,reanalysis,M2,0.7000000000000001,215,0.7495633164129851,0.7116279069767442,74
DK2,q90,reanalysis,M2,0.8,216,0.8498212527905352,0.8796296296296297,61
DK2,q90,reanalysis,M2,0.9,191,0.9425813842375538,0.9214659685863874,39
DK2,q90,reanalysis,M3,0.0,12748,0.014968880723522244,0.010119234389708189,60
DK2,q90,reanalysis,M3,0.1,1510,0.14480515114220213,0.1304635761589404,92
DK2,q90,reanalysis,M3,0.2,903,0.24777314361733718,0.24916943521594684,104
DK2,q90,reanalysis,M3,0.30000000000000004,575,0.3476022454736527,0.35478260869565215,98
DK2,q90,reanalysis,M3,0.4,409,0.4498562978381835,0.4352078239608802,97
DK2,q90,reanalysis,M3,0.5,357,0.5473734091517933,0.5574229691876751,103
DK2,q90,reanalysis,M3,0.6000000000000001,281,0.648818915221184,0.6227758007117438,86
DK2,q90,reanalysis,M3,0.7000000000000001,224,0.7490651442134768,0.7232142857142857,76
DK2,q90,reanalysis,M3,0.8,210,0.8508463304438595,0.9,59
DK2,q90,reanalysis,M3,0.9,183,0.9429719981869712,0.9180327868852459,37
DK2,q95,development,M0,0.0,15970,0.006092825976427724,0.0020663744520976832,17
DK2,q95,development,M0,0.1,557,0.14235816248662467,0.07360861759425494,21
DK2,q95,development,M0,0.2,253,0.24601207723487353,0.1422924901185771,21
DK2,q95,development,M0,0.30000000000000004,143,0.345234961273896,0.2097902097902098,21
DK2,q95,development,M0,0.4,97,0.4485067686585712,0.3402061855670103,17
DK2,q95,development,M0,0.5,74,0.5477734218758575,0.5675675675675675,16
DK2,q95,development,M0,0.6000000000000001,55,0.6486919052200372,0.5454545454545454,12
DK2,q95,development,M0,0.7000000000000001,38,0.7456351338326513,0.7631578947368421,11
DK2,q95,development,M0,0.8,31,0.8396701547530684,0.7741935483870968,5
DK2,q95,development,M0,0.9,14,0.9219078220407696,0.35714285714285715,4
DK2,q95,development,M1,0.0,15868,0.00692548955981948,0.0015124779430299975,14
DK2,q95,development,M1,0.1,605,0.14332422446697474,0.07107438016528926,20
DK2,q95,development,M1,0.2,301,0.2415765376442901,0.14285714285714285,25
DK2,q95,development,M1,0.30000000000000004,139,0.3433292116545966,0.2158273381294964,21
DK2,q95,development,M1,0.4,104,0.44988938404214224,0.375,19
DK2,q95,development,M1,0.5,79,0.5462820051460324,0.46835443037974683,16
DK2,q95,development,M1,0.6000000000000001,54,0.6476900083142657,0.5555555555555556,12
DK2,q95,development,M1,0.7000000000000001,32,0.7528721892746941,0.6875,9
DK2,q95,development,M1,0.8,37,0.8370633775119984,0.7837837837837838,8
DK2,q95,development,M1,0.9,13,0.9350522876224989,0.46153846153846156,2
DK2,q95,development,M2,0.0,15965,0.007288415599608848,0.002067021609771375,17
DK2,q95,development,M2,0.1,576,0.14225634778982008,0.07118055555555555,21
DK2,q95,development,M2,0.2,243,0.24474137285877048,0.15637860082304528,21
DK2,q95,development,M2,0.30000000000000004,144,0.34463970413022105,0.2152777777777778,21
DK2,q95,development,M2,0.4,90,0.4482799962329277,0.3333333333333333,16
DK2,q95,development,M2,0.5,74,0.5471476969126895,0.5405405405405406,16
DK2,q95,development,M2,0.6000000000000001,55,0.650771705835803,0.5454545454545454,12
DK2,q95,development,M2,0.7000000000000001,38,0.7465972860043903,0.7631578947368421,11
DK2,q95,development,M2,0.8,35,0.8464574349252858,0.7714285714285715,6
DK2,q95,development,M2,0.9,12,0.9223307855311815,0.3333333333333333,4
DK2,q95,development,M3,0.0,15857,0.008173390822945917,0.0014504635176893486,14
DK2,q95,development,M3,0.1,629,0.14269041963118181,0.07154213036565978,20
DK2,q95,development,M3,0.2,295,0.24005478980528697,0.15254237288135594,27
DK2,q95,development,M3,0.30000000000000004,134,0.34253299493412076,0.208955223880597,18
DK2,q95,development,M3,0.4,102,0.44957381418078485,0.38235294117647056,18
DK2,q95,development,M3,0.5,76,0.5462143090429453,0.4473684210526316,14
DK2,q95,development,M3,0.6000000000000001,51,0.6455183410545888,0.5686274509803921,12
DK2,q95,development,M3,0.7000000000000001,36,0.7483703743048546,0.6666666666666666,10
DK2,q95,development,M3,0.8,37,0.8349059545935844,0.8108108108108109,8
DK2,q95,development,M3,0.9,15,0.9316627313698479,0.4,2
DK2,q95,reanalysis,M0,0.0,14933,0.009715399127740828,0.009174311926605505,54
DK2,q95,reanalysis,M0,0.1,999,0.1420349836891082,0.12712712712712712,58
DK2,q95,reanalysis,M0,0.2,505,0.24529133177260584,0.2376237623762376,63
DK2,q95,reanalysis,M0,0.30000000000000004,291,0.34495314672713356,0.29896907216494845,54
DK2,q95,reanalysis,M0,0.4,201,0.4463145353568848,0.43781094527363185,51
DK2,q95,reanalysis,M0,0.5,168,0.5480871623236535,0.5119047619047619,48
DK2,q95,reanalysis,M0,0.6000000000000001,131,0.648764463428286,0.5954198473282443,39
DK2,q95,reanalysis,M0,0.7000000000000001,95,0.7435069600674306,0.7789473684210526,32
DK2,q95,reanalysis,M0,0.8,56,0.8439353843896609,0.7857142857142857,23
DK2,q95,reanalysis,M0,0.9,21,0.9374061928325814,0.8571428571428571,6
DK2,q95,reanalysis,M1,0.0,14787,0.010782205860148301,0.008318117265165348,53
DK2,q95,reanalysis,M1,0.1,1104,0.14339458310715758,0.10960144927536232,61
DK2,q95,reanalysis,M1,0.2,516,0.24442860294088806,0.2616279069767442,65
DK2,q95,reanalysis,M1,0.30000000000000004,327,0.34488317144808056,0.27522935779816515,54
DK2,q95,reanalysis,M1,0.4,203,0.4466842807339985,0.4433497536945813,54
DK2,q95,reanalysis,M1,0.5,163,0.5478256738616705,0.5398773006134969,48
DK2,q95,reanalysis,M1,0.6000000000000001,135,0.64786329474784,0.5777777777777777,37
DK2,q95,reanalysis,M1,0.7000000000000001,88,0.7413728625216116,0.8181818181818182,30
DK2,q95,reanalysis,M1,0.8,58,0.8452215422461589,0.7758620689655172,20
DK2,q95,reanalysis,M1,0.9,19,0.9417964095424748,0.8947368421052632,6
DK2,q95,reanalysis,M2,0.0,14909,0.011347927016635367,0.00905493326178818,53
DK2,q95,reanalysis,M2,0.1,1044,0.14182143637232303,0.13026819923371646,59
DK2,q95,reanalysis,M2,0.2,504,0.24505357176892592,0.23214285714285715,63
DK2,q95,reanalysis,M2,0.30000000000000004,281,0.3460350043507664,0.3096085409252669,54
DK2,q95,reanalysis,M2,0.4,188,0.4465107175259966,0.43617021276595747,49
DK2,q95,reanalysis,M2,0.5,160,0.5453087774913074,0.5125,47
DK2,q95,reanalysis,M2,0.6000000000000001,136,0.6471561572347688,0.5882352941176471,41
DK2,q95,reanalysis,M2,0.7000000000000001,97,0.745405706411168,0.7525773195876289,33
DK2,q95,reanalysis,M2,0.8,60,0.8436599505491582,0.8166666666666667,25
DK2,q95,reanalysis,M2,0.9,21,0.9345570657724688,0.8571428571428571,6
DK2,q95,reanalysis,M3,0.0,14757,0.012534588949196894,0.008335027444602561,53
DK2,q95,reanalysis,M3,0.1,1161,0.14314604250006202,0.11455641688199827,63
DK2,q95,reanalysis,M3,0.2,514,0.24532165917224777,0.2529182879377432,66
DK2,q95,reanalysis,M3,0.30000000000000004,313,0.3461932248225538,0.2747603833865815,52
DK2,q95,reanalysis,M3,0.4,191,0.44754392321053754,0.44502617801047123,54
DK2,q95,reanalysis,M3,0.5,159,0.5481656771072043,0.5408805031446541,48
DK2,q95,reanalysis,M3,0.6000000000000001,137,0.6502655897160836,0.5912408759124088,39
DK2,q95,reanalysis,M3,0.7000000000000001,88,0.7452717192132762,0.7840909090909091,30
DK2,q95,reanalysis,M3,0.8,59,0.8440075977094657,0.7966101694915254,21
DK2,q95,reanalysis,M3,0.9,21,0.934388575925913,0.9047619047619048,7
