zone,level,period,model,hours,days,BS,event_rate
DE_LU_FR_BE,q90,development,M0,17160,715.0,0.029064210146229865,0.039335664335664336
DE_LU_FR_BE,q90,development,M1,17160,715.0,0.02855228407747292,0.039335664335664336
DE_LU_FR_BE,q90,development,M2,17160,715.0,0.029070923353931927,0.039335664335664336
DE_LU_FR_BE,q90,development,M3,17160,715.0,0.028557320885109278,0.039335664335664336
DE_LU_FR_BE,q90,reanalysis,M0,17400,725.0,0.06019061188553459,0.12097701149425287
DE_LU_FR_BE,q90,reanalysis,M1,17400,725.0,0.06059792439514428,0.12097701149425287
DE_LU_FR_BE,q90,reanalysis,M2,17400,725.0,0.06018614114033298,0.12097701149425287
DE_LU_FR_BE,q90,reanalysis,M3,17400,725.0,0.060578659499049475,0.12097701149425287
DE_LU_FR_BE,q95,development,M0,17160,715.0,0.01439847795635417,0.017948717948717947
DE_LU_FR_BE,q95,development,M1,17160,715.0,0.014181040091314368,0.017948717948717947
DE_LU_FR_BE,q95,development,M2,17160,715.0,0.014402240208687541,0.017948717948717947
DE_LU_FR_BE,q95,development,M3,17160,715.0,0.014185469374675047,0.017948717948717947
DE_LU_FR_BE,q95,reanalysis,M0,17400,725.0,0.037109447581610985,0.05752873563218391
DE_LU_FR_BE,q95,reanalysis,M1,17400,725.0,0.03715545124246427,0.05752873563218391
DE_LU_FR_BE,q95,reanalysis,M2,17400,725.0,0.03707200848100299,0.05752873563218391
DE_LU_FR_BE,q95,reanalysis,M3,17400,725.0,0.03711064185168244,0.05752873563218391
DK1,q90,development,M0,17232,718.0,0.020797006783595685,0.03174326833797586
DK1,q90,development,M1,17232,718.0,0.020367564589255035,0.03174326833797586
DK1,q90,development,M2,17232,718.0,0.02083633253122986,0.03174326833797586
DK1,q90,development,M3,17232,718.0,0.020411572095271502,0.03174326833797586
DK1,q90,reanalysis,M0,17400,725.0,0.04874551023488186,0.09431034482758621
DK1,q90,reanalysis,M1,17400,725.0,0.048502874872456456,0.09431034482758621
DK1,q90,reanalysis,M2,17400,725.0,0.04874685018003263,0.09431034482758621
DK1,q90,reanalysis,M3,17400,725.0,0.04852509578165469,0.09431034482758621
DK1,q95,development,M0,17232,718.0,0.010595776108777256,0.014275766016713091
DK1,q95,development,M1,17232,718.0,0.01056106112258337,0.014275766016713091
DK1,q95,development,M2,17232,718.0,0.01062124994684649,0.014275766016713091
DK1,q95,development,M3,17232,718.0,0.010597772740290874,0.014275766016713091
DK1,q95,reanalysis,M0,17400,725.0,0.02875216550825057,0.04511494252873563
DK1,q95,reanalysis,M1,17400,725.0,0.02853405714774563,0.04511494252873563
DK1,q95,reanalysis,M2,17400,725.0,0.02879860854124191,0.04511494252873563
DK1,q95,reanalysis,M3,17400,725.0,0.028586580997970148,0.04511494252873563
DK2,q90,development,M0,17232,718.0,0.023027460739352808,0.03806870937790158
DK2,q90,development,M1,17232,718.0,0.02272137463132509,0.03806870937790158
DK2,q90,development,M2,17232,718.0,0.022999524143753402,0.03806870937790158
DK2,q90,development,M3,17232,718.0,0.022714043374030476,0.03806870937790158
DK2,q90,reanalysis,M0,17400,725.0,0.053430349706158356,0.10494252873563219
DK2,q90,reanalysis,M1,17400,725.0,0.05307990584549199,0.10494252873563219
DK2,q90,reanalysis,M2,17400,725.0,0.053462830226104804,0.10494252873563219
DK2,q90,reanalysis,M3,17400,725.0,0.05310434218398537,0.10494252873563219
DK2,q95,development,M0,17232,718.0,0.0121075926581612,0.01758356545961003
DK2,q95,development,M1,17232,718.0,0.012387662747330195,0.01758356545961003
DK2,q95,development,M2,17232,718.0,0.012122686325785559,0.01758356545961003
DK2,q95,development,M3,17232,718.0,0.012430301347524764,0.01758356545961003
DK2,q95,reanalysis,M0,17400,725.0,0.03126622299652097,0.04936781609195402
DK2,q95,reanalysis,M1,17400,725.0,0.03112041353182024,0.04936781609195402
DK2,q95,reanalysis,M2,17400,725.0,0.031301014064879694,0.04936781609195402
DK2,q95,reanalysis,M3,17400,725.0,0.031162622015889558,0.04936781609195402
