Input,New area,Threshold,Model,Native P1 slots,Actual early spells,Common B,Expected matched coverage
local,DK1,q90,M0,469,32/71,468,45.028%
local,DK1,q90,M1,477,33/71,468,46.151%
local,DK1,q90,M2,468,33/71,468,46.479%
local,DK1,q90,M3,471,33/71,468,46.361%
local,DK1,q95,M0,266,22/58,260,37.571%
local,DK1,q95,M1,279,22/58,260,36.775%
local,DK1,q95,M2,260,22/58,260,37.931%
local,DK1,q95,M3,276,22/58,260,36.961%
local,DK2,q90,M0,517,33/75,513,43.875%
local,DK2,q90,M1,528,37/75,513,48.744%
local,DK2,q90,M2,513,32/75,513,42.667%
local,DK2,q90,M3,522,36/75,513,47.648%
local,DK2,q95,M0,298,27/59,293,45.332%
local,DK2,q95,M1,317,25/59,293,40.950%
local,DK2,q95,M2,293,26/59,293,44.068%
local,DK2,q95,M3,313,25/59,293,41.191%
macro,DK1,q90,M0,479,27/71,474,37.894%
macro,DK1,q90,M1,492,27/71,474,37.532%
macro,DK1,q90,M2,474,27/71,474,38.028%
macro,DK1,q90,M3,485,27/71,474,37.698%
macro,DK1,q95,M0,274,21/58,274,36.207%
macro,DK1,q95,M1,283,20/58,274,34.025%
macro,DK1,q95,M2,274,21/58,274,36.207%
macro,DK1,q95,M3,277,20/58,274,34.332%
macro,DK2,q90,M0,502,27/75,497,35.879%
macro,DK2,q90,M1,511,27/75,497,35.691%
macro,DK2,q90,M2,497,27/75,497,36.000%
macro,DK2,q90,M3,509,27/75,497,35.736%
macro,DK2,q95,M0,295,19/59,293,32.134%
macro,DK2,q95,M1,301,19/59,293,31.875%
macro,DK2,q95,M2,293,19/59,293,32.203%
macro,DK2,q95,M3,298,19/59,293,32.000%
