persistence,drift,model,policy,BS_mean,probability_MAE_mean,N_mean,C_mean,processes_mean,utility_r005_mean,hits_mean,false_mean,changed_slots_mean,marginal_MAE_mean,gate_crossings_mean,BS_MCSE,probability_MAE_MCSE,N_MCSE,C_MCSE,processes_MCSE,utility_r005_MCSE,hits_MCSE,false_MCSE,changed_slots_MCSE,marginal_MAE_MCSE,gate_crossings_MCSE
0.0,False,margin_far,Gate,0.05174816614065742,0.002247206766145835,62.425,2.005,17.2875,1.692875,22.2125,40.2125,0.0,0.0017186458333333335,0.0,0.00042252412024328947,4.6201432679021755e-05,0.4973850794839276,0.06763040869646678,0.1216515809303649,0.06760889266105928,0.27293239016100207,0.386852681090836,0.0,3.5334487668892265e-05,0.0
0.0,False,margin_far,RiseCooldown,0.05174816614065742,0.002247206766145835,62.425,7.5425,17.2875,7.230375,20.63,41.795,1.28,0.0017186458333333335,0.0,0.00042252412024328947,4.6201432679021755e-05,0.4973850794839276,0.11079790075642262,0.1216515809303649,0.1102641747987424,0.25195028749422177,0.3788353574709935,0.1163522436892767,3.5334487668892265e-05,0.0
0.0,False,margin_far,Top2,0.05174816614065742,0.002247206766145835,240.0,2.0125,17.2875,0.8125,22.225,217.775,0.0,0.0017186458333333335,0.0,0.00042252412024328947,4.6201432679021755e-05,0.0,0.06748886012225648,0.1216515809303649,0.06748886012225648,0.2731253028880596,0.2731253028880595,0.0,3.5334487668892265e-05,0.0
0.0,False,margin_near,Gate,0.051729066882041194,0.0020229295779225194,62.4225,1.94,17.2875,1.6278875,22.24,40.1825,23.4575,0.0017186458333333335,100.0675,0.00042401248032068403,4.1591027987814474e-05,0.4975982258417949,0.06481900770143352,0.1216515809303649,0.06479563689795712,0.27187458408921605,0.38228043397550615,0.5512987485478049,3.5334487668892265e-05,2.070667529909996
0.0,False,margin_near,RiseCooldown,0.051729066882041194,0.0020229295779225194,62.3975,6.4725,17.2875,6.160512499999999,20.475,41.9225,47.1025,0.0017186458333333335,100.0675,0.00042401248032068403,4.1591027987814474e-05,0.49811548054129684,0.109444298669589,0.1216515809303649,0.1091261361732359,0.24458739744203636,0.3858606685239952,0.8329552933241325,3.5334487668892265e-05,2.070667529909996
0.0,False,margin_near,Top2,0.051729066882041194,0.0020229295779225194,240.0,1.9475,17.2875,0.7475,22.255,217.745,23.46,0.0017186458333333335,0.0,0.00042401248032068403,4.1591027987814474e-05,0.0,0.06459326667889329,0.1216515809303649,0.06459326667889329,0.2720016539460256,0.27200165394602555,0.5514810316962879,3.5334487668892265e-05,0.0
0.0,False,oracle,Gate,0.0516452831167853,0.0,62.425,2.005,17.2875,1.692875,22.2125,40.2125,0.0,0.0,0.0,0.0004221882946094514,0.0,0.4973850794839276,0.06763040869646678,0.1216515809303649,0.06760889266105928,0.27293239016100207,0.386852681090836,0.0,0.0,0.0
0.0,False,oracle,RiseCooldown,0.0516452831167853,0.0,62.425,7.5425,17.2875,7.230375,20.64,41.785,0.0,0.0,0.0,0.0004221882946094514,0.0,0.4973850794839276,0.11079790075642262,0.1216515809303649,0.1102641747987424,0.25079022977056115,0.37915211765306267,0.0,0.0,0.0
0.0,False,oracle,Top2,0.0516452831167853,0.0,240.0,2.0125,17.2875,0.8125,22.225,217.775,0.0,0.0,0.0,0.0004221882946094514,0.0,0.0,0.06748886012225648,0.1216515809303649,0.06748886012225648,0.2731253028880596,0.2731253028880595,0.0,0.0,0.0
0.0,False,wrong_dependence,Gate,0.051774508125686604,0.0057717904563015,62.425,2.005,17.2875,1.692875,22.2125,40.2125,0.0,0.0,354.48,0.00042516518515206477,4.640216623863941e-05,0.4973850794839276,0.06763040869646678,0.1216515809303649,0.06760889266105928,0.27293239016100207,0.386852681090836,0.0,0.0,3.216603853581785
0.0,False,wrong_dependence,RiseCooldown,0.051774508125686604,0.0057717904563015,37.105,3.72,17.2875,3.534475,13.9425,23.1625,76.635,0.0,354.48,0.00042516518515206477,4.640216623863941e-05,0.31663952528455924,0.09327782094206129,0.1216515809303649,0.09276497777281295,0.21034756861932147,0.22903903942111553,0.691483775681017,0.0,3.216603853581785
0.0,False,wrong_dependence,Top2,0.051774508125686604,0.0057717904563015,240.0,2.0125,17.2875,0.8125,22.225,217.775,0.0,0.0,0.0,0.00042516518515206477,4.640216623863941e-05,0.0,0.06748886012225648,0.1216515809303649,0.06748886012225648,0.2731253028880596,0.2731253028880595,0.0,0.0,0.0
0.0,True,margin_far,Gate,0.088176598911301,0.0055155244557291705,104.795,1.6525,17.0125,1.128525,41.95,62.845,0.0,0.004218229166666667,0.0,0.0004587953840049181,7.15859735212948e-05,0.512837638643092,0.0645350393449802,0.10745802642710793,0.06493981355377063,0.35589380579395613,0.4144506736660657,0.0,5.474838228993631e-05,0.0
0.0,True,margin_far,RiseCooldown,0.088176598911301,0.0055155244557291705,104.795,8.2425,17.0125,7.718525,38.315,66.48,7.06,0.004218229166666667,0.0,0.0004587953840049181,7.15859735212948e-05,0.512837638643092,0.12070899315116886,0.10745802642710793,0.12121973124886729,0.3401708806911248,0.408124262368503,0.3023566583890298,5.474838228993631e-05,0.0
0.0,True,margin_far,Top2,0.088176598911301,0.0055155244557291705,240.0,1.6525,17.0125,0.4525,41.955,198.045,0.0,0.004218229166666667,0.0,0.0004587953840049181,7.15859735212948e-05,0.0,0.0645350393449802,0.10745802642710793,0.06453503934498017,0.355842658338955,0.3558426583389549,0.0,5.474838228993631e-05,0.0
0.0,True,margin_near,Gate,0.0881059281497767,0.004964918056441504,104.7175,1.6775,17.0125,1.1539125,41.92,62.7975,57.5525,0.004218229166666667,245.675,0.00046162774308076623,6.44367678130226e-05,0.5116382203729174,0.062196506240070906,0.10745802642710793,0.06277552810955042,0.33018032591153523,0.40212933788268285,0.818232467151452,5.474838228993631e-05,3.196202859534771
0.0,True,margin_near,RiseCooldown,0.0881059281497767,0.004964918056441504,104.405,7.005,17.0125,6.482975,37.8275,66.5775,98.03,0.004218229166666667,245.675,0.00046162774308076623,6.44367678130226e-05,0.5113032515421684,0.11216679980031352,0.10745802642710793,0.11257387465159349,0.329721321344819,0.43699243740696136,0.7777193378212042,5.474838228993631e-05,3.196202859534771
0.0,True,margin_near,Top2,0.0881059281497767,0.004964918056441504,240.0,1.6775,17.0125,0.4775,41.935,198.065,57.595,0.004218229166666667,0.0,0.00046162774308076623,6.44367678130226e-05,0.0,0.062196506240070906,0.10745802642710793,0.06219650624007089,0.33068158896921973,0.3306815889692198,0.8228960031985819,5.474838228993631e-05,0.0
0.0,True,oracle,Gate,0.0879171364116357,0.0,104.795,1.6525,17.0125,1.128525,41.95,62.845,0.0,0.0,0.0,0.00045791585396985635,0.0,0.512837638643092,0.0645350393449802,0.10745802642710793,0.06493981355377063,0.35589380579395613,0.4144506736660657,0.0,0.0,0.0
0.0,True,oracle,RiseCooldown,0.0879171364116357,0.0,104.795,8.2425,17.0125,7.718525,38.155,66.64,0.0,0.0,0.0,0.00045791585396985635,0.0,0.512837638643092,0.12070899315116886,0.10745802642710793,0.12121973124886729,0.33713734809228235,0.41177955997722576,0.0,0.0,0.0
0.0,True,oracle,Top2,0.0879171364116357,0.0,240.0,1.6525,17.0125,0.4525,41.955,198.045,0.0,0.0,0.0,0.00045791585396985635,0.0,0.0,0.0645350393449802,0.10745802642710793,0.06453503934498017,0.355842658338955,0.3558426583389549,0.0,0.0,0.0
0.0,True,wrong_dependence,Gate,0.08811371458650014,0.0092637993370791,104.795,1.6525,17.0125,1.128525,41.95,62.845,0.0,0.0,531.09,0.00046275985402218146,4.642664794716061e-05,0.512837638643092,0.0645350393449802,0.10745802642710793,0.06493981355377063,0.35589380579395613,0.4144506736660657,0.0,0.0,3.413907829257648
0.0,True,wrong_dependence,RiseCooldown,0.08811371458650014,0.0092637993370791,66.86,4.7475,17.0125,4.4132,27.66,39.2,117.76,0.0,531.09,0.00046275985402218146,4.642664794716061e-05,0.3775013485676918,0.09985884461137028,0.10745802642710793,0.09958458527332505,0.2846947976685714,0.26761267039021785,0.7212013091507824,0.0,3.413907829257648
0.0,True,wrong_dependence,Top2,0.08811371458650014,0.0092637993370791,240.0,1.6525,17.0125,0.4525,41.955,198.045,0.0,0.0,0.0,0.00046275985402218146,4.642664794716061e-05,0.0,0.0645350393449802,0.10745802642710793,0.06453503934498017,0.355842658338955,0.3558426583389549,0.0,0.0,0.0
0.65,False,margin_far,Gate,0.05338176030482287,0.002212789847581038,64.375,0.86,7.82,0.538125,23.3925,40.9825,1.185,0.0016923958333333335,0.0,0.0008248390436620798,8.513741207965846e-05,0.9864106408494147,0.04670603423632981,0.09548189346650951,0.04615492963662608,0.44297197405648453,0.7027821435039951,0.34352505171076275,6.511803653426953e-05,0.0
0.65,False,margin_far,RiseCooldown,0.05338176030482287,0.002212789847581038,64.375,3.4,7.82,3.078125,21.7575,42.6175,16.095,0.0016923958333333335,0.0,0.0008248390436620798,8.513741207965846e-05,0.9864106408494147,0.076170893473369,0.09548189346650951,0.07517741312754031,0.41213939581038284,0.7135129544833354,0.8197147480498481,6.511803653426953e-05,0.0
0.65,False,margin_far,Top2,0.05338176030482287,0.002212789847581038,240.0,0.8725,7.82,-0.3274999999999999,23.41,216.59,1.185,0.0016923958333333335,0.0,0.0008248390436620798,8.513741207965846e-05,0.0,0.04712920836065206,0.09548189346650951,0.047129208360652056,0.44262800281069026,0.44262800281069026,0.34352505171076275,6.511803653426953e-05,0.0
0.65,False,margin_near,Gate,0.053376769965734025,0.00297550498451802,57.3925,0.77,7.82,0.4830375,21.5725,35.82,27.9025,0.0016923958333333335,147.485,0.0008244839422571692,0.00014362719679158142,1.3697624730062283,0.0466174104535364,0.09548189346650951,0.04479241555735785,0.5426883414676531,0.9430627861104297,0.9759809585507467,6.511803653426953e-05,7.11567945968144
0.65,False,margin_near,RiseCooldown,0.053376769965734025,0.00297550498451802,57.2375,2.6825,7.82,2.3963125,19.64,37.5975,45.5475,0.0016923958333333335,147.485,0.0008244839422571692,0.00014362719679158142,1.366825066084974,0.07949864439820899,0.09548189346650951,0.07608776903090028,0.5066485288931314,0.9592388034687718,1.1706335107180386,6.511803653426953e-05,7.11567945968144
0.65,False,margin_near,Top2,0.053376769965734025,0.00297550498451802,240.0,0.905,7.82,-0.295,23.5,216.5,21.01,0.0016923958333333335,0.0,0.0008244839422571692,0.00014362719679158142,0.0,0.04672145906157155,0.09548189346650951,0.04672145906157154,0.45102223075096753,0.45102223075096715,0.8972247659877397,6.511803653426953e-05,0.0
0.65,False,oracle,Gate,0.0532686431986006,0.0,64.375,0.86,7.82,0.538125,23.425,40.95,0.0,0.0,0.0,0.0008233137279432406,0.0,0.9864106408494147,0.04670603423632981,0.09548189346650951,0.04615492963662608,0.44471098158563294,0.7053812137005094,0.0,0.0,0.0
0.65,False,oracle,RiseCooldown,0.0532686431986006,0.0,64.375,3.405,7.82,3.083125,21.535,42.84,0.0,0.0,0.0,0.0008233137279432406,0.0,0.9864106408494147,0.07626912841952953,0.09548189346650951,0.07528974082583595,0.40127857997514316,0.716349349812955,0.0,0.0,0.0
0.65,False,oracle,Top2,0.0532686431986006,0.0,240.0,0.8725,7.82,-0.3274999999999999,23.4425,216.5575,0.0,0.0,0.0,0.0008233137279432406,0.0,0.0,0.04712920836065206,0.09548189346650951,0.047129208360652056,0.44440744742106675,0.44440744742106686,0.0,0.0,0.0
0.65,False,wrong_dependence,Gate,0.053403446509589336,0.005953081710637499,64.375,0.86,7.82,0.538125,23.425,40.95,0.0,0.0,366.03,0.0008270115315658754,9.35392822850771e-05,0.9864106408494147,0.04670603423632981,0.09548189346650951,0.04615492963662608,0.44471098158563294,0.7053812137005094,0.0,0.0,6.6719250753082004
0.65,False,wrong_dependence,RiseCooldown,0.053403446509589336,0.005953081710637499,38.23,1.685,7.82,1.49385,14.525,23.705,91.985,0.0,366.03,0.0008270115315658754,9.35392822850771e-05,0.6198615335718171,0.05796842542164367,0.09548189346650951,0.05698366686581062,0.34156273252599806,0.3822436566283101,1.4799324097212545,0.0,6.6719250753082004
0.65,False,wrong_dependence,Top2,0.053403446509589336,0.005953081710637499,240.0,0.8725,7.82,-0.3274999999999999,23.4425,216.5575,0.0,0.0,0.0,0.0008270115315658754,9.35392822850771e-05,0.0,0.04712920836065206,0.09548189346650951,0.047129208360652056,0.44440744742106675,0.44440744742106686,0.0,0.0,0.0
0.65,True,margin_far,Gate,0.08896377838875769,0.0053554574112330625,105.695,0.94,9.2225,0.411525,42.195,63.5,2.165,0.004095729166666668,0.0,0.0009940248202258517,0.0001352373658861066,1.181389707761165,0.0485736399319693,0.08931644834442397,0.048498893467856734,0.5758005759446106,0.8438707214296602,0.510694585735691,0.0001034249700160421,0.0
0.65,True,margin_far,RiseCooldown,0.08896377838875769,0.0053554574112330625,105.695,4.3825,9.2225,3.8540249999999996,39.0225,66.6725,39.405,0.004095729166666668,0.0,0.0009940248202258517,0.0001352373658861066,1.181389707761165,0.08922099157903289,0.08931644834442397,0.08993312816917486,0.5387653986308927,0.8728288405163364,1.285328795593545,0.0001034249700160421,0.0
0.65,True,margin_far,Top2,0.08896377838875769,0.0053554574112330625,240.0,0.9525,9.2225,-0.24749999999999997,42.2125,197.7875,2.165,0.004095729166666668,0.0,0.0009940248202258517,0.0001352373658861066,0.0,0.04854380111369953,0.08931644834442397,0.048543801113699526,0.5756272458722538,0.5756272458722534,0.510694585735691,0.0001034249700160421,0.0
0.65,True,margin_near,Gate,0.08891166522657501,0.004843876188491861,102.11,0.9325,9.2225,0.42195,41.28,60.83,52.62,0.004095729166666668,239.5625,0.0009945173755430245,0.0001216382128072988,1.3491739791684254,0.04770270690028013,0.08931644834442397,0.04717659187353409,0.5634693819196408,1.0312548017659908,1.3342186284005062,0.0001034249700160421,6.0267191400760005
0.65,True,margin_near,RiseCooldown,0.08891166522657501,0.004843876188491861,101.2525,3.72,9.2225,3.2137374999999997,37.935,63.3175,83.6175,0.004095729166666668,239.5625,0.0009945173755430245,0.0001216382128072988,1.3479156319116858,0.07926036533971101,0.08931644834442397,0.07976377001183324,0.5057210911709511,1.0485778574731381,1.5803668507128588,0.0001034249700160421,6.0267191400760005
0.65,True,margin_near,Top2,0.08891166522657501,0.004843876188491861,240.0,1.0025,9.2225,-0.19749999999999995,42.255,197.745,49.985,0.004095729166666668,0.0,0.0009945173755430245,0.0001216382128072988,0.0,0.04782208437935307,0.08931644834442397,0.04782208437935307,0.5787484877129917,0.5787484877129916,1.4848523170702106,0.0001034249700160421,0.0
0.65,True,oracle,Gate,0.08872477284884646,0.0,105.695,0.94,9.2225,0.411525,42.1925,63.5025,0.0,0.0,0.0,0.0009918756398351089,0.0,1.181389707761165,0.04857363993196929,0.08931644834442397,0.048518268382688974,0.575579567889993,0.8442715620885132,0.0,0.0,0.0
0.65,True,oracle,RiseCooldown,0.08872477284884646,0.0,105.695,4.41,9.2225,3.881525,38.7575,66.9375,0.0,0.0,0.0,0.0009918756398351089,0.0,1.181389707761165,0.08923091049894748,0.08931644834442397,0.08997871405724794,0.5285784922138601,0.8699719030838805,0.0,0.0,0.0
0.65,True,oracle,Top2,0.08872477284884646,0.0,240.0,0.9525,9.2225,-0.24749999999999997,42.21,197.79,0.0,0.0,0.0,0.0009918756398351089,0.0,0.0,0.04854380111369953,0.08931644834442397,0.04854380111369953,0.5754063618026894,0.5754063618026891,0.0,0.0,0.0
0.65,True,wrong_dependence,Gate,0.08893401409387812,0.009360457232186101,105.695,0.94,9.2225,0.411525,42.1925,63.5025,0.0,0.0,538.58,0.0009955203394749926,0.00011114837449989678,1.181389707761165,0.04857363993196929,0.08931644834442397,0.048518268382688974,0.575579567889993,0.8442715620885132,0.0,0.0,8.214444701523405
0.65,True,wrong_dependence,RiseCooldown,0.08893401409387812,0.009360457232186101,67.225,2.525,9.2225,2.188875,27.7475,39.4775,148.78,0.0,538.58,0.0009955203394749926,0.00011114837449989678,0.7984232189706651,0.07175520555199827,0.08931644834442397,0.0714584042101989,0.4637045548195542,0.4772768771044184,1.8133773306618781,0.0,8.214444701523405
0.65,True,wrong_dependence,Top2,0.08893401409387812,0.009360457232186101,240.0,0.9525,9.2225,-0.24749999999999997,42.21,197.79,0.0,0.0,0.0,0.0009955203394749926,0.00011114837449989678,0.0,0.04854380111369953,0.08931644834442397,0.04854380111369953,0.5754063618026894,0.5754063618026891,0.0,0.0,0.0
0.9,False,margin_far,Gate,0.05048803231731301,0.0018343406414921863,60.665,0.2725,2.6175,-0.030825000000000005,22.6475,38.0175,3.875,0.0011491666666666668,0.0,0.0016112453603802502,0.00014300761966325588,1.9266549862625175,0.026407437529836757,0.06500807256600419,0.02690524864127113,0.866558086146951,1.29187473665717,0.6390672538060592,9.167826215868536e-05,0.0
0.9,False,margin_far,RiseCooldown,0.05048803231731301,0.0018343406414921863,60.665,1.0575,2.6175,0.754175,21.035,39.63,21.815,0.0011491666666666668,0.0,0.0016112453603802502,0.00014300761966325588,1.9266549862625175,0.04799733049176632,0.06500807256600419,0.04640330230273484,0.786785877824367,1.3202852467675616,1.8263428643454014,9.167826215868536e-05,0.0
0.9,False,margin_far,Top2,0.05048803231731301,0.0018343406414921863,240.0,0.2775,2.6175,-0.9225,22.6525,217.3475,3.875,0.0011491666666666668,0.0,0.0016112453603802502,0.00014300761966325588,0.0,0.0265139935625811,0.06500807256600419,0.0265139935625811,0.866541455795122,0.8665414557951225,0.6390672538060592,9.167826215868536e-05,0.0
0.9,False,margin_near,Gate,0.05063695443933898,0.006009603774331612,30.2975,0.12,2.6175,-0.0314875,14.4475,15.85,39.5625,0.0011491666666666668,297.6975,0.0016138973279656538,0.00028679206165421495,2.04364286870579,0.019102677317636766,0.06500807256600419,0.017971527874522435,0.9624168665070988,1.2317006398331591,1.6642722854073289,9.167826215868536e-05,14.197246458446793
0.9,False,margin_near,RiseCooldown,0.05063695443933898,0.006009603774331612,30.18,0.5925,2.6175,0.4416,12.9475,17.2325,46.975,0.0011491666666666668,297.6975,0.0016138973279656538,0.00028679206165421495,2.0368827231998834,0.04325258767810467,0.06500807256600419,0.0372847351968167,0.85991889771747,1.2874061697809185,1.8236468015056002,9.167826215868536e-05,14.197246458446793
0.9,False,margin_near,Top2,0.05063695443933898,0.006009603774331612,240.0,0.2825,2.6175,-0.9175,22.685,217.315,9.385,0.0011491666666666668,0.0,0.0016138973279656538,0.00028679206165421495,0.0,0.027084465948941084,0.06500807256600419,0.027084465948941077,0.8727075590994232,0.8727075590994231,0.9522585933303137,9.167826215868536e-05,0.0
0.9,False,oracle,Gate,0.05039898661292967,0.0,60.665,0.275,2.6175,-0.028325000000000003,22.6825,37.9825,0.0,0.0,0.0,0.0016076575321666946,0.0,1.9266549862625175,0.026461065169883325,0.06500807256600419,0.026886512833917704,0.8723426440318571,1.290069254372685,0.0,0.0,0.0
0.9,False,oracle,RiseCooldown,0.05039898661292967,0.0,60.665,1.0775,2.6175,0.7741750000000001,20.9425,39.7225,0.0,0.0,0.0,0.0016076575321666946,0.0,1.9266549862625175,0.04857605849229243,0.06500807256600419,0.04680483446997656,0.7782993376732091,1.3278069938463453,0.0,0.0,0.0
0.9,False,oracle,Top2,0.05039898661292967,0.0,240.0,0.28,2.6175,-0.92,22.6875,217.3125,0.0,0.0,0.0,0.0016076575321666946,0.0,0.0,0.026566226887301286,0.06500807256600419,0.02656622688730128,0.8723256211692805,0.8723256211692807,0.0,0.0,0.0
0.9,False,wrong_dependence,Gate,0.05052408033294405,0.0055565634505242,60.665,0.275,2.6175,-0.028325000000000003,22.6825,37.9825,0.0,0.0,335.475,0.001612061444091238,0.0001793304702132484,1.9266549862625175,0.026461065169883325,0.06500807256600419,0.026886512833917704,0.8723426440318571,1.290069254372685,0.0,0.0,12.633116203059322
0.9,False,wrong_dependence,RiseCooldown,0.05052408033294405,0.0055565634505242,36.7025,0.55,2.6175,0.3664875,14.34,22.3625,93.8075,0.0,335.475,0.001612061444091238,0.0001793304702132484,1.2608516373879035,0.037211715620871624,0.06500807256600419,0.03501777117199223,0.648391880019474,0.7263499121375012,3.0436199936983095,0.0,12.633116203059322
0.9,False,wrong_dependence,Top2,0.05052408033294405,0.0055565634505242,240.0,0.28,2.6175,-0.92,22.6875,217.3125,0.0,0.0,0.0,0.001612061444091238,0.0001793304702132484,0.0,0.026566226887301286,0.06500807256600419,0.02656622688730128,0.8723256211692805,0.8723256211692807,0.0,0.0,0.0
0.9,True,margin_far,Gate,0.08976587679492003,0.004469744001872658,106.72,0.3525,3.3825,-0.18109999999999998,42.195,64.525,8.52,0.003395729166666667,0.0,0.0019552071157935788,0.0002069586137500681,2.281538416038539,0.028241872874486325,0.06481502018903691,0.030012770464877835,1.1597975095497899,1.4681492065630892,1.1696770327326493,0.000158922596947319,0.0
0.9,True,margin_far,RiseCooldown,0.08976587679492003,0.004469744001872658,106.72,1.485,3.3825,0.9514,39.14,67.58,50.995,0.003395729166666667,0.0,0.0019552071157935788,0.0002069586137500681,2.281538416038539,0.0549498518245395,0.06481502018903691,0.05539199656275282,1.0343237229754396,1.4893301382338398,2.707346348016873,0.000158922596947319,0.0
0.9,True,margin_far,Top2,0.08976587679492003,0.004469744001872658,240.0,0.3575,3.3825,-0.8425,42.2025,197.7975,8.52,0.003395729166666667,0.0,0.0019552071157935788,0.0002069586137500681,0.0,0.028306138356753628,0.06481502018903691,0.028306138356753635,1.1595700674077742,1.1595700674077745,1.1696770327326493,0.000158922596947319,0.0
0.9,True,margin_near,Gate,0.0898771506876041,0.0072138443194382715,80.4175,0.2375,3.3825,-0.16458750000000003,35.4175,45.0,58.2075,0.003395729166666667,357.6675,0.0019549294207698966,0.00030385839470696465,2.8784386404598292,0.023804432413024816,0.06481502018903691,0.023744529370930738,1.2939692327537329,1.8665905820512723,1.925842876857002,0.000158922596947319,15.05603875915468
0.9,True,margin_near,RiseCooldown,0.0898771506876041,0.0072138443194382715,79.885,1.075,3.3825,0.675575,32.2625,47.6225,77.995,0.003395729166666667,357.6675,0.0019549294207698966,0.00030385839470696465,2.865975221880169,0.05332021298515183,0.06481502018903691,0.04911042093638449,1.1722443757879226,1.9039070722396905,2.287458985211005,0.000158922596947319,15.05603875915468
0.9,True,margin_near,Top2,0.0898771506876041,0.0072138443194382715,240.0,0.3675,3.3825,-0.8325,42.3675,197.6325,32.7,0.003395729166666667,0.0,0.0019549294207698966,0.00030385839470696465,0.0,0.028206353378757033,0.06481502018903691,0.028206353378757036,1.1665744078272484,1.166574407827247,1.8749436081745459,0.000158922596947319,0.0
0.9,True,oracle,Gate,0.08956262066928598,0.0,106.72,0.3475,3.3825,-0.1861,42.2575,64.4625,0.0,0.0,0.0,0.001949695385052029,0.0,2.281538416038539,0.028175237087953782,0.06481502018903691,0.030000826638569372,1.1635452626867606,1.4672306904924004,0.0,0.0,0.0
0.9,True,oracle,RiseCooldown,0.08956262066928598,0.0,106.72,1.5075,3.3825,0.9739,39.17,67.55,0.0,0.0,0.0,0.001949695385052029,0.0,2.281538416038539,0.054610577390348726,0.06481502018903691,0.05504092325790607,1.0474651345128623,1.4946206801204138,0.0,0.0,0.0
0.9,True,oracle,Top2,0.08956262066928598,0.0,240.0,0.3525,3.3825,-0.8475,42.265,197.735,0.0,0.0,0.0,0.001949695385052029,0.0,0.0,0.02824187287448633,0.06481502018903691,0.02824187287448633,1.1633175433934269,1.1633175433934269,0.0,0.0,0.0
0.9,True,wrong_dependence,Gate,0.08977145484167942,0.009448918842353101,106.72,0.3475,3.3825,-0.1861,42.2575,64.4625,0.0,0.0,543.515,0.001955010591472261,0.0002032294373457317,2.281538416038539,0.028175237087953782,0.06481502018903691,0.030000826638569372,1.1635452626867606,1.4672306904924004,0.0,0.0,14.15061081379559
0.9,True,wrong_dependence,RiseCooldown,0.08977145484167942,0.009448918842353101,67.8975,0.87,3.3825,0.5305124999999999,27.84,40.0575,166.5075,0.0,543.515,0.001955010591472261,0.0002032294373457317,1.6488524100264779,0.04286424335499218,0.06481502018903691,0.04162887784683055,0.9119155525252015,0.8765808401386865,3.715631123509163,0.0,14.15061081379559
0.9,True,wrong_dependence,Top2,0.08977145484167942,0.009448918842353101,240.0,0.3525,3.3825,-0.8475,42.265,197.735,0.0,0.0,0.0,0.001955010591472261,0.0002032294373457317,0.0,0.02824187287448633,0.06481502018903691,0.02824187287448633,1.1633175433934269,1.1633175433934269,0.0,0.0,0.0
