q,margin,zone,season,hours,quantile_0.01,quantile_0.05,quantile_0.1,quantile_0.25,quantile_0.5,quantile_0.75,quantile_0.9,quantile_0.95,quantile_0.99,fraction_below_050,fraction_below_090,fraction_above_099
q90,0,DE_LU,all,17400,0.0697869397372014,0.31143479977090077,0.5279174642476682,0.8695349600655808,0.9938412003317822,0.9999553719399308,0.9999999513541784,0.999999999867425,0.9999999999999997,0.09241379310344827,0.27764367816091956,0.532816091954023
q90,0,DE_LU,cool,8616,0.073368495707364,0.31930325852106517,0.5259648357706943,0.8582579820149533,0.9919008011402897,0.9999299781136766,0.9999999118879763,0.9999999998721749,1.0,0.09308263695450325,0.2891132776230269,0.5141597028783659
q90,0,DE_LU,warm,8784,0.06832886899670346,0.2995568328043226,0.5287151285451585,0.8807132672647461,0.9954056151763382,0.9999731885489758,0.9999999677203392,0.9999999998645894,0.9999999999999982,0.09175774134790528,0.26639344262295084,0.551115664845173
q90,0,FR,all,17400,0.010042383970352365,0.1498850422376282,0.3485856720867184,0.7397905157733643,0.9737715184759148,0.9996648145448026,0.9999988828600699,0.9999999892854375,0.9999999999999879,0.147183908045977,0.37189655172413794,0.4285632183908046
q90,0,FR,cool,8616,0.0400643285367028,0.3537805686654705,0.5657295378133897,0.8705668833917644,0.9905062391345667,0.9999267527974238,0.9999998752666415,0.9999999990979203,1.0,0.08240482822655525,0.28075673166202414,0.5039461467038069
q90,0,FR,warm,8784,0.0042751634608665726,0.07299128960681503,0.20812133876919306,0.5786614714191871,0.930711835018097,0.9985055526068797,0.9999878962552193,0.9999996974090213,0.9999999999966047,0.210724043715847,0.4612932604735883,0.35462204007285975
q90,0,BE,all,17400,0.038038127029118636,0.23819239362030678,0.43793962368241185,0.7886615762709426,0.9772660511098659,0.9996748866130698,0.9999994910431486,0.999999997064107,0.9999999999999988,0.11867816091954023,0.3522413793103448,0.43454022988505747
q90,0,BE,cool,8616,0.04999856121641134,0.22575218980315326,0.4013026491766264,0.7468016186902431,0.9596232443420165,0.9993943724736118,0.9999994119806943,0.9999999976928011,0.9999999999999999,0.13440111420612813,0.3980965645311049,0.38474930362116994
q90,0,BE,warm,8784,0.02487117752784594,0.26470693372930704,0.48996003847552166,0.834736150006315,0.9876130723474448,0.9998090891336361,0.9999995723889264,0.9999999966343319,0.9999999999999719,0.10325591985428051,0.3072632058287796,0.48337887067395263
q90,1,DE_LU,all,17400,0.06847092913770791,0.3079830150221267,0.5202134325385471,0.8630289290047869,0.9923780671721996,0.9999325806695011,0.9999999129529317,0.9999999996864926,0.9999999999999994,0.0939655172413793,0.2853448275862069,0.5208045977011494
q90,1,DE_LU,cool,8616,0.0662524689640338,0.300449118614896,0.5006978784552969,0.8394593771518446,0.9884525154517164,0.9998695892642468,0.9999997925204733,0.9999999997153985,1.0,0.09981429897864438,0.30768337975858867,0.48920612813370473
q90,1,DE_LU,warm,8784,0.07412099328531199,0.3151202694383065,0.54365685066874,0.8862735402507975,0.99520238685373,0.9999663622131332,0.9999999521121365,0.9999999996684973,0.999999999999995,0.08822859744990892,0.26343351548269583,0.5517987249544627
q90,1,FR,all,17400,0.011179040219055282,0.15515978702855523,0.3460515185162915,0.7280176778482648,0.9679638433363309,0.9993524733758978,0.9999962267409517,0.9999999572460179,0.9999999999996567,0.14798850574712644,0.3853448275862069,0.40477011494252874
q90,1,FR,cool,8616,0.049298638236541,0.3547074449972061,0.5679875265539853,0.8687776179363971,0.9893828679983874,0.9998799355478551,0.9999997257702367,0.9999999978175979,1.0,0.08182451253481894,0.2822655524605385,0.4952414113277623
q90,1,FR,warm,8784,0.004629263587809879,0.07521672284047135,0.20829931393733536,0.5709949777664957,0.9114706090096591,0.996604193706686,0.9999449053476348,0.99999728375193,0.9999999996790899,0.2128870673952641,0.48645264116575593,0.31602914389799636
q90,1,BE,all,17400,0.052744560257599916,0.27714896142241263,0.47240109341004827,0.7856183143063575,0.9720101690380829,0.9995100078908864,0.9999990937054445,0.9999999965720268,0.9999999999999986,0.10787356321839081,0.36379310344827587,0.4148275862068965
q90,1,BE,cool,8616,0.0709750292173342,0.2637429244996662,0.43903949226987765,0.7435935685890285,0.9510417110201931,0.9991887196085774,0.9999993888663061,0.9999999992277774,1.0,0.1217502321262767,0.41469359331476324,0.3672237697307335
q90,1,BE,warm,8784,0.034386530542065696,0.29748915679444404,0.5209294655635133,0.8319894522812443,0.9844179631694507,0.9996328230580692,0.9999987285653882,0.9999999862505248,0.9999999999996575,0.0942622950819672,0.31386612021857924,0.4615209471766849
q95,0,DE_LU,all,17400,0.2267008006452575,0.5639986998097636,0.7623023523327255,0.9572549150385155,0.9989641491717389,0.9999969349485531,0.9999999988499996,0.9999999999986168,1.0,0.04005747126436782,0.17994252873563218,0.6448275862068965
q95,0,DE_LU,cool,8616,0.25574664213407683,0.5930960978792577,0.7694224410265835,0.9550189448028585,0.9985936957643893,0.9999946114838323,0.9999999972397509,0.9999999999982871,1.0,0.03655988857938719,0.17734447539461468,0.6332404828226555
q95,0,DE_LU,warm,8784,0.20660549674432557,0.5323069672922713,0.7491284610803544,0.9607916275110466,0.999263449718315,0.9999982619603591,0.999999999309018,0.9999999999987236,1.0,0.04348816029143898,0.18249089253187614,0.6561930783242259
q95,0,FR,all,17400,0.04230809553236683,0.30322707187625475,0.545265615281164,0.8806474488428184,0.9936609460621538,0.9999635442504693,0.9999999565059956,0.9999999997912631,1.0,0.08729885057471265,0.2696551724137931,0.5320114942528735
q95,0,FR,cool,8616,0.1669803959880163,0.5935567239591356,0.7923014464725717,0.9572633587128213,0.9983400217743431,0.9999931977877836,0.9999999958209618,0.9999999999834974,1.0,0.03574744661095636,0.16701485608170846,0.6261606313834726
q95,0,FR,warm,8784,0.022453240076752333,0.17200870736496887,0.37429510140695643,0.7439491921605735,0.9767860033386058,0.9997786999023637,0.9999992710247914,0.9999999948573489,0.999999999999977,0.13786429872495445,0.37033242258652094,0.4396630236794171
q95,0,BE,all,17400,0.13681222743038504,0.44923694203525116,0.6489124266296328,0.9066390986545245,0.9943359446097135,0.9999675023630155,0.9999999865069226,0.9999999999703696,1.0,0.061091954022988504,0.24229885057471265,0.54
q95,0,BE,cool,8616,0.15708501452493423,0.43261371391738956,0.6215866200085698,0.8810154912566502,0.98723271922123,0.9999058475681286,0.9999999657500944,0.9999999999321539,1.0,0.06499535747446611,0.2747214484679666,0.47968895078922935
q95,0,BE,warm,8784,0.10726378375924973,0.46674391081359445,0.682029857122929,0.9317326084676648,0.997619490741984,0.9999891370436332,0.9999999935807405,0.9999999999828452,1.0,0.0572632058287796,0.21049635701275046,0.5991575591985429
q95,1,DE_LU,all,17400,0.22643970274101352,0.5530206824065528,0.7489672953085923,0.9536032126101521,0.9985867351493699,0.9999947756520274,0.9999999975309064,0.9999999999963514,1.0,0.04132183908045977,0.1853448275862069,0.6321264367816092
q95,1,DE_LU,cool,8616,0.23227977719256582,0.5589685055086977,0.7447122214804696,0.9443281795550016,0.9977349705127818,0.9999887835841232,0.9999999931662881,0.9999999999953555,1.0,0.04073816155988858,0.19370937790157847,0.6082869080779945
q95,1,DE_LU,warm,8784,0.2153363381930586,0.5453212366644241,0.7554710983876011,0.9618524628199867,0.9992362126443866,0.9999976400401446,0.9999999989907726,0.9999999999973213,1.0,0.04189435336976321,0.17714025500910746,0.6555100182149363
q95,1,FR,all,17400,0.046881723672984,0.30249233445322743,0.5349878743615898,0.8693403207853465,0.9912858008163115,0.9999156672597926,0.9999998147460114,0.9999999987560181,1.0,0.0896551724137931,0.27954022988505745,0.5099425287356322
q95,1,FR,cool,8616,0.1751657285616187,0.5854453370763683,0.7887232053782367,0.9562616457997755,0.9981106692940398,0.9999872928702542,0.999999988339183,0.9999999999588505,1.0,0.03725626740947075,0.1674791086350975,0.6202414113277623
q95,1,FR,warm,8784,0.02408889210859294,0.17530367838274835,0.37351783466841404,0.733077148426432,0.9643584583201958,0.9993604876675115,0.9999957602063522,0.9999999022480551,0.9999999999958797,0.14105191256830601,0.38945810564663025,0.4017531876138434
q95,1,BE,all,17400,0.16662609987067953,0.47943009214536964,0.6684738773631801,0.8994261995661006,0.9923431803381247,0.9999486013841044,0.9999999725826717,0.9999999999519439,1.0,0.054310344827586204,0.2509770114942529,0.5193103448275862
q95,1,BE,cool,8616,0.18574023585859598,0.46777050347323135,0.6435838115112791,0.8686920550389292,0.9831664790824294,0.999859232179753,0.9999999697029276,0.9999999999819044,1.0,0.05814763231197772,0.2913184772516249,0.4558960074280409
q95,1,BE,warm,8784,0.1309868242392052,0.49798781558544897,0.7017538435116744,0.9300162452215047,0.996742598925892,0.9999732989102277,0.9999999750285297,0.9999999999025553,1.0,0.050546448087431695,0.2114071038251366,0.581511839708561
