year,q,cell,zone,hours,days,observed_exceedance,predicted_exceedance,signed_mean_residual
2022,q90,cool_higher_wind,DE_LU,2289,133,0.005679335954565312,0.00838424659540288,-0.0027049106408375692
2022,q90,cool_higher_wind,FR,2289,133,0.0327653997378768,0.04042828896081129,-0.007662889222934494
2022,q90,cool_higher_wind,BE,2289,133,0.021843599825251202,0.023736013201877352,-0.001892413376626147
2022,q90,cool_low_wind_cold,DE_LU,617,50,0.1280388978930308,0.18762722732897788,-0.0595883294359471
2022,q90,cool_low_wind_cold,FR,617,50,0.17504051863857376,0.14065538385394324,0.03438513478463048
2022,q90,cool_low_wind_cold,BE,617,50,0.21231766612641814,0.18022482851831975,0.03209283760809841
2022,q90,cool_low_wind_other,DE_LU,1390,109,0.1251798561151079,0.08444612531145629,0.04073373080365162
2022,q90,cool_low_wind_other,FR,1390,109,0.0460431654676259,0.06151234420113912,-0.015469178733513219
2022,q90,cool_low_wind_other,BE,1390,109,0.1158273381294964,0.1352960443243778,-0.01946870619488141
2022,q90,warm_higher_wind,DE_LU,2035,148,0.0063882063882063885,0.015142919467926442,-0.008754713079720053
2022,q90,warm_higher_wind,FR,2035,148,0.07125307125307126,0.0780921954596751,-0.006839124206603854
2022,q90,warm_higher_wind,BE,2035,148,0.03095823095823096,0.05581800094695857,-0.024859769988727607
2022,q90,warm_low_wind_cold,DE_LU,407,50,0.085995085995086,0.1974336098967519,-0.1114385239016659
2022,q90,warm_low_wind_cold,FR,407,50,0.08108108108108109,0.21691898333741014,-0.13583790225632905
2022,q90,warm_low_wind_cold,BE,407,50,0.08845208845208845,0.2336007434901737,-0.14514865503808522
2022,q90,warm_low_wind_other,DE_LU,1950,149,0.0071794871794871795,0.05694343628055161,-0.04976394910106443
2022,q90,warm_low_wind_other,FR,1950,149,0.12051282051282051,0.19750874527581447,-0.07699592476299398
2022,q90,warm_low_wind_other,BE,1950,149,0.06256410256410257,0.12389963608145631,-0.06133553351735374
2022,q95,cool_higher_wind,DE_LU,2289,133,0.00436871996505024,0.003419141811730191,0.0009495781533200491
2022,q95,cool_higher_wind,FR,2289,133,0.010048055919615552,0.022058524237652283,-0.012010468318036727
2022,q95,cool_higher_wind,BE,2289,133,0.005242463958060288,0.011252739590583417,-0.0060102756325231274
2022,q95,cool_low_wind_cold,DE_LU,617,50,0.017828200972447326,0.10841873979255907,-0.09059053882011175
2022,q95,cool_low_wind_cold,FR,617,50,0.09724473257698542,0.07949605514925664,0.017748677427728777
2022,q95,cool_low_wind_cold,BE,617,50,0.1085899513776337,0.10691211012799041,0.0016778412496432859
2022,q95,cool_low_wind_other,DE_LU,1390,109,0.051798561151079135,0.0414256436364633,0.010372917514615835
2022,q95,cool_low_wind_other,FR,1390,109,0.022302158273381296,0.03497529885067413,-0.012673140577292838
2022,q95,cool_low_wind_other,BE,1390,109,0.05971223021582734,0.07735463420376604,-0.0176424039879387
2022,q95,warm_higher_wind,DE_LU,2035,148,0.0,0.007466771321856997,-0.007466771321856997
2022,q95,warm_higher_wind,FR,2035,148,0.046191646191646195,0.05579370176049286,-0.009602055568846662
2022,q95,warm_higher_wind,BE,2035,148,0.016707616707616706,0.03672314383587878,-0.020015527128262073
2022,q95,warm_low_wind_cold,DE_LU,407,50,0.022113022113022112,0.13618977540114416,-0.11407675328812204
2022,q95,warm_low_wind_cold,FR,407,50,0.05896805896805897,0.16440062838956193,-0.10543256942150298
2022,q95,warm_low_wind_cold,BE,407,50,0.02457002457002457,0.1635521346341998,-0.1389821100641752
2022,q95,warm_low_wind_other,DE_LU,1950,149,0.0005128205128205128,0.034441699642328204,-0.03392887912950769
2022,q95,warm_low_wind_other,FR,1950,149,0.08461538461538462,0.15908447746014376,-0.07446909284475914
2022,q95,warm_low_wind_other,BE,1950,149,0.029743589743589743,0.08674927873710911,-0.05700568899351937
