period,q,contrast,block_days,loss_difference,ci_low,ci_high,draws,calendar_days,common_days
development,q90,margin_at_G,7,-0.0005119260687569439,-0.0013013509001331197,0.0002658824453319982,2000,730,715
development,q90,dependence_at_base,7,6.7132077020623515e-06,-8.303382560519154e-09,1.7333460419459416e-05,2000,730,715
development,q90,margin_at_selected_dependence,7,-0.0005136024688226493,-0.0013031176005568789,0.00026385535931296123,2000,730,715
development,q90,dependence_at_calibrated,7,5.036807636357027e-06,-8.324072521218722e-08,1.3065631289405068e-05,2000,730,715
development,q90,interaction,7,-1.6764000657053246e-06,-5.15121055503151e-06,9.884407815349129e-08,2000,730,715
development,q90,combined,7,-0.0005068892611205869,-0.0012966347665064174,0.0002746175175577479,2000,730,715
development,q90,margin_at_G,14,-0.0005119260687569439,-0.001518789715145973,0.0003409562253094777,2000,730,715
development,q90,dependence_at_base,14,6.7132077020623515e-06,-2.0827927361558375e-07,1.886367049923611e-05,2000,730,715
development,q90,margin_at_selected_dependence,14,-0.0005136024688226493,-0.0015219924817907145,0.0003404510600715211,2000,730,715
development,q90,dependence_at_calibrated,14,5.036807636357027e-06,-3.0889995550880535e-07,1.407865511084821e-05,2000,730,715
development,q90,interaction,14,-1.6764000657053246e-06,-5.05964605238907e-06,8.35570435235749e-08,2000,730,715
development,q90,combined,14,-0.0005068892611205869,-0.0015089757389930326,0.000345873322866316,2000,730,715
development,q90,margin_at_G,28,-0.0005119260687569439,-0.00152358856545188,0.00041580133394948724,2000,730,715
development,q90,dependence_at_base,28,6.7132077020623515e-06,-2.821636417996501e-07,2.0773755142919864e-05,2000,730,715
development,q90,margin_at_selected_dependence,28,-0.0005136024688226493,-0.0015268518939918687,0.0004157966801513569,2000,730,715
development,q90,dependence_at_calibrated,28,5.036807636357027e-06,-4.014894878683409e-07,1.5856620039789933e-05,2000,730,715
development,q90,interaction,28,-1.6764000657053246e-06,-5.088910840369502e-06,7.77899831391239e-08,2000,730,715
development,q90,combined,28,-0.0005068892611205869,-0.0015173496485883053,0.0004252044768474349,2000,730,715
development,q95,margin_at_G,7,-0.0002174378650398011,-0.0007795276636256379,0.0003086718537634483,2000,730,715
development,q95,dependence_at_base,7,3.7622523333721153e-06,-4.811271202348737e-07,1.0698488358214844e-05,2000,730,715
development,q95,margin_at_selected_dependence,7,-0.0002167708340124943,-0.0007788302210652476,0.0003093322350047806,2000,730,715
development,q95,dependence_at_calibrated,7,4.4292833606789095e-06,-5.237225301710831e-07,1.2855868642289232e-05,2000,730,715
development,q95,interaction,7,6.670310273067942e-07,-1.7765867320238515e-07,2.2647040864269634e-06,2000,730,715
development,q95,combined,7,-0.00021300858167912218,-0.0007727700318915454,0.0003143318492047139,2000,730,715
development,q95,margin_at_G,14,-0.0002174378650398011,-0.0008926004663283903,0.0003849320446101875,2000,730,715
development,q95,dependence_at_base,14,3.7622523333721153e-06,-8.205268007238208e-07,1.1786785130688286e-05,2000,730,715
development,q95,margin_at_selected_dependence,14,-0.0002167708340124943,-0.0008925524830963082,0.00038494387001463445,2000,730,715
development,q95,dependence_at_calibrated,14,4.4292833606789095e-06,-8.356967724467995e-07,1.3859968619657576e-05,2000,730,715
development,q95,interaction,14,6.670310273067942e-07,-1.6005623485063418e-07,2.244102710417544e-06,2000,730,715
development,q95,combined,14,-0.00021300858167912218,-0.0008900568698831283,0.00038773270411927846,2000,730,715
development,q95,margin_at_G,28,-0.0002174378650398011,-0.0009854984106125756,0.00045482727312424613,2000,730,715
development,q95,dependence_at_base,28,3.7622523333721153e-06,-8.57503660617884e-07,1.231993316991152e-05,2000,730,715
development,q95,margin_at_selected_dependence,28,-0.0002167708340124943,-0.000985529720075537,0.00045526163871558557,2000,730,715
development,q95,dependence_at_calibrated,28,4.4292833606789095e-06,-9.00185441665138e-07,1.4393567020912161e-05,2000,730,715
development,q95,interaction,28,6.670310273067942e-07,-1.2097116450027546e-07,2.135399131139668e-06,2000,730,715
development,q95,combined,28,-0.00021300858167912218,-0.0009859054100413219,0.00045903694122702174,2000,730,715
reanalysis,q90,margin_at_G,7,0.0004073125096096947,-0.0002545089035195078,0.0011550487461931952,2000,731,725
reanalysis,q90,dependence_at_base,7,-4.470745201608228e-06,-9.790285798525841e-05,9.554440012453681e-05,2000,731,725
reanalysis,q90,margin_at_selected_dependence,7,0.00039251835871649543,-0.0002881705651365375,0.00114070961491081,2000,731,725
reanalysis,q90,dependence_at_calibrated,7,-1.926489609480747e-05,-0.00010187809144288403,6.767289752618587e-05,2000,731,725
reanalysis,q90,interaction,7,-1.4794150893199243e-05,-5.1644937285985976e-05,1.7177208090085593e-05,2000,731,725
reanalysis,q90,combined,7,0.0003880476135148872,-0.00030409094459548004,0.0011378716243946006,2000,731,725
reanalysis,q90,margin_at_G,14,0.0004073125096096947,-0.0003563696011259533,0.0011723793419033469,2000,731,725
reanalysis,q90,dependence_at_base,14,-4.470745201608228e-06,-9.344783562840256e-05,9.546620408921143e-05,2000,731,725
reanalysis,q90,margin_at_selected_dependence,14,0.00039251835871649543,-0.00036909995763295157,0.00115091411854151,2000,731,725
reanalysis,q90,dependence_at_calibrated,14,-1.926489609480747e-05,-0.00010049686615260632,6.900720820583387e-05,2000,731,725
reanalysis,q90,interaction,14,-1.4794150893199243e-05,-5.360172026949231e-05,1.6608683638309575e-05,2000,731,725
reanalysis,q90,combined,14,0.0003880476135148872,-0.00040715207335213153,0.0011992887112728956,2000,731,725
reanalysis,q90,margin_at_G,28,0.0004073125096096947,-0.0003692590112204606,0.001145946237865632,2000,731,725
reanalysis,q90,dependence_at_base,28,-4.470745201608228e-06,-9.316747941198606e-05,9.129696889474299e-05,2000,731,725
reanalysis,q90,margin_at_selected_dependence,28,0.00039251835871649543,-0.0003784394138593621,0.0011165597454723562,2000,731,725
reanalysis,q90,dependence_at_calibrated,28,-1.926489609480747e-05,-9.660377703884695e-05,6.037409924567399e-05,2000,731,725
reanalysis,q90,interaction,28,-1.4794150893199243e-05,-5.302650425499933e-05,1.4605133931655859e-05,2000,731,725
reanalysis,q90,combined,28,0.0003880476135148872,-0.00044323239728947004,0.0011665349346195494,2000,731,725
reanalysis,q95,margin_at_G,7,4.600366085328461e-05,-0.0004102759528985506,0.00047217994551397227,2000,731,725
reanalysis,q95,dependence_at_base,7,-3.743910060799438e-05,-9.136166927728798e-05,1.972498889923709e-05,2000,731,725
reanalysis,q95,margin_at_selected_dependence,7,3.8633370679448664e-05,-0.00042569326815291295,0.0004672568072015435,2000,731,725
reanalysis,q95,dependence_at_calibrated,7,-4.480939078183033e-05,-9.653748238247998e-05,1.010631339151533e-05,2000,731,725
reanalysis,q95,interaction,7,-7.370290173835947e-06,-2.910674134483163e-05,1.3837456691785473e-05,2000,731,725
reanalysis,q95,combined,7,1.1942700714542842e-06,-0.0004535130124500653,0.0004303418803932342,2000,731,725
reanalysis,q95,margin_at_G,14,4.600366085328461e-05,-0.00038583567971109764,0.00046435697937358876,2000,731,725
reanalysis,q95,dependence_at_base,14,-3.743910060799438e-05,-9.501081048015544e-05,1.6875604320184996e-05,2000,731,725
reanalysis,q95,margin_at_selected_dependence,14,3.8633370679448664e-05,-0.00039532098649996126,0.00045747454186258863,2000,731,725
reanalysis,q95,dependence_at_calibrated,14,-4.480939078183033e-05,-0.0001011161006976534,5.122185403141537e-06,2000,731,725
reanalysis,q95,interaction,14,-7.370290173835947e-06,-3.1747475008457074e-05,1.4449490743383386e-05,2000,731,725
reanalysis,q95,combined,14,1.1942700714542842e-06,-0.0004384821131056418,0.00042518996607153036,2000,731,725
reanalysis,q95,margin_at_G,28,4.600366085328461e-05,-0.00032036078803775474,0.0003992922920455296,2000,731,725
reanalysis,q95,dependence_at_base,28,-3.743910060799438e-05,-9.217020766256155e-05,1.4212523053507823e-05,2000,731,725
reanalysis,q95,margin_at_selected_dependence,28,3.8633370679448664e-05,-0.00033441832680589925,0.00038676041600568025,2000,731,725
reanalysis,q95,dependence_at_calibrated,28,-4.480939078183033e-05,-0.00010050272139185343,6.7327802439926775e-06,2000,731,725
reanalysis,q95,interaction,28,-7.370290173835947e-06,-3.3067674689652055e-05,1.5474266573830665e-05,2000,731,725
reanalysis,q95,combined,28,1.1942700714542842e-06,-0.0003644249930636298,0.0003590149448262931,2000,731,725
