persistence,drift,model,policy,BS_mean,probability_MAE_mean,N_mean,C_mean,processes_mean,utility_r005_mean,hits_mean,false_mean,changed_slots_mean,marginal_MAE_mean,BS_MCSE,probability_MAE_MCSE,N_MCSE,C_MCSE,processes_MCSE,utility_r005_MCSE,hits_MCSE,false_MCSE,changed_slots_MCSE,marginal_MAE_MCSE
0.0,False,margin_far,Gate,0.051412599448870305,0.0005296169732269034,62.77,2.9725,17.16,2.65865,27.0,35.77,2.52,0.0012257291666666666,0.00041783425946590423,5.1491074412528e-06,0.4909892321275109,0.07685457657062214,0.10921685218868475,0.07675901614892139,0.30515619074808187,0.3325005888776892,0.11857127759147316,1.0868078909976213e-05
0.0,False,margin_far,RiseCooldown,0.051412599448870305,0.0005296169732269034,62.77,4.8,17.16,4.48615,23.69,39.08,1.805,0.0012257291666666666,0.00041783425946590423,5.1491074412528e-06,0.4909892321275109,0.10050000311724576,0.10921685218868475,0.10017046470266014,0.2873868961351152,0.3471097996781155,0.11581654103773287,1.0868078909976213e-05
0.0,False,margin_far,Top2,0.051412599448870305,0.0005296169732269034,240.0,2.9725,17.16,1.7725,27.0025,212.9975,154.495,0.0012257291666666666,0.00041783425946590423,5.1491074412528e-06,0.0,0.07685457657062214,0.10921685218868475,0.07685457657062215,0.30518696250036714,0.3051869625003672,1.1441744952974713,1.0868078909976213e-05
0.0,False,margin_near,Gate,0.0514597362659125,0.0014908155970395315,62.77,2.97,17.16,2.6561500000000002,26.9975,35.7725,0.0,0.0012257291666666666,0.0004179507062004843,1.3218500456271758e-05,0.4909892321275109,0.07721824034257717,0.10921685218868475,0.07712200530981747,0.3047143933732407,0.33287215120466146,0.0,1.0868078909976213e-05
0.0,False,margin_near,RiseCooldown,0.0514597362659125,0.0014908155970395315,62.77,7.9075,17.16,7.59365,22.5225,40.2475,50.43,0.0012257291666666666,0.0004179507062004843,1.3218500456271758e-05,0.4909892321275109,0.11712880631241149,0.10921685218868475,0.1167601077021881,0.27264367002005574,0.3600377442967552,0.44714381801044983,1.0868078909976213e-05
0.0,False,margin_near,Top2,0.0514597362659125,0.0014908155970395315,240.0,2.9725,17.16,1.7725,27.0025,212.9975,0.0,0.0012257291666666666,0.0004179507062004843,1.3218500456271758e-05,0.0,0.07717999257017867,0.10921685218868475,0.07717999257017864,0.30487884832403256,0.30487884832403245,0.0,1.0868078909976213e-05
0.0,False,oracle,Gate,0.051402139301498846,0.0,62.77,2.97,17.16,2.6561500000000002,26.9975,35.7725,0.0,0.0012257291666666666,0.0004176425551839807,0.0,0.4909892321275109,0.07721824034257717,0.10921685218868475,0.07712200530981747,0.3047143933732407,0.33287215120466146,0.0,1.0868078909976213e-05
0.0,False,oracle,RiseCooldown,0.051402139301498846,0.0,62.77,4.8725,17.16,4.55865,23.62,39.15,0.0,0.0012257291666666666,0.0004176425551839807,0.0,0.4909892321275109,0.10126077095467836,0.10921685218868475,0.10092450685517321,0.2873943087846461,0.34878054658221036,0.0,1.0868078909976213e-05
0.0,False,oracle,Top2,0.051402139301498846,0.0,240.0,2.9725,17.16,1.7725,27.0025,212.9975,0.0,0.0012257291666666666,0.0004176425551839807,0.0,0.0,0.07717999257017867,0.10921685218868475,0.07717999257017864,0.30487884832403256,0.30487884832403245,0.0,1.0868078909976213e-05
0.0,False,wrong_dependence,Gate,0.05153484758413271,0.005563864847169601,62.77,2.97,17.16,2.6561500000000002,26.9975,35.7725,0.0,0.0012257291666666666,0.0004208923267559719,4.343874530293991e-05,0.4909892321275109,0.07721824034257717,0.10921685218868475,0.07712200530981747,0.3047143933732407,0.33287215120466146,0.0,1.0868078909976213e-05
0.0,False,wrong_dependence,RiseCooldown,0.05153484758413271,0.005563864847169601,62.77,4.8725,17.16,4.55865,23.5175,39.2525,0.73,0.0012257291666666666,0.0004208923267559719,4.343874530293991e-05,0.4909892321275109,0.10126077095467836,0.10921685218868475,0.10092450685517321,0.2865169528766393,0.3495028468767276,0.07437458535930419,1.0868078909976213e-05
0.0,False,wrong_dependence,Top2,0.05153484758413271,0.005563864847169601,240.0,2.9725,17.16,1.7725,27.0025,212.9975,0.0,0.0012257291666666666,0.0004208923267559719,4.343874530293991e-05,0.0,0.07717999257017867,0.10921685218868475,0.07717999257017864,0.30487884832403256,0.30487884832403245,0.0,1.0868078909976213e-05
0.0,True,margin_far,Gate,0.08754971196458977,0.0009923770109298829,105.57,2.5975,17.005,2.06965,48.4375,57.1325,10.4,0.0018627777777777779,0.00044310775939875095,7.617035012522084e-06,0.5145382629699665,0.07417877460233321,0.11503486449822645,0.07431163429253909,0.3407425686941695,0.36639866173787855,0.23904572186687875,1.2260753270948058e-05
0.0,True,margin_far,RiseCooldown,0.08754971196458977,0.0009923770109298829,105.57,5.6275,17.005,5.09965,42.0125,63.5575,8.785,0.0018627777777777779,0.00044310775939875095,7.617035012522084e-06,0.5145382629699665,0.10869173892378245,0.11503486449822645,0.10901571910177996,0.32810057045948515,0.3915034120913866,0.2596207712455907,1.2260753270948058e-05
0.0,True,margin_far,Top2,0.08754971196458977,0.0009923770109298829,240.0,2.5975,17.005,1.3975,48.445,191.555,179.83,0.0018627777777777779,0.00044310775939875095,7.617035012522084e-06,0.0,0.07417877460233321,0.11503486449822645,0.07417877460233323,0.34069064087813583,0.34069064087813594,0.7411822500704863,1.2260753270948058e-05
0.0,True,margin_near,Gate,0.08762523428526738,0.002265637663238344,105.57,2.55,17.005,2.02215,48.585,56.985,0.0,0.0018627777777777779,0.00044223222342022983,1.4912366210139801e-05,0.5145382629699665,0.07302109421599523,0.11503486449822645,0.07316726258741915,0.3505018779065813,0.3578681482457219,0.0,1.2260753270948058e-05
0.0,True,margin_near,RiseCooldown,0.08762523428526738,0.002265637663238344,105.57,8.4725,17.005,7.94465,40.4125,65.1575,76.64,0.0018627777777777779,0.00044223222342022983,1.4912366210139801e-05,0.5145382629699665,0.118778703166075,0.11503486449822645,0.11915852499484611,0.32746977036247676,0.39675277729428293,0.5044424202904343,1.2260753270948058e-05
0.0,True,margin_near,Top2,0.08762523428526738,0.002265637663238344,240.0,2.55,17.005,1.35,48.5925,191.4075,0.0,0.0018627777777777779,0.00044223222342022983,1.4912366210139801e-05,0.0,0.07302109421599523,0.11503486449822645,0.0730210942159952,0.3506401012098318,0.35064010120983197,0.0,1.2260753270948058e-05
0.0,True,oracle,Gate,0.08752279914531677,0.0,105.57,2.55,17.005,2.02215,48.585,56.985,0.0,0.0018627777777777779,0.0004425888276675874,0.0,0.5145382629699665,0.07302109421599523,0.11503486449822645,0.07316726258741915,0.3505018779065813,0.3578681482457219,0.0,1.2260753270948058e-05
0.0,True,oracle,RiseCooldown,0.08752279914531677,0.0,105.57,5.77,17.005,5.2421500000000005,42.135,63.435,0.0,0.0018627777777777779,0.0004425888276675874,0.0,0.5145382629699665,0.10710475512986606,0.11503486449822645,0.10741820782428109,0.3309316044397128,0.3947200873637179,0.0,1.2260753270948058e-05
0.0,True,oracle,Top2,0.08752279914531677,0.0,240.0,2.55,17.005,1.35,48.5925,191.4075,0.0,0.0018627777777777779,0.0004425888276675874,0.0,0.0,0.07302109421599523,0.11503486449822645,0.0730210942159952,0.3506401012098318,0.35064010120983197,0.0,1.2260753270948058e-05
0.0,True,wrong_dependence,Gate,0.08771841684485095,0.009008034388188603,105.57,2.55,17.005,2.02215,48.585,56.985,0.0,0.0018627777777777779,0.0004463274053631272,4.5802241920582735e-05,0.5145382629699665,0.07302109421599523,0.11503486449822645,0.07316726258741915,0.3505018779065813,0.3578681482457219,0.0,1.2260753270948058e-05
0.0,True,wrong_dependence,RiseCooldown,0.08771841684485095,0.009008034388188603,105.57,5.77,17.005,5.2421500000000005,41.785,63.785,3.84,0.0018627777777777779,0.0004463274053631272,4.5802241920582735e-05,0.5145382629699665,0.10710475512986606,0.11503486449822645,0.10741820782428109,0.3283351144310049,0.39270852736943673,0.16599664821328503,1.2260753270948058e-05
0.0,True,wrong_dependence,Top2,0.08771841684485095,0.009008034388188603,240.0,2.55,17.005,1.35,48.5925,191.4075,0.0,0.0018627777777777779,0.0004463274053631272,4.5802241920582735e-05,0.0,0.07302109421599523,0.11503486449822645,0.0730210942159952,0.3506401012098318,0.35064010120983197,0.0,1.2260753270948058e-05
0.65,False,margin_far,Gate,0.05114167891459436,0.0005257826834255249,62.555,1.32,7.6925,1.007225,26.8475,35.7075,2.71,0.0012213541666666668,0.000884929941071415,1.0834636225678652e-05,1.0660187274707211,0.05535485887437981,0.09091492277375254,0.05517144727959211,0.526965217282473,0.6749397889231894,0.19282817939014338,2.3953267485023096e-05
0.65,False,margin_far,RiseCooldown,0.05114167891459436,0.0005257826834255249,62.555,2.2,7.6925,1.887225,23.475,39.08,9.85,0.0012213541666666668,0.000884929941071415,1.0834636225678652e-05,1.0660187274707211,0.06430659644130346,0.09091492277375254,0.06361391907584352,0.4545491996883763,0.7182696417053204,0.6574758064676037,2.3953267485023096e-05
0.65,False,margin_far,Top2,0.05114167891459436,0.0005257826834255249,240.0,1.33,7.6925,0.13000000000000003,26.86,213.14,146.56,0.0012213541666666668,0.000884929941071415,1.0834636225678652e-05,0.0,0.05554695004361508,0.09091492277375254,0.05554695004361508,0.5269679668587435,0.5269679668587437,2.130037240664243,2.3953267485023096e-05
0.65,False,margin_near,Gate,0.0511860563475736,0.0014854944229870408,62.555,1.3175,7.6925,1.0047249999999999,26.945,35.61,0.0,0.0012213541666666668,0.0008849427918592986,2.913360123741226e-05,1.0660187274707211,0.05567300138044261,0.09091492277375254,0.05549936043287927,0.5290246735863631,0.6728123372105753,0.0,2.3953267485023096e-05
0.65,False,margin_near,RiseCooldown,0.0511860563475736,0.0014854944229870408,62.555,3.555,7.6925,3.2422250000000004,22.515,40.04,50.25,0.0012213541666666668,0.0008849427918592986,2.913360123741226e-05,1.0660187274707211,0.07831200050796108,0.09091492277375254,0.07722295942330057,0.46672424009336266,0.7273882968097847,0.9855058622409499,2.3953267485023096e-05
0.65,False,margin_near,Top2,0.0511860563475736,0.0014854944229870408,240.0,1.3325,7.6925,0.13250000000000003,26.9625,213.0375,0.0,0.0012213541666666668,0.0008849427918592986,2.913360123741226e-05,0.0,0.055678628297784125,0.09091492277375254,0.05567862829778412,0.5288567462177732,0.5288567462177732,0.0,2.3953267485023096e-05
0.65,False,oracle,Gate,0.051128214207340615,0.0,62.555,1.3175,7.6925,1.0047249999999999,26.945,35.61,0.0,0.0012213541666666668,0.000884482392111477,0.0,1.0660187274707211,0.05567300138044261,0.09091492277375254,0.05549936043287927,0.5290246735863631,0.6728123372105753,0.0,2.3953267485023096e-05
0.65,False,oracle,RiseCooldown,0.051128214207340615,0.0,62.555,2.2175,7.6925,1.904725,23.7975,38.7575,0.0,0.0012213541666666668,0.000884482392111477,0.0,1.0660187274707211,0.0646989122638109,0.09091492277375254,0.06407792922271426,0.47198852453553675,0.7031502578309413,0.0,2.3953267485023096e-05
0.65,False,oracle,Top2,0.051128214207340615,0.0,240.0,1.3325,7.6925,0.13250000000000003,26.9625,213.0375,0.0,0.0012213541666666668,0.000884482392111477,0.0,0.0,0.055678628297784125,0.09091492277375254,0.05567862829778412,0.5288567462177732,0.5288567462177732,0.0,2.3953267485023096e-05
0.65,False,wrong_dependence,Gate,0.051251298852089115,0.0055447384961739,62.555,1.3175,7.6925,1.0047249999999999,26.945,35.61,0.0,0.0012213541666666668,0.0008879096982888357,9.511717005649705e-05,1.0660187274707211,0.05567300138044261,0.09091492277375254,0.05549936043287927,0.5290246735863631,0.6728123372105753,0.0,2.3953267485023096e-05
0.65,False,wrong_dependence,RiseCooldown,0.051251298852089115,0.0055447384961739,62.555,2.2175,7.6925,1.904725,23.2375,39.3175,13.63,0.0012213541666666668,0.0008879096982888357,9.511717005649705e-05,1.0660187274707211,0.0646989122638109,0.09091492277375254,0.06407792922271426,0.45173320843614084,0.7151365499593204,0.8105555197681198,2.3953267485023096e-05
0.65,False,wrong_dependence,Top2,0.051251298852089115,0.0055447384961739,240.0,1.3325,7.6925,0.13250000000000003,26.9625,213.0375,0.0,0.0012213541666666668,0.0008879096982888357,9.511717005649705e-05,0.0,0.055678628297784125,0.09091492277375254,0.05567862829778412,0.5288567462177732,0.5288567462177732,0.0,2.3953267485023096e-05
0.65,True,margin_far,Gate,0.08614269548852777,0.0009723696591696521,103.59,1.515,9.055,0.99705,47.2525,56.3375,10.17,0.0018460069444444446,0.0010119163421214148,1.6932927163339264e-05,1.2005761983398016,0.057403618689038184,0.09206588846879651,0.05780316824706494,0.6638513432160279,0.7325301943189596,0.37760324485670926,2.688542338137059e-05
0.65,True,margin_far,RiseCooldown,0.08614269548852777,0.0009723696591696521,103.59,2.9875,9.055,2.46955,41.1,62.49,29.885,0.0018460069444444446,0.0010119163421214148,1.6932927163339264e-05,1.2005761983398016,0.08083746727408161,0.09206588846879651,0.08122222366935347,0.5601423020056963,0.8249248465807446,1.166788509570249,2.688542338137059e-05
0.65,True,margin_far,Top2,0.08614269548852777,0.0009723696591696521,240.0,1.52,9.055,0.32,47.265,192.735,170.615,0.0018460069444444446,0.0010119163421214148,1.6932927163339264e-05,0.0,0.05750885297435574,0.09206588846879651,0.05750885297435572,0.6640892061193365,0.6640892061193368,1.4369033250060812,2.688542338137059e-05
0.65,True,margin_near,Gate,0.08619301466370098,0.0022452398293704625,103.59,1.4975,9.055,0.97955,47.295,56.295,0.0,0.0018460069444444446,0.0010113265193575855,3.26998896656414e-05,1.2005761983398016,0.057626264331918406,0.09206588846879651,0.058019351138359834,0.6630849429779039,0.7345961586414177,0.0,2.688542338137059e-05
0.65,True,margin_near,RiseCooldown,0.08619301466370098,0.0022452398293704625,103.59,4.55,9.055,4.03205,40.2675,63.3225,75.95,0.0018460069444444446,0.0010113265193575855,3.26998896656414e-05,1.2005761983398016,0.08689145707883605,0.09206588846879651,0.08739724073430422,0.5875610004059111,0.798194224123151,1.1061431334049616,2.688542338137059e-05
0.65,True,margin_near,Top2,0.08619301466370098,0.0022452398293704625,240.0,1.5025,9.055,0.30250000000000005,47.305,192.695,0.0,0.0018460069444444446,0.0010113265193575855,3.26998896656414e-05,0.0,0.0576262643319184,0.09206588846879651,0.057626264331918385,0.6629885534872664,0.6629885534872664,0.0,2.688542338137059e-05
0.65,True,oracle,Gate,0.08611548796789713,0.0,103.59,1.4975,9.055,0.97955,47.295,56.295,0.0,0.0018460069444444446,0.0010110853548264743,0.0,1.2005761983398016,0.057626264331918406,0.09206588846879651,0.058019351138359834,0.6630849429779039,0.7345961586414177,0.0,2.688542338137059e-05
0.65,True,oracle,RiseCooldown,0.08611548796789713,0.0,103.59,3.07,9.055,2.55205,41.8525,61.7375,0.0,0.0018460069444444446,0.0010110853548264743,0.0,1.2005761983398016,0.08118946559319304,0.09206588846879651,0.08140435286527083,0.5859053439380273,0.8155653569786783,0.0,2.688542338137059e-05
0.65,True,oracle,Top2,0.08611548796789713,0.0,240.0,1.5025,9.055,0.30250000000000005,47.305,192.695,0.0,0.0018460069444444446,0.0010110853548264743,0.0,0.0,0.0576262643319184,0.09206588846879651,0.057626264331918385,0.6629885534872664,0.6629885534872664,0.0,2.688542338137059e-05
0.65,True,wrong_dependence,Gate,0.08634195908600097,0.008868429494353201,103.59,1.4975,9.055,0.97955,47.295,56.295,0.0,0.0018460069444444446,0.0010145046883030687,0.00010433498613868983,1.2005761983398016,0.057626264331918406,0.09206588846879651,0.058019351138359834,0.6630849429779039,0.7345961586414177,0.0,2.688542338137059e-05
0.65,True,wrong_dependence,RiseCooldown,0.08634195908600097,0.008868429494353201,103.59,3.07,9.055,2.55205,40.6275,62.9625,32.295,0.0018460069444444446,0.0010145046883030687,0.00010433498613868983,1.2005761983398016,0.08118946559319304,0.09206588846879651,0.08140435286527083,0.5518906754685868,0.8201046662065972,1.2628318566799044,2.688542338137059e-05
0.65,True,wrong_dependence,Top2,0.08634195908600097,0.008868429494353201,240.0,1.5025,9.055,0.30250000000000005,47.305,192.695,0.0,0.0018460069444444446,0.0010145046883030687,0.00010433498613868983,0.0,0.0576262643319184,0.09206588846879651,0.057626264331918385,0.6629885534872664,0.6629885534872664,0.0,2.688542338137059e-05
0.9,False,margin_far,Gate,0.04897672079044133,0.0016630217596524163,59.74,0.42,2.5625,0.12129999999999999,25.6275,34.1125,2.22,0.0011642361111111111,0.0016518563672661927,0.00020603436270800858,1.9933048337875974,0.03059968712471297,0.06204723219093977,0.03141967959200348,0.95567654230329,1.1936862345026442,0.27361682224149486,4.4170835780093875e-05
0.9,False,margin_far,RiseCooldown,0.04897672079044133,0.0016630217596524163,59.74,0.6375,2.5625,0.33880000000000005,22.6875,37.0525,15.865,0.0011642361111111111,0.0016518563672661927,0.00020603436270800858,1.9933048337875974,0.03749999999999999,0.06204723219093977,0.03715002302188136,0.8362478013952239,1.2768418744330732,1.725869636590859,4.4170835780093875e-05
0.9,False,margin_far,Top2,0.04897672079044133,0.0016630217596524163,240.0,0.4375,2.5625,-0.7625,25.645,214.355,121.25,0.0011642361111111111,0.0016518563672661927,0.00020603436270800858,0.0,0.03090505105077692,0.06204723219093977,0.030905051050776917,0.9551456409829454,0.9551456409829454,3.45786579259505,4.4170835780093875e-05
0.9,False,margin_near,Gate,0.04900024443481212,0.0014160235395239652,59.74,0.4175,2.5625,0.11879999999999999,25.6725,34.0675,0.0,0.0011642361111111111,0.0016531662781488943,5.372358976682785e-05,1.9933048337875974,0.03058304565775392,0.06204723219093977,0.03141370644131241,0.9590163660495465,1.1914355442133824,0.0,4.4170835780093875e-05
0.9,False,margin_near,RiseCooldown,0.04900024443481212,0.0014160235395239652,59.74,1.0925,2.5625,0.7938,21.755,37.985,47.9,0.0011642361111111111,0.0016531662781488943,5.372358976682785e-05,1.9933048337875974,0.04720094488455699,0.06204723219093977,0.045235018705569625,0.8312354168920736,1.3053579339934307,1.8173143863810044,4.4170835780093875e-05
0.9,False,margin_near,Top2,0.04900024443481212,0.0014160235395239652,240.0,0.4375,2.5625,-0.7625,25.6925,214.3075,0.0,0.0011642361111111111,0.0016531662781488943,5.372358976682785e-05,0.0,0.031107129548898098,0.06204723219093977,0.031107129548898098,0.9582094095532515,0.9582094095532516,0.0,4.4170835780093875e-05
0.9,False,oracle,Gate,0.04894599177784613,0.0,59.74,0.4175,2.5625,0.11879999999999999,25.6725,34.0675,0.0,0.0011642361111111111,0.0016518725719076772,0.0,1.9933048337875974,0.03058304565775392,0.06204723219093977,0.03141370644131241,0.9590163660495465,1.1914355442133824,0.0,4.4170835780093875e-05
0.9,False,oracle,RiseCooldown,0.04894599177784613,0.0,59.74,0.655,2.5625,0.3563,22.955,36.785,0.0,0.0011642361111111111,0.0016518725719076772,0.0,1.9933048337875974,0.037828759398029224,0.06204723219093977,0.03732117965884546,0.8558628339145183,1.2706773744640834,0.0,4.4170835780093875e-05
0.9,False,oracle,Top2,0.04894599177784613,0.0,240.0,0.4375,2.5625,-0.7625,25.6925,214.3075,0.0,0.0011642361111111111,0.0016518725719076772,0.0,0.0,0.031107129548898098,0.06204723219093977,0.031107129548898098,0.9582094095532515,0.9582094095532516,0.0,4.4170835780093875e-05
0.9,False,wrong_dependence,Gate,0.049072816674452735,0.0052945713708552,59.74,0.4175,2.5625,0.11879999999999999,25.6725,34.0675,0.0,0.0011642361111111111,0.0016565165394737485,0.00017615876077582714,1.9933048337875974,0.03058304565775392,0.06204723219093977,0.03141370644131241,0.9590163660495465,1.1914355442133824,0.0,4.4170835780093875e-05
0.9,False,wrong_dependence,RiseCooldown,0.049072816674452735,0.0052945713708552,59.74,0.655,2.5625,0.3563,22.4675,37.2725,20.39,0.0011642361111111111,0.0016565165394737485,0.00017615876077582714,1.9933048337875974,0.037828759398029224,0.06204723219093977,0.03732117965884546,0.8302080902145219,1.2746204346809544,2.0103914879537994,4.4170835780093875e-05
0.9,False,wrong_dependence,Top2,0.049072816674452735,0.0052945713708552,240.0,0.4375,2.5625,-0.7625,25.6925,214.3075,0.0,0.0011642361111111111,0.0016565165394737485,0.00017615876077582714,0.0,0.031107129548898098,0.06204723219093977,0.031107129548898098,0.9582094095532515,0.9582094095532516,0.0,4.4170835780093875e-05
0.9,True,margin_far,Gate,0.08633246188023888,0.0009766926990564997,103.69,0.5475,3.395,0.02904999999999999,48.04,55.65,9.225,0.001798246527777778,0.0018577726722374091,4.651185230474007e-05,2.1973462577484453,0.03567268880834526,0.05857486694473992,0.036073202430390916,1.2099041988628956,1.2889082438842894,0.5911828654918273,4.976948557117828e-05
0.9,True,margin_far,RiseCooldown,0.08633246188023888,0.0009766926990564997,103.69,1.085,3.395,0.56655,41.7625,61.9275,44.02,0.001798246527777778,0.0018577726722374091,4.651185230474007e-05,2.1973462577484453,0.04796027491502536,0.05857486694473992,0.04806725909850808,1.0213339522310758,1.3644035701105168,2.6392542806434425,4.976948557117828e-05
0.9,True,margin_far,Top2,0.08633246188023888,0.0009766926990564997,240.0,0.5525,3.395,-0.6475,48.045,191.955,141.82,0.001798246527777778,0.0018577726722374091,4.651185230474007e-05,0.0,0.03565512016506132,0.05857486694473992,0.03565512016506131,1.2097794647717655,1.2097794647717655,2.6780868868342536,4.976948557117828e-05
0.9,True,margin_near,Gate,0.08639920827275877,0.0021871475265235825,103.69,0.5475,3.395,0.02904999999999999,48.2325,55.4575,0.0,0.001798246527777778,0.001858206346029551,6.053272596601713e-05,2.1973462577484453,0.03549661108466891,0.05857486694473992,0.03582745819412299,1.2154894676590065,1.2843361252341436,0.0,4.976948557117828e-05
0.9,True,margin_near,RiseCooldown,0.08639920827275877,0.0021871475265235825,103.69,1.67,3.395,1.15155,41.315,62.375,74.075,0.001798246527777778,0.001858206346029551,6.053272596601713e-05,2.1973462577484453,0.05588432377787421,0.05857486694473992,0.05589745349313816,1.0713935541479027,1.4053196240051709,2.059956185508696,4.976948557117828e-05
0.9,True,margin_near,Top2,0.08639920827275877,0.0021871475265235825,240.0,0.5575,3.395,-0.6425,48.2425,191.7575,0.0,0.001798246527777778,0.001858206346029551,6.053272596601713e-05,0.0,0.03581117808995505,0.05857486694473992,0.03581117808995505,1.215206175716182,1.2152061757161818,0.0,4.976948557117828e-05
0.9,True,oracle,Gate,0.08630537847767933,0.0,103.69,0.5475,3.395,0.02904999999999999,48.2325,55.4575,0.0,0.001798246527777778,0.0018567943954484196,0.0,2.1973462577484453,0.03549661108466891,0.05857486694473992,0.03582745819412299,1.2154894676590065,1.2843361252341436,0.0,4.976948557117828e-05
0.9,True,oracle,RiseCooldown,0.08630537847767933,0.0,103.69,1.105,3.395,0.58655,43.19,60.5,0.0,0.001798246527777778,0.0018567943954484196,0.0,2.1973462577484453,0.04799161894249664,0.05857486694473992,0.047876252805610905,1.1002436503909319,1.3509673504400055,0.0,4.976948557117828e-05
0.9,True,oracle,Top2,0.08630537847767933,0.0,240.0,0.5575,3.395,-0.6425,48.2425,191.7575,0.0,0.001798246527777778,0.0018567943954484196,0.0,0.0,0.03581117808995505,0.05857486694473992,0.03581117808995505,1.215206175716182,1.2152061757161818,0.0,4.976948557117828e-05
0.9,True,wrong_dependence,Gate,0.08651111502902087,0.008804127245288703,103.69,0.5475,3.395,0.02904999999999999,48.2325,55.4575,0.0,0.001798246527777778,0.0018609657207881436,0.00018952551897030807,2.1973462577484453,0.03549661108466891,0.05857486694473992,0.03582745819412299,1.2154894676590065,1.2843361252341436,0.0,4.976948557117828e-05
0.9,True,wrong_dependence,RiseCooldown,0.08651111502902087,0.008804127245288703,103.69,1.105,3.395,0.58655,41.415,62.275,51.585,0.001798246527777778,0.0018609657207881436,0.00018952551897030807,2.1973462577484453,0.04799161894249664,0.05857486694473992,0.047876252805610905,1.010344707796022,1.3601602948068006,3.0544095963796574,4.976948557117828e-05
0.9,True,wrong_dependence,Top2,0.08651111502902087,0.008804127245288703,240.0,0.5575,3.395,-0.6425,48.2425,191.7575,0.0,0.001798246527777778,0.0018609657207881436,0.00018952551897030807,0.0,0.03581117808995505,0.05857486694473992,0.03581117808995505,1.215206175716182,1.2152061757161818,0.0,4.976948557117828e-05
