period,q,model,hours,days,event_hours,Brier
development,q90,M0,17160,715,675,0.029064210146229865
development,q90,M1,17160,715,675,0.02855228407747292
development,q90,M2,17160,715,675,0.029070923353931927
development,q90,M3,17160,715,675,0.028557320885109278
development,q95,M0,17160,715,308,0.01439847795635417
development,q95,M1,17160,715,308,0.014181040091314368
development,q95,M2,17160,715,308,0.014402240208687541
development,q95,M3,17160,715,308,0.014185469374675047
reanalysis,q90,M0,17400,725,2105,0.06019061188553459
reanalysis,q90,M1,17400,725,2105,0.06059792439514428
reanalysis,q90,M2,17400,725,2105,0.06018614114033298
reanalysis,q90,M3,17400,725,2105,0.060578659499049475
reanalysis,q95,M0,17400,725,1001,0.037109447581610985
reanalysis,q95,M1,17400,725,1001,0.03715545124246427
reanalysis,q95,M2,17400,725,1001,0.03707200848100299
reanalysis,q95,M3,17400,725,1001,0.03711064185168244
